ts_utc,run_id,row_type,trial_number,trial_state,value,mode,feature_space,clip_weight,dino_weight,alpha,dino_alpha,bias_alpha,sigma2,graph_knn_k,graph_lambda_smooth,graph_lambda_prior,graph_jitter,n_steps,final_diag_sum,best_step_diag_sum,auc_diag_sum,final_mean_uncertainty,diag_sum_json,error
2026-03-07T13:13:49Z,52b1b31a5fe2,trial,0,ok,2.450927257537842,,clip_dino,0.27547650794153833,0.7245234920584617,9.277865234930474,449.3091099417044,0.2610299194828734,0.06336221460260559,,,,,25,2.450927257537842,2.450927257537842,2.075164318084717,,"[1.6256506443023682, 1.625562071800232, 1.6596535444259644, 1.716839075088501, 1.7491481304168701, 1.794977068901062, 1.853398084640503, 1.9108428955078125, 1.9681131839752197, 1.989382266998291, 2.0350804328918457, 2.0986247062683105, 2.152162551879883, 2.1691977977752686, 2.2020044326782227, 2.2413344383239746, 2.25846529006958, 2.283006191253662, 2.3028416633605957, 2.294410228729248, 2.294591188430786, 2.3570218086242676, 2.40285587310791, 2.4430172443389893, 2.450927257537842]",
2026-03-07T13:13:51Z,52b1b31a5fe2,trial,1,ok,2.848513126373291,,clip_dino,0.890040395390136,0.10995960460986398,2.9115897440081735,299.3791026659765,1.0649522616178686,0.3171060331091172,,,,,25,2.848513126373291,2.848513126373291,2.3104729652404785,,"[1.625650405883789, 1.6210918426513672, 1.6749552488327026, 1.7579030990600586, 1.8113641738891602, 1.8870470523834229, 1.9737786054611206, 2.0660548210144043, 2.160183906555176, 2.1945950984954834, 2.2657365798950195, 2.355881452560425, 2.4427242279052734, 2.4666833877563477, 2.51118540763855, 2.573052167892456, 2.596015453338623, 2.629786491394043, 2.6555519104003906, 2.640723705291748, 2.6387453079223633, 2.729729175567627, 2.7911453247070312, 2.843722105026245, 2.848513126373291]",
2026-03-07T13:13:52Z,52b1b31a5fe2,trial,2,ok,3.4030494689941406,,clip_dino,0.3419812716956394,0.6580187283043606,8.524067070711263,6.365730030257815,2.912499786651918,0.006453901913776747,,,,,25,3.4030494689941406,3.4030556678771973,2.744328498840332,,"[1.6256506443023682, 1.6283787488937378, 1.7290973663330078, 1.8747917413711548, 1.9389519691467285, 2.0864906311035156, 2.226012706756592, 2.411106586456299, 2.6205506324768066, 2.646195411682129, 2.750115394592285, 2.859266996383667, 3.0249381065368652, 3.031954526901245, 3.104802131652832, 3.2498397827148438, 3.26126766204834, 3.24442195892334, 3.27937650680542, 3.266822576522827, 3.247065544128418, 3.322401523590088, 3.3726134300231934, 3.4030556678771973, 3.4030494689941406]",
2026-03-07T13:13:54Z,52b1b31a5fe2,trial,3,ok,1.7287719249725342,,clip_dino,0.4560541142108684,0.5439458857891316,20.710614754857648,9.724116469839839,1.6017189894477681,0.6662966936100345,,,,,25,1.7287719249725342,1.7287719249725342,1.6790138483047485,,"[1.6256505250930786, 1.6263725757598877, 1.630289077758789, 1.6368896961212158, 1.6400744915008545, 1.644161343574524, 1.6495161056518555, 1.6566839218139648, 1.6626578569412231, 1.6658432483673096, 1.6710941791534424, 1.6784203052520752, 1.6847293376922607, 1.6880035400390625, 1.6934118270874023, 1.6988078355789185, 1.7014968395233154, 1.7040212154388428, 1.7064037322998047, 1.7073034048080444, 1.708284854888916, 1.7166296243667603, 1.7221791744232178, 1.7276537418365479, 1.7287719249725342]",
2026-03-07T13:13:55Z,52b1b31a5fe2,trial,4,ok,3.3017184734344482,,clip_dino,0.12447445403377388,0.8755255459662261,1.9247877806724858,4.264405315521018,1.3723289068204898,0.017452606493717524,,,,,25,3.3017184734344482,3.3017184734344482,2.6562869548797607,,"[1.6256505250930786, 1.628650426864624, 1.7177841663360596, 1.8519926071166992, 1.907134771347046, 2.036562204360962, 2.1604764461517334, 2.3326504230499268, 2.5240821838378906, 2.5452589988708496, 2.639319896697998, 2.741480827331543, 2.893726348876953, 2.9060912132263184, 2.9799938201904297, 3.1192798614501953, 3.135678768157959, 3.122708797454834, 3.159919261932373, 3.156680107116699, 3.1413912773132324, 3.215040445327759, 3.265235424041748, 3.298666477203369, 3.3017184734344482]",
2026-03-07T13:13:57Z,52b1b31a5fe2,trial,5,ok,3.266796112060547,,clip_dino,0.8734926156171888,0.12650738438281117,2.235694589211834,1.3408212568685256,0.8186552455176156,0.18603783100725202,,,,,25,3.266796112060547,3.2717514038085938,2.60018253326416,,"[1.6256505250930786, 1.6217730045318604, 1.7112617492675781, 1.836126446723938, 1.9097225666046143, 2.026501178741455, 2.148139476776123, 2.2841482162475586, 2.430849075317383, 2.478398561477661, 2.5744123458862305, 2.6819143295288086, 2.811854362487793, 2.8415017127990723, 2.9003047943115234, 2.9887595176696777, 3.0121116638183594, 3.045271396636963, 3.0715227127075195, 3.0508124828338623, 3.0440616607666016, 3.1516342163085938, 3.219280242919922, 3.2717514038085938, 3.266796112060547]",
2026-03-07T13:13:58Z,52b1b31a5fe2,trial,6,ok,2.9290008544921875,,clip_dino,0.8035065273510372,0.19649347264896277,39.78214252674,25.888101870249287,0.8102484995041584,0.019554940825620013,,,,,25,2.9290008544921875,2.9290008544921875,2.3692798614501953,,"[1.6256505250930786, 1.6255781650543213, 1.688786506652832, 1.7873618602752686, 1.83998703956604, 1.9209790229797363, 2.0142929553985596, 2.1137166023254395, 2.217144250869751, 2.2519378662109375, 2.3243725299835205, 2.4157681465148926, 2.510260820388794, 2.5375828742980957, 2.5880322456359863, 2.65413236618042, 2.6780383586883545, 2.7114901542663574, 2.735823154449463, 2.7247490882873535, 2.721841812133789, 2.8137478828430176, 2.875185489654541, 2.9265360832214355, 2.9290008544921875]",
2026-03-07T13:13:59Z,52b1b31a5fe2,trial,7,ok,2.4325404167175293,,clip_dino,0.5064226245598669,0.49357737544013314,22.164149540681926,21.44010956365218,0.37202951020181185,0.054508797528608606,,,,,25,2.4325404167175293,2.4325404167175293,2.0661323070526123,,"[1.6256506443023682, 1.6257383823394775, 1.6597743034362793, 1.7191293239593506, 1.7483692169189453, 1.7909650802612305, 1.8438453674316406, 1.9022836685180664, 1.9589369297027588, 1.9802484512329102, 2.023226499557495, 2.0819034576416016, 2.1357903480529785, 2.156104326248169, 2.1913442611694336, 2.231964349746704, 2.2499144077301025, 2.2706196308135986, 2.2883353233337402, 2.2870125770568848, 2.286792278289795, 2.3466036319732666, 2.3894691467285156, 2.4267425537109375, 2.4325404167175293]",
2026-03-07T13:14:01Z,52b1b31a5fe2,trial,8,ok,3.5716845989227295,,clip_dino,0.8519430885671622,0.14805691143283783,5.3735215506371015,1.1547156520653645,0.4218044501274547,0.015291469770272913,,,,,25,3.5716845989227295,3.5900213718414307,2.8945095539093018,,"[1.6256505250930786, 1.6257877349853516, 1.7595386505126953, 1.9351153373718262, 2.020745277404785, 2.1958000659942627, 2.3606784343719482, 2.5532150268554688, 2.7771170139312744, 2.82820200920105, 2.9477694034576416, 3.0612597465515137, 3.237947940826416, 3.2529854774475098, 3.318227767944336, 3.4419608116149902, 3.449331760406494, 3.44221568107605, 3.4646694660186768, 3.433687686920166, 3.409585475921631, 3.5010857582092285, 3.5584564208984375, 3.5900213718414307, 3.5716845989227295]",
2026-03-07T13:14:02Z,52b1b31a5fe2,trial,9,ok,2.8598475456237793,,clip_dino,0.26210137782928977,0.7378986221707102,37.304342045021514,103.73877316416024,2.5871894709051584,0.007817341619201893,,,,,25,2.8598475456237793,2.8598475456237793,2.328864097595215,,"[1.6256506443023682, 1.6258244514465332, 1.685328722000122, 1.7810399532318115, 1.8282499313354492, 1.9023569822311401, 1.987579584121704, 2.083779811859131, 2.1826674938201904, 2.2146859169006348, 2.2817940711975098, 2.3665595054626465, 2.4570798873901367, 2.485585927963257, 2.536649227142334, 2.602581024169922, 2.626887798309326, 2.6526451110839844, 2.6758270263671875, 2.6720776557922363, 2.6680235862731934, 2.751802444458008, 2.8096132278442383, 2.857463836669922, 2.8598475456237793]",
2026-03-07T13:14:03Z,52b1b31a5fe2,trial,10,ok,2.223691701889038,,clip_dino,0.6877241577602556,0.31227584223974436,178.51818833272577,1.5851507841199508,0.4736288377244953,0.025940225084951585,,,,,25,2.223691701889038,2.2289443016052246,1.9499692916870117,,"[1.625650405883789, 1.627514362335205, 1.6486537456512451, 1.708266019821167, 1.6892412900924683, 1.7113724946975708, 1.6898127794265747, 1.7992290258407593, 1.8804223537445068, 1.871644377708435, 1.8966710567474365, 1.9233038425445557, 1.9553351402282715, 1.9699997901916504, 2.0233726501464844, 2.1135599613189697, 2.1293458938598633, 2.100648880004883, 2.1261324882507324, 2.1925153732299805, 2.1790027618408203, 2.217465400695801, 2.217439651489258, 2.2289443016052246, 2.223691701889038]",
2026-03-07T13:14:05Z,52b1b31a5fe2,trial,11,ok,3.5835952758789062,,clip_dino,0.5514166087459981,0.44858339125400193,4.511342263015027,3.8845156398416414,3.4298820555960177,0.005316890388936995,,,,,25,3.5835952758789062,3.6036877632141113,2.919512987136841,,"[1.6256505250930786, 1.6238752603530884, 1.7593994140625, 1.93340003490448, 2.023102045059204, 2.2077796459198, 2.375523090362549, 2.5775842666625977, 2.812971591949463, 2.8641228675842285, 2.989793539047241, 3.1038432121276855, 3.2882513999938965, 3.2968974113464355, 3.3607075214385986, 3.4918673038482666, 3.4938454627990723, 3.474759817123413, 3.498490810394287, 3.464707374572754, 3.4353907108306885, 3.5221128463745117, 3.576465606689453, 3.6036877632141113, 3.5835952758789062]",
2026-03-07T13:14:06Z,52b1b31a5fe2,trial,12,ok,3.3887078762054443,,clip_dino,0.61385010672629,0.38614989327370997,6.163947574547153,1.0026640335029473,0.5084886675571332,0.005875854643868949,,,,,25,3.3887078762054443,3.3887078762054443,2.73148775100708,,"[1.625650405883789, 1.6283186674118042, 1.709308385848999, 1.8460947275161743, 1.8978890180587769, 2.048912525177002, 2.186384439468384, 2.3928184509277344, 2.613527536392212, 2.626211404800415, 2.733827590942383, 2.846851348876953, 3.027470588684082, 3.015479564666748, 3.0951504707336426, 3.2630512714385986, 3.26662540435791, 3.241311550140381, 3.282865285873413, 3.265648126602173, 3.2434048652648926, 3.31128191947937, 3.35317325592041, 3.3772265911102295, 3.3887078762054443]",
2026-03-07T13:14:07Z,52b1b31a5fe2,trial,13,ok,3.5809988975524902,,clip_dino,0.6966771100147345,0.30332288998526546,4.143761596517673,2.9757648132932895,3.7681823720499583,0.015939400405541336,,,,,25,3.5809988975524902,3.6007168292999268,2.891929864883423,,"[1.6256506443023682, 1.6201426982879639, 1.7528433799743652, 1.9203438758850098, 2.0132813453674316, 2.18888258934021, 2.350071430206299, 2.5414016246795654, 2.761936664581299, 2.8196024894714355, 2.943086862564087, 3.0559439659118652, 3.235299587249756, 3.2537765502929688, 3.3178749084472656, 3.4391229152679443, 3.447160243988037, 3.4439077377319336, 3.466912269592285, 3.4335451126098633, 3.410670757293701, 3.507767915725708, 3.5673000812530518, 3.6007168292999268, 3.5809988975524902]",
2026-03-07T13:14:09Z,52b1b31a5fe2,trial,14,ok,3.6242361068725586,,clip_dino,0.6820379372489077,0.3179620627510923,1.1861705519363626,3.030813337045277,3.648081340558916,0.010811699780736601,,,,,25,3.6242361068725586,3.6550545692443848,2.9454240798950195,,"[1.625650405883789, 1.601574420928955, 1.7413463592529297, 1.91386878490448, 2.0224337577819824, 2.220384120941162, 2.387465000152588, 2.593377113342285, 2.8286309242248535, 2.8991575241088867, 3.039489507675171, 3.1490731239318848, 3.336700677871704, 3.352044105529785, 3.407480478286743, 3.5241100788116455, 3.5235962867736816, 3.511965274810791, 3.5364065170288086, 3.488675594329834, 3.462362289428711, 3.5663084983825684, 3.6242129802703857, 3.6550545692443848, 3.6242361068725586]",
2026-03-07T13:14:10Z,52b1b31a5fe2,trial,15,ok,3.6365504264831543,,clip_dino,0.5371009569608842,0.4628990430391158,1.0706923904374508,17.411017086761067,1.968431682160476,0.005144220592836884,,,,,25,3.6365504264831543,3.6705331802368164,2.9680871963500977,,"[1.6256505250930786, 1.6078227758407593, 1.7522872686386108, 1.9335711002349854, 2.0392162799835205, 2.243140697479248, 2.415616989135742, 2.6247010231018066, 2.864716053009033, 2.9357876777648926, 3.0771031379699707, 3.185250759124756, 3.370579957962036, 3.382138967514038, 3.4378232955932617, 3.5498766899108887, 3.5467429161071777, 3.5347890853881836, 3.559357166290283, 3.506063938140869, 3.479656457901001, 3.583094596862793, 3.6401076316833496, 3.6705331802368164, 3.6365504264831543]",
2026-03-07T13:14:12Z,52b1b31a5fe2,trial,16,ok,3.6070756912231445,,clip_dino,0.725457322113293,0.27454267788670705,1.020537934189121,20.4141645804267,2.1177311047944682,0.035867213407615554,,,,,25,3.6070756912231445,3.635031223297119,2.9153592586517334,,"[1.6256505250930786, 1.601281762123108, 1.7369134426116943, 1.9041132926940918, 2.011418581008911, 2.2019546031951904, 2.3644471168518066, 2.5635390281677246, 2.7887330055236816, 2.8587708473205566, 2.996387481689453, 3.1065635681152344, 3.2860496044158936, 3.3025872707366943, 3.3583931922912598, 3.470916986465454, 3.474133014678955, 3.4725303649902344, 3.498713731765747, 3.4508936405181885, 3.4289302825927734, 3.539327621459961, 3.5996222496032715, 3.635031223297119, 3.6070756912231445]",
2026-03-07T13:14:13Z,52b1b31a5fe2,trial,17,ok,3.3643670082092285,,clip_dino,0.4476206487695031,0.5523793512304969,1.309062811372987,60.77029407575204,1.935816973834054,0.11776086570423758,,,,,25,3.3643670082092285,3.372985363006592,2.6723601818084717,,"[1.6256506443023682, 1.6149882078170776, 1.7134166955947876, 1.8442792892456055, 1.9283201694488525, 2.060506820678711, 2.1911003589630127, 2.340824604034424, 2.503086566925049, 2.556619644165039, 2.6634230613708496, 2.7751216888427734, 2.9155774116516113, 2.9429643154144287, 3.001068115234375, 3.096038818359375, 3.1167502403259277, 3.147594451904297, 3.175246000289917, 3.146975040435791, 3.138317584991455, 3.2526326179504395, 3.3211488723754883, 3.372985363006592, 3.3643670082092285]",
2026-03-07T13:14:15Z,52b1b31a5fe2,trial,18,ok,2.376685857772827,,clip_dino,0.568048443755099,0.431951556244901,167.00635398851355,12.212976600861362,2.478823729896338,0.01085779389734806,,,,,25,2.376685857772827,2.378788471221924,2.0483243465423584,,"[1.625650405883789, 1.6273036003112793, 1.663405179977417, 1.7340030670166016, 1.7449125051498413, 1.780907154083252, 1.807680606842041, 1.8897044658660889, 1.9617350101470947, 1.9683668613433838, 2.0052244663238525, 2.0482027530670166, 2.094423770904541, 2.115612030029297, 2.162442207336426, 2.229779005050659, 2.2498362064361572, 2.2366738319396973, 2.257615089416504, 2.2902159690856934, 2.279282569885254, 2.326712131500244, 2.352947473526001, 2.378788471221924, 2.376685857772827]",
2026-03-07T13:14:17Z,52b1b31a5fe2,trial,19,ok,3.6185507774353027,,clip_dino,0.6336041239362094,0.36639587606379065,1.6077366760573715,46.751742782508906,3.9977383328106884,0.009877588850770452,,,,,25,3.6185507774353027,3.649909257888794,2.938417673110962,,"[1.6256505250930786, 1.5999886989593506, 1.7390503883361816, 1.9113520383834839, 2.0203769207000732, 2.218580722808838, 2.3848001956939697, 2.5897021293640137, 2.82242488861084, 2.8941190242767334, 3.035342216491699, 3.144245147705078, 3.3271090984344482, 3.341036796569824, 3.395522117614746, 3.508167266845703, 3.5078811645507812, 3.49995756149292, 3.525888681411743, 3.4748239517211914, 3.450504779815674, 3.5585145950317383, 3.616940498352051, 3.649909257888794, 3.6185507774353027]",
2026-03-07T13:14:18Z,52b1b31a5fe2,trial,20,ok,1.936743140220642,,clip_dino,0.38422586510186457,0.6157741348981354,79.66128750701631,150.7453460139723,1.261987037255362,0.038255769486370855,,,,,25,1.936743140220642,1.936743140220642,1.7891453504562378,,"[1.6256506443023682, 1.6256916522979736, 1.637201189994812, 1.6585910320281982, 1.669455647468567, 1.6842355728149414, 1.7041507959365845, 1.7251698970794678, 1.7445212602615356, 1.7528278827667236, 1.769139051437378, 1.7929675579071045, 1.811824083328247, 1.8196852207183838, 1.8340855836868286, 1.849250078201294, 1.8565292358398438, 1.8652122020721436, 1.8733261823654175, 1.8724431991577148, 1.8737982511520386, 1.8976556062698364, 1.915968894958496, 1.9325090646743774, 1.936743140220642]",
2026-03-07T13:14:20Z,52b1b31a5fe2,trial,21,ok,3.620427131652832,,clip_dino,0.6296793068706512,0.3703206931293488,1.6146019849380961,46.842962009926076,3.638110333558607,0.010681064359942294,,,,,25,3.620427131652832,3.651580810546875,2.9397072792053223,,"[1.625650405883789, 1.6017252206802368, 1.7412192821502686, 1.9142216444015503, 2.022318124771118, 2.220102310180664, 2.386770248413086, 2.5912983417510986, 2.823845386505127, 2.895155906677246, 3.035703659057617, 3.144709825515747, 3.3272812366485596, 3.3412270545959473, 3.396292209625244, 3.5087485313415527, 3.508683204650879, 3.501486301422119, 3.5272574424743652, 3.4763259887695312, 3.4521596431732178, 3.5599617958068848, 3.6185293197631836, 3.651580810546875, 3.620427131652832]",
2026-03-07T13:14:22Z,52b1b31a5fe2,trial,22,ok,3.6223177909851074,,clip_dino,0.7822783891351016,0.21772161086489838,1.061053790119079,86.07525965869907,1.9808445737307085,0.011117646636036689,,,,,25,3.6223177909851074,3.6553893089294434,2.9489898681640625,,"[1.6256505250930786, 1.6003931760787964, 1.741163730621338, 1.9165254831314087, 2.0256919860839844, 2.227527379989624, 2.3957901000976562, 2.603229522705078, 2.8392999172210693, 2.911592960357666, 3.0542452335357666, 3.162433624267578, 3.345987319946289, 3.3581480979919434, 3.4121627807617188, 3.5240724086761475, 3.5220072269439697, 3.511453151702881, 3.5373594760894775, 3.484225273132324, 3.458937406539917, 3.5658063888549805, 3.6233410835266113, 3.6553893089294434, 3.6223177909851074]",
2026-03-07T13:14:23Z,52b1b31a5fe2,trial,23,ok,3.587941884994507,,clip_dino,0.77597590644689,0.22402409355311004,3.29010080543074,138.5994488432146,1.815690351863968,0.027334730315908613,,,,,25,3.587941884994507,3.6102919578552246,2.8856472969055176,,"[1.6256506443023682, 1.6175143718719482, 1.7504760026931763, 1.9182243347167969, 2.014113426208496, 2.190516948699951, 2.3516604900360107, 2.538543701171875, 2.750736713409424, 2.814216136932373, 2.940725088119507, 3.052828311920166, 3.222625255584717, 3.2417845726013184, 3.303067207336426, 3.411343574523926, 3.4203224182128906, 3.432316780090332, 3.457242965698242, 3.4143013954162598, 3.3965258598327637, 3.5076279640197754, 3.5705807209014893, 3.6102919578552246, 3.587941884994507]",
2026-03-07T13:14:25Z,52b1b31a5fe2,trial,24,ok,3.625608205795288,,clip_dino,0.7410753879962255,0.2589246120037745,1.0290101548380826,2.5325735826104157,2.7415062283381233,0.010294533969400738,,,,,25,3.625608205795288,3.6574835777282715,2.949389696121216,,"[1.6256505250930786, 1.6008124351501465, 1.7412033081054688, 1.9149237871170044, 2.0240628719329834, 2.223968267440796, 2.391749858856201, 2.5988399982452393, 2.8352932929992676, 2.906581401824951, 3.04805326461792, 3.157154083251953, 3.3445627689361572, 3.3591175079345703, 3.4138941764831543, 3.529493808746338, 3.5281171798706055, 3.515829086303711, 3.5405187606811523, 3.4911770820617676, 3.4647626876831055, 3.5691394805908203, 3.626741886138916, 3.6574835777282715, 3.625608205795288]",
2026-03-07T13:14:26Z,52b1b31a5fe2,trial,25,ok,3.6335647106170654,,clip_dino,0.7295701967506413,0.2704298032493587,2.3554171077445063,2.4306462956196095,2.835073404092119,0.005230892653881089,,,,,25,3.6335647106170654,3.663668394088745,2.9647128582000732,,"[1.6256505250930786, 1.6147754192352295, 1.758854627609253, 1.939131259918213, 2.040118932723999, 2.2383298873901367, 2.4108963012695312, 2.6182456016540527, 2.8584301471710205, 2.9239282608032227, 3.0600228309631348, 3.170706272125244, 3.359659194946289, 3.372556686401367, 3.431356191635132, 3.550623893737793, 3.5492100715637207, 3.5341591835021973, 3.5563673973083496, 3.5110220909118652, 3.4822003841400146, 3.5789082050323486, 3.635429859161377, 3.663668394088745, 3.6335647106170654]",
2026-03-07T13:14:28Z,52b1b31a5fe2,trial,26,ok,3.633118152618408,,clip_dino,0.7701440136614842,0.22985598633851578,2.4250632359735267,1.899137011315597,2.5690864595262712,0.005325322874156728,,,,,25,3.633118152618408,3.6630361080169678,2.9653055667877197,,"[1.6256505250930786, 1.6157090663909912, 1.7599403858184814, 1.9406633377075195, 2.040992498397827, 2.2390713691711426, 2.411965847015381, 2.6193959712982178, 2.859926700592041, 2.9248228073120117, 3.060513973236084, 3.171351432800293, 3.36032772064209, 3.3729262351989746, 3.431946277618408, 3.551630973815918, 3.5501646995544434, 3.534656524658203, 3.5567257404327393, 3.5117335319519043, 3.4826598167419434, 3.578674554824829, 3.635028839111328, 3.6630361080169678, 3.633118152618408]",
2026-03-07T13:14:29Z,52b1b31a5fe2,trial,27,ok,3.646986961364746,,clip_dino,0.5568030619968796,0.44319693800312043,2.5472819691384743,9.729208526422282,1.5108146012264358,0.0053449893196507664,,,,,25,3.646986961364746,3.678373336791992,2.976745367050171,,"[1.6256506443023682, 1.6207129955291748, 1.7681362628936768, 1.9552801847457886, 2.052663564682007, 2.2519850730895996, 2.4283697605133057, 2.6347599029541016, 2.874979257583618, 2.940627336502075, 3.0754294395446777, 3.1853842735290527, 3.3706777095794678, 3.3835654258728027, 3.443002223968506, 3.5572397708892822, 3.5561704635620117, 3.5464577674865723, 3.5682926177978516, 3.519899845123291, 3.493108034133911, 3.591813087463379, 3.6490612030029297, 3.678373336791992, 3.646986961364746]",
2026-03-07T13:14:31Z,52b1b31a5fe2,trial,28,ok,1.775463342666626,,clip_dino,0.5133485114766738,0.4866514885233262,9.379514268885751,7.692032790421279,1.0025433834768855,0.9808817528507979,,,,,25,1.775463342666626,1.775463342666626,1.7028508186340332,,"[1.6256505250930786, 1.6259803771972656, 1.6310522556304932, 1.640023946762085, 1.6452091932296753, 1.6518065929412842, 1.6607739925384521, 1.6708784103393555, 1.6797733306884766, 1.6841412782669067, 1.692114233970642, 1.7035861015319824, 1.712756872177124, 1.7168077230453491, 1.7240138053894043, 1.7315788269042969, 1.735326886177063, 1.7393494844436646, 1.7434041500091553, 1.7432341575622559, 1.744292140007019, 1.7559595108032227, 1.7648957967758179, 1.7732001543045044, 1.775463342666626]",
2026-03-07T13:14:33Z,52b1b31a5fe2,trial,29,ok,2.5521769523620605,,clip_dino,0.42063135515461714,0.5793686448453829,9.7187616575291,13.934895568303213,0.22080428928049808,0.08278873256130216,,,,,25,2.5521769523620605,2.5521769523620605,2.1367297172546387,,"[1.625650405883789, 1.6257386207580566, 1.6661267280578613, 1.735066294670105, 1.7692267894744873, 1.8198192119598389, 1.8814866542816162, 1.9496467113494873, 2.0168139934539795, 2.0411882400512695, 2.0908703804016113, 2.1574783325195312, 2.220836877822876, 2.2436702251434326, 2.283348798751831, 2.330399990081787, 2.350461006164551, 2.373652458190918, 2.393235206604004, 2.3911538124084473, 2.390136480331421, 2.457690715789795, 2.505591869354248, 2.5467779636383057, 2.5521769523620605]",
2026-03-07T13:14:34Z,52b1b31a5fe2,trial,30,ok,3.516268253326416,,clip_dino,0.2758710434044641,0.7241289565955359,3.092325798052915,5.254377336525876,1.4218133754422972,0.007582094316377828,,,,,25,3.516268253326416,3.527005434036255,2.8534514904022217,,"[1.6256505250930786, 1.626974105834961, 1.7490965127944946, 1.9142818450927734, 1.9926998615264893, 2.162436008453369, 2.3210272789001465, 2.5164191722869873, 2.742532968521118, 2.7810606956481934, 2.8970537185668945, 3.011246919631958, 3.1873083114624023, 3.193885326385498, 3.2614517211914062, 3.4002153873443604, 3.4061856269836426, 3.3874378204345703, 3.4153966903686523, 3.390925645828247, 3.3650119304656982, 3.4460644721984863, 3.498659133911133, 3.527005434036255, 3.516268253326416]",
2026-03-07T13:14:36Z,52b1b31a5fe2,trial,31,ok,3.6003806591033936,,clip_dino,0.5902455914812259,0.4097544085187741,2.452466467000616,2.070710665791472,2.237447031211045,0.005542824711186576,,,,,25,3.6003806591033936,3.6239099502563477,2.941512107849121,,"[1.625650405883789, 1.6222567558288574, 1.7615339756011963, 1.9389886856079102, 2.0317933559417725, 2.2229199409484863, 2.3940062522888184, 2.600172281265259, 2.8405706882476807, 2.894928455352783, 3.024496555328369, 3.138111114501953, 3.3255908489227295, 3.333279609680176, 3.3953418731689453, 3.5249805450439453, 3.5243020057678223, 3.5024709701538086, 3.525423526763916, 3.4880316257476807, 3.456770896911621, 3.5439774990081787, 3.597911834716797, 3.6239099502563477, 3.6003806591033936]",
2026-03-07T13:14:38Z,52b1b31a5fe2,trial,32,ok,3.641996383666992,,clip_dino,0.8286658407971859,0.17133415920281414,2.057511294022074,2.04432356291681,1.675709216855506,0.007497488238891479,,,,,25,3.641996383666992,3.6737112998962402,2.9709792137145996,,"[1.6256506443023682, 1.6151725053787231, 1.7607367038726807, 1.9435975551605225, 2.0447580814361572, 2.24483060836792, 2.4186618328094482, 2.625976085662842, 2.8658552169799805, 2.9333672523498535, 3.0704610347747803, 3.180161952972412, 3.367110252380371, 3.3802924156188965, 3.4385602474212646, 3.553788900375366, 3.5522141456604004, 3.540672779083252, 3.5632734298706055, 3.514641761779785, 3.487450122833252, 3.5871777534484863, 3.6443662643432617, 3.6737112998962402, 3.641996383666992]",
2026-03-07T13:14:39Z,52b1b31a5fe2,trial,33,ok,3.6432125568389893,,clip_dino,0.8305174832273139,0.1694825167726861,1.6452689428422758,7.549376875723061,1.202703731321898,0.007299189906012833,,,,,25,3.6432125568389893,3.677090644836426,2.975745439529419,,"[1.6256506443023682, 1.614001750946045, 1.7605723142623901, 1.9457777738571167, 2.0479016304016113, 2.251610517501831, 2.426663875579834, 2.6351332664489746, 2.8758127689361572, 2.945457935333252, 3.084832191467285, 3.193089008331299, 3.3771328926086426, 3.3881046772003174, 3.4451873302459717, 3.5561680793762207, 3.5532965660095215, 3.5429739952087402, 3.56693696975708, 3.513401508331299, 3.4872701168060303, 3.5896267890930176, 3.646730422973633, 3.677090644836426, 3.6432125568389893]",
2026-03-07T13:14:41Z,52b1b31a5fe2,trial,34,ok,3.6482632160186768,,clip_dino,0.8971121106678253,0.10288788933217474,1.5839355028107496,7.8671321349482035,0.6360001033242181,0.00823793535549585,,,,,25,3.6482632160186768,3.6826934814453125,2.9845755100250244,,"[1.625650405883789, 1.6187365055084229, 1.7675082683563232, 1.957194209098816, 2.056443214416504, 2.26122784614563, 2.439235210418701, 2.6478846073150635, 2.8901708126068115, 2.958784818649292, 3.0970957279205322, 3.2051315307617188, 3.387880325317383, 3.397613286972046, 3.455381393432617, 3.5649352073669434, 3.561677932739258, 3.5518012046813965, 3.575376033782959, 3.5207393169403076, 3.4945802688598633, 3.595768690109253, 3.6526148319244385, 3.6826934814453125, 3.6482632160186768]",
2026-03-07T13:14:43Z,52b1b31a5fe2,trial,35,ok,3.6490535736083984,,clip_dino,0.8997150145719407,0.1002849854280593,1.7017679178779708,6.778806323549437,0.6475946573852561,0.007498539530712039,,,,,25,3.6490535736083984,3.6835360527038574,2.985748529434204,,"[1.625650405883789, 1.6191551685333252, 1.7681655883789062, 1.9582990407943726, 2.057286024093628, 2.262181043624878, 2.4404988288879395, 2.6492438316345215, 2.891810655593872, 2.9602925777435303, 3.098491668701172, 3.2065412998199463, 3.3894009590148926, 3.399129629135132, 3.456955909729004, 3.5665485858917236, 3.5632317066192627, 3.553226947784424, 3.576688289642334, 3.522097587585449, 3.495854377746582, 3.5967886447906494, 3.653587818145752, 3.6835360527038574, 3.6490535736083984]",
2026-03-07T13:14:44Z,52b1b31a5fe2,trial,36,ok,3.6442809104919434,,clip_dino,0.886664299079241,0.11333570092075895,1.6241010006332401,6.522360602785183,0.7106796791698701,0.01519289406258336,,,,,25,3.6442809104919434,3.676600694656372,2.9718117713928223,,"[1.6256506443023682, 1.6182663440704346, 1.7650418281555176, 1.9510992765426636, 2.050290107727051, 2.250710964202881, 2.42612361907959, 2.631676435470581, 2.8696417808532715, 2.9376108646392822, 3.0742034912109375, 3.1830618381500244, 3.3647139072418213, 3.376380443572998, 3.434971332550049, 3.5452146530151367, 3.544166088104248, 3.5379371643066406, 3.561561346054077, 3.5092265605926514, 3.4843661785125732, 3.58730149269104, 3.645200252532959, 3.676600694656372, 3.6442809104919434]",
2026-03-07T13:14:46Z,52b1b31a5fe2,trial,37,ok,2.5911598205566406,,clip_dino,0.8968423127777226,0.10315768722227736,4.221085357399038,5.82958648683419,0.6872867270053672,0.3499636530626744,,,,,25,2.5911598205566406,2.5911598205566406,2.1547365188598633,,"[1.625650405883789, 1.6239315271377563, 1.6636993885040283, 1.728617548942566, 1.7682019472122192, 1.823516845703125, 1.8911477327346802, 1.960468053817749, 2.0297539234161377, 2.0558581352233887, 2.110391616821289, 2.1837246417999268, 2.248889923095703, 2.2690086364746094, 2.3062493801116943, 2.353597402572632, 2.3733863830566406, 2.401567220687866, 2.423779010772705, 2.4137649536132812, 2.4134631156921387, 2.486368417739868, 2.538452625274658, 2.583765745162964, 2.5911598205566406]",
2026-03-07T13:14:47Z,52b1b31a5fe2,trial,38,ok,3.575650215148926,,clip_dino,0.8766078571996436,0.12339214280035637,7.110405345594135,9.772418538919553,0.5512202629879738,0.018613033202193822,,,,,25,3.575650215148926,3.595456600189209,2.8727312088012695,,"[1.625650405883789, 1.6247937679290771, 1.7568438053131104, 1.9281435012817383, 2.0171632766723633, 2.1865317821502686, 2.3480138778686523, 2.5291049480438232, 2.736299753189087, 2.7952957153320312, 2.915325880050659, 3.02803373336792, 3.194434404373169, 3.215792655944824, 3.2795825004577637, 3.3865747451782227, 3.3981330394744873, 3.4147400856018066, 3.4378771781921387, 3.399261236190796, 3.3828961849212646, 3.491672992706299, 3.5550057888031006, 3.595456600189209, 3.575650215148926]",
2026-03-07T13:14:49Z,52b1b31a5fe2,trial,39,ok,2.7789275646209717,,clip_dino,0.1535479174611668,0.8464520825388332,13.304445409116113,31.184892242336065,0.6307336951208146,0.014852828163983875,,,,,25,2.7789275646209717,2.7789275646209717,2.2855091094970703,,"[1.6256505250930786, 1.6259474754333496, 1.6822447776794434, 1.7767126560211182, 1.8160581588745117, 1.8833394050598145, 1.958089828491211, 2.0545554161071777, 2.151982307434082, 2.1780052185058594, 2.2392382621765137, 2.3152761459350586, 2.3997156620025635, 2.4276556968688965, 2.480370283126831, 2.550640106201172, 2.57513427734375, 2.586404323577881, 2.609933853149414, 2.6169204711914062, 2.6098601818084717, 2.683055877685547, 2.734677791595459, 2.7773327827453613, 2.7789275646209717]",
2026-03-07T13:14:49Z,52b1b31a5fe2,best_summary,35,ok,3.6490535736083984,,clip_dino,0.8997150145719407,0.1002849854280593,1.7017679178779708,6.778806323549437,0.6475946573852561,0.007498539530712039,,,,,25,3.6490535736083984,,,,,
2026-03-07T13:15:18Z,406d568da468,trial,0,ok,2.450927257537842,,clip_dino,0.27547650794153833,0.7245234920584617,9.277865234930474,449.3091099417044,0.2610299194828734,0.06336221460260559,,,,,25,2.450927257537842,2.450927257537842,2.075164318084717,,"[1.6256506443023682, 1.625562071800232, 1.6596535444259644, 1.716839075088501, 1.7491481304168701, 1.794977068901062, 1.853398084640503, 1.9108428955078125, 1.9681131839752197, 1.989382266998291, 2.0350804328918457, 2.0986247062683105, 2.152162551879883, 2.1691977977752686, 2.2020044326782227, 2.2413344383239746, 2.25846529006958, 2.283006191253662, 2.3028416633605957, 2.294410228729248, 2.294591188430786, 2.3570218086242676, 2.40285587310791, 2.4430172443389893, 2.450927257537842]",
2026-03-07T13:15:19Z,406d568da468,trial,1,ok,2.848513126373291,,clip_dino,0.890040395390136,0.10995960460986398,2.9115897440081735,299.3791026659765,1.0649522616178686,0.3171060331091172,,,,,25,2.848513126373291,2.848513126373291,2.3104729652404785,,"[1.625650405883789, 1.6210918426513672, 1.6749552488327026, 1.7579030990600586, 1.8113641738891602, 1.8870470523834229, 1.9737786054611206, 2.0660548210144043, 2.160183906555176, 2.1945950984954834, 2.2657365798950195, 2.355881452560425, 2.4427242279052734, 2.4666833877563477, 2.51118540763855, 2.573052167892456, 2.596015453338623, 2.629786491394043, 2.6555519104003906, 2.640723705291748, 2.6387453079223633, 2.729729175567627, 2.7911453247070312, 2.843722105026245, 2.848513126373291]",
2026-03-07T13:15:21Z,406d568da468,trial,2,ok,3.4030494689941406,,clip_dino,0.3419812716956394,0.6580187283043606,8.524067070711263,6.365730030257815,2.912499786651918,0.006453901913776747,,,,,25,3.4030494689941406,3.4030556678771973,2.744328498840332,,"[1.6256506443023682, 1.6283787488937378, 1.7290973663330078, 1.8747917413711548, 1.9389519691467285, 2.0864906311035156, 2.226012706756592, 2.411106586456299, 2.6205506324768066, 2.646195411682129, 2.750115394592285, 2.859266996383667, 3.0249381065368652, 3.031954526901245, 3.104802131652832, 3.2498397827148438, 3.26126766204834, 3.24442195892334, 3.27937650680542, 3.266822576522827, 3.247065544128418, 3.322401523590088, 3.3726134300231934, 3.4030556678771973, 3.4030494689941406]",
2026-03-07T13:15:22Z,406d568da468,trial,3,ok,1.7287719249725342,,clip_dino,0.4560541142108684,0.5439458857891316,20.710614754857648,9.724116469839839,1.6017189894477681,0.6662966936100345,,,,,25,1.7287719249725342,1.7287719249725342,1.6790138483047485,,"[1.6256505250930786, 1.6263725757598877, 1.630289077758789, 1.6368896961212158, 1.6400744915008545, 1.644161343574524, 1.6495161056518555, 1.6566839218139648, 1.6626578569412231, 1.6658432483673096, 1.6710941791534424, 1.6784203052520752, 1.6847293376922607, 1.6880035400390625, 1.6934118270874023, 1.6988078355789185, 1.7014968395233154, 1.7040212154388428, 1.7064037322998047, 1.7073034048080444, 1.708284854888916, 1.7166296243667603, 1.7221791744232178, 1.7276537418365479, 1.7287719249725342]",
2026-03-07T13:15:23Z,406d568da468,trial,4,ok,3.3017184734344482,,clip_dino,0.12447445403377388,0.8755255459662261,1.9247877806724858,4.264405315521018,1.3723289068204898,0.017452606493717524,,,,,25,3.3017184734344482,3.3017184734344482,2.6562869548797607,,"[1.6256505250930786, 1.628650426864624, 1.7177841663360596, 1.8519926071166992, 1.907134771347046, 2.036562204360962, 2.1604764461517334, 2.3326504230499268, 2.5240821838378906, 2.5452589988708496, 2.639319896697998, 2.741480827331543, 2.893726348876953, 2.9060912132263184, 2.9799938201904297, 3.1192798614501953, 3.135678768157959, 3.122708797454834, 3.159919261932373, 3.156680107116699, 3.1413912773132324, 3.215040445327759, 3.265235424041748, 3.298666477203369, 3.3017184734344482]",
2026-03-07T13:15:24Z,406d568da468,trial,5,ok,3.266796112060547,,clip_dino,0.8734926156171888,0.12650738438281117,2.235694589211834,1.3408212568685256,0.8186552455176156,0.18603783100725202,,,,,25,3.266796112060547,3.2717514038085938,2.60018253326416,,"[1.6256505250930786, 1.6217730045318604, 1.7112617492675781, 1.836126446723938, 1.9097225666046143, 2.026501178741455, 2.148139476776123, 2.2841482162475586, 2.430849075317383, 2.478398561477661, 2.5744123458862305, 2.6819143295288086, 2.811854362487793, 2.8415017127990723, 2.9003047943115234, 2.9887595176696777, 3.0121116638183594, 3.045271396636963, 3.0715227127075195, 3.0508124828338623, 3.0440616607666016, 3.1516342163085938, 3.219280242919922, 3.2717514038085938, 3.266796112060547]",
2026-03-07T13:15:25Z,406d568da468,trial,6,ok,2.9290008544921875,,clip_dino,0.8035065273510372,0.19649347264896277,39.78214252674,25.888101870249287,0.8102484995041584,0.019554940825620013,,,,,25,2.9290008544921875,2.9290008544921875,2.3692798614501953,,"[1.6256505250930786, 1.6255781650543213, 1.688786506652832, 1.7873618602752686, 1.83998703956604, 1.9209790229797363, 2.0142929553985596, 2.1137166023254395, 2.217144250869751, 2.2519378662109375, 2.3243725299835205, 2.4157681465148926, 2.510260820388794, 2.5375828742980957, 2.5880322456359863, 2.65413236618042, 2.6780383586883545, 2.7114901542663574, 2.735823154449463, 2.7247490882873535, 2.721841812133789, 2.8137478828430176, 2.875185489654541, 2.9265360832214355, 2.9290008544921875]",
2026-03-07T13:15:26Z,406d568da468,trial,7,ok,2.4325404167175293,,clip_dino,0.5064226245598669,0.49357737544013314,22.164149540681926,21.44010956365218,0.37202951020181185,0.054508797528608606,,,,,25,2.4325404167175293,2.4325404167175293,2.0661323070526123,,"[1.6256506443023682, 1.6257383823394775, 1.6597743034362793, 1.7191293239593506, 1.7483692169189453, 1.7909650802612305, 1.8438453674316406, 1.9022836685180664, 1.9589369297027588, 1.9802484512329102, 2.023226499557495, 2.0819034576416016, 2.1357903480529785, 2.156104326248169, 2.1913442611694336, 2.231964349746704, 2.2499144077301025, 2.2706196308135986, 2.2883353233337402, 2.2870125770568848, 2.286792278289795, 2.3466036319732666, 2.3894691467285156, 2.4267425537109375, 2.4325404167175293]",
2026-03-07T13:15:27Z,406d568da468,trial,8,ok,3.5716845989227295,,clip_dino,0.8519430885671622,0.14805691143283783,5.3735215506371015,1.1547156520653645,0.4218044501274547,0.015291469770272913,,,,,25,3.5716845989227295,3.5900213718414307,2.8945095539093018,,"[1.6256505250930786, 1.6257877349853516, 1.7595386505126953, 1.9351153373718262, 2.020745277404785, 2.1958000659942627, 2.3606784343719482, 2.5532150268554688, 2.7771170139312744, 2.82820200920105, 2.9477694034576416, 3.0612597465515137, 3.237947940826416, 3.2529854774475098, 3.318227767944336, 3.4419608116149902, 3.449331760406494, 3.44221568107605, 3.4646694660186768, 3.433687686920166, 3.409585475921631, 3.5010857582092285, 3.5584564208984375, 3.5900213718414307, 3.5716845989227295]",
2026-03-07T13:15:28Z,406d568da468,trial,9,ok,2.8598475456237793,,clip_dino,0.26210137782928977,0.7378986221707102,37.304342045021514,103.73877316416024,2.5871894709051584,0.007817341619201893,,,,,25,2.8598475456237793,2.8598475456237793,2.328864097595215,,"[1.6256506443023682, 1.6258244514465332, 1.685328722000122, 1.7810399532318115, 1.8282499313354492, 1.9023569822311401, 1.987579584121704, 2.083779811859131, 2.1826674938201904, 2.2146859169006348, 2.2817940711975098, 2.3665595054626465, 2.4570798873901367, 2.485585927963257, 2.536649227142334, 2.602581024169922, 2.626887798309326, 2.6526451110839844, 2.6758270263671875, 2.6720776557922363, 2.6680235862731934, 2.751802444458008, 2.8096132278442383, 2.857463836669922, 2.8598475456237793]",
2026-03-07T13:15:29Z,406d568da468,trial,10,ok,2.223691701889038,,clip_dino,0.6877241577602556,0.31227584223974436,178.51818833272577,1.5851507841199508,0.4736288377244953,0.025940225084951585,,,,,25,2.223691701889038,2.2289443016052246,1.9499692916870117,,"[1.625650405883789, 1.627514362335205, 1.6486537456512451, 1.708266019821167, 1.6892412900924683, 1.7113724946975708, 1.6898127794265747, 1.7992290258407593, 1.8804223537445068, 1.871644377708435, 1.8966710567474365, 1.9233038425445557, 1.9553351402282715, 1.9699997901916504, 2.0233726501464844, 2.1135599613189697, 2.1293458938598633, 2.100648880004883, 2.1261324882507324, 2.1925153732299805, 2.1790027618408203, 2.217465400695801, 2.217439651489258, 2.2289443016052246, 2.223691701889038]",
2026-03-07T13:15:30Z,406d568da468,trial,11,ok,3.5835952758789062,,clip_dino,0.5514166087459981,0.44858339125400193,4.511342263015027,3.8845156398416414,3.4298820555960177,0.005316890388936995,,,,,25,3.5835952758789062,3.6036877632141113,2.919512987136841,,"[1.6256505250930786, 1.6238752603530884, 1.7593994140625, 1.93340003490448, 2.023102045059204, 2.2077796459198, 2.375523090362549, 2.5775842666625977, 2.812971591949463, 2.8641228675842285, 2.989793539047241, 3.1038432121276855, 3.2882513999938965, 3.2968974113464355, 3.3607075214385986, 3.4918673038482666, 3.4938454627990723, 3.474759817123413, 3.498490810394287, 3.464707374572754, 3.4353907108306885, 3.5221128463745117, 3.576465606689453, 3.6036877632141113, 3.5835952758789062]",
2026-03-07T13:15:32Z,406d568da468,trial,12,ok,3.3887078762054443,,clip_dino,0.61385010672629,0.38614989327370997,6.163947574547153,1.0026640335029473,0.5084886675571332,0.005875854643868949,,,,,25,3.3887078762054443,3.3887078762054443,2.73148775100708,,"[1.625650405883789, 1.6283186674118042, 1.709308385848999, 1.8460947275161743, 1.8978890180587769, 2.048912525177002, 2.186384439468384, 2.3928184509277344, 2.613527536392212, 2.626211404800415, 2.733827590942383, 2.846851348876953, 3.027470588684082, 3.015479564666748, 3.0951504707336426, 3.2630512714385986, 3.26662540435791, 3.241311550140381, 3.282865285873413, 3.265648126602173, 3.2434048652648926, 3.31128191947937, 3.35317325592041, 3.3772265911102295, 3.3887078762054443]",
2026-03-07T13:15:33Z,406d568da468,trial,13,ok,3.5809988975524902,,clip_dino,0.6966771100147345,0.30332288998526546,4.143761596517673,2.9757648132932895,3.7681823720499583,0.015939400405541336,,,,,25,3.5809988975524902,3.6007168292999268,2.891929864883423,,"[1.6256506443023682, 1.6201426982879639, 1.7528433799743652, 1.9203438758850098, 2.0132813453674316, 2.18888258934021, 2.350071430206299, 2.5414016246795654, 2.761936664581299, 2.8196024894714355, 2.943086862564087, 3.0559439659118652, 3.235299587249756, 3.2537765502929688, 3.3178749084472656, 3.4391229152679443, 3.447160243988037, 3.4439077377319336, 3.466912269592285, 3.4335451126098633, 3.410670757293701, 3.507767915725708, 3.5673000812530518, 3.6007168292999268, 3.5809988975524902]",
2026-03-07T13:15:34Z,406d568da468,trial,14,ok,3.6242361068725586,,clip_dino,0.6820379372489077,0.3179620627510923,1.1861705519363626,3.030813337045277,3.648081340558916,0.010811699780736601,,,,,25,3.6242361068725586,3.6550545692443848,2.9454240798950195,,"[1.625650405883789, 1.601574420928955, 1.7413463592529297, 1.91386878490448, 2.0224337577819824, 2.220384120941162, 2.387465000152588, 2.593377113342285, 2.8286309242248535, 2.8991575241088867, 3.039489507675171, 3.1490731239318848, 3.336700677871704, 3.352044105529785, 3.407480478286743, 3.5241100788116455, 3.5235962867736816, 3.511965274810791, 3.5364065170288086, 3.488675594329834, 3.462362289428711, 3.5663084983825684, 3.6242129802703857, 3.6550545692443848, 3.6242361068725586]",
2026-03-07T13:15:36Z,406d568da468,trial,15,ok,3.6365504264831543,,clip_dino,0.5371009569608842,0.4628990430391158,1.0706923904374508,17.411017086761067,1.968431682160476,0.005144220592836884,,,,,25,3.6365504264831543,3.6705331802368164,2.9680871963500977,,"[1.6256505250930786, 1.6078227758407593, 1.7522872686386108, 1.9335711002349854, 2.0392162799835205, 2.243140697479248, 2.415616989135742, 2.6247010231018066, 2.864716053009033, 2.9357876777648926, 3.0771031379699707, 3.185250759124756, 3.370579957962036, 3.382138967514038, 3.4378232955932617, 3.5498766899108887, 3.5467429161071777, 3.5347890853881836, 3.559357166290283, 3.506063938140869, 3.479656457901001, 3.583094596862793, 3.6401076316833496, 3.6705331802368164, 3.6365504264831543]",
2026-03-07T13:15:36Z,406d568da468,trial,16,ok,3.6070756912231445,,clip_dino,0.725457322113293,0.27454267788670705,1.020537934189121,20.4141645804267,2.1177311047944682,0.035867213407615554,,,,,25,3.6070756912231445,3.635031223297119,2.9153592586517334,,"[1.6256505250930786, 1.601281762123108, 1.7369134426116943, 1.9041132926940918, 2.011418581008911, 2.2019546031951904, 2.3644471168518066, 2.5635390281677246, 2.7887330055236816, 2.8587708473205566, 2.996387481689453, 3.1065635681152344, 3.2860496044158936, 3.3025872707366943, 3.3583931922912598, 3.470916986465454, 3.474133014678955, 3.4725303649902344, 3.498713731765747, 3.4508936405181885, 3.4289302825927734, 3.539327621459961, 3.5996222496032715, 3.635031223297119, 3.6070756912231445]",
2026-03-07T13:15:38Z,406d568da468,trial,17,ok,3.3643670082092285,,clip_dino,0.4476206487695031,0.5523793512304969,1.309062811372987,60.77029407575204,1.935816973834054,0.11776086570423758,,,,,25,3.3643670082092285,3.372985363006592,2.6723601818084717,,"[1.6256506443023682, 1.6149882078170776, 1.7134166955947876, 1.8442792892456055, 1.9283201694488525, 2.060506820678711, 2.1911003589630127, 2.340824604034424, 2.503086566925049, 2.556619644165039, 2.6634230613708496, 2.7751216888427734, 2.9155774116516113, 2.9429643154144287, 3.001068115234375, 3.096038818359375, 3.1167502403259277, 3.147594451904297, 3.175246000289917, 3.146975040435791, 3.138317584991455, 3.2526326179504395, 3.3211488723754883, 3.372985363006592, 3.3643670082092285]",
2026-03-07T13:15:39Z,406d568da468,trial,18,ok,2.376685857772827,,clip_dino,0.568048443755099,0.431951556244901,167.00635398851355,12.212976600861362,2.478823729896338,0.01085779389734806,,,,,25,2.376685857772827,2.378788471221924,2.0483243465423584,,"[1.625650405883789, 1.6273036003112793, 1.663405179977417, 1.7340030670166016, 1.7449125051498413, 1.780907154083252, 1.807680606842041, 1.8897044658660889, 1.9617350101470947, 1.9683668613433838, 2.0052244663238525, 2.0482027530670166, 2.094423770904541, 2.115612030029297, 2.162442207336426, 2.229779005050659, 2.2498362064361572, 2.2366738319396973, 2.257615089416504, 2.2902159690856934, 2.279282569885254, 2.326712131500244, 2.352947473526001, 2.378788471221924, 2.376685857772827]",
2026-03-07T13:15:40Z,406d568da468,trial,19,ok,3.6185507774353027,,clip_dino,0.6336041239362094,0.36639587606379065,1.6077366760573715,46.751742782508906,3.9977383328106884,0.009877588850770452,,,,,25,3.6185507774353027,3.649909257888794,2.938417673110962,,"[1.6256505250930786, 1.5999886989593506, 1.7390503883361816, 1.9113520383834839, 2.0203769207000732, 2.218580722808838, 2.3848001956939697, 2.5897021293640137, 2.82242488861084, 2.8941190242767334, 3.035342216491699, 3.144245147705078, 3.3271090984344482, 3.341036796569824, 3.395522117614746, 3.508167266845703, 3.5078811645507812, 3.49995756149292, 3.525888681411743, 3.4748239517211914, 3.450504779815674, 3.5585145950317383, 3.616940498352051, 3.649909257888794, 3.6185507774353027]",
2026-03-07T13:15:41Z,406d568da468,trial,20,ok,1.936743140220642,,clip_dino,0.38422586510186457,0.6157741348981354,79.66128750701631,150.7453460139723,1.261987037255362,0.038255769486370855,,,,,25,1.936743140220642,1.936743140220642,1.7891453504562378,,"[1.6256506443023682, 1.6256916522979736, 1.637201189994812, 1.6585910320281982, 1.669455647468567, 1.6842355728149414, 1.7041507959365845, 1.7251698970794678, 1.7445212602615356, 1.7528278827667236, 1.769139051437378, 1.7929675579071045, 1.811824083328247, 1.8196852207183838, 1.8340855836868286, 1.849250078201294, 1.8565292358398438, 1.8652122020721436, 1.8733261823654175, 1.8724431991577148, 1.8737982511520386, 1.8976556062698364, 1.915968894958496, 1.9325090646743774, 1.936743140220642]",
2026-03-07T13:15:42Z,406d568da468,trial,21,ok,3.620427131652832,,clip_dino,0.6296793068706512,0.3703206931293488,1.6146019849380961,46.842962009926076,3.638110333558607,0.010681064359942294,,,,,25,3.620427131652832,3.651580810546875,2.9397072792053223,,"[1.625650405883789, 1.6017252206802368, 1.7412192821502686, 1.9142216444015503, 2.022318124771118, 2.220102310180664, 2.386770248413086, 2.5912983417510986, 2.823845386505127, 2.895155906677246, 3.035703659057617, 3.144709825515747, 3.3272812366485596, 3.3412270545959473, 3.396292209625244, 3.5087485313415527, 3.508683204650879, 3.501486301422119, 3.5272574424743652, 3.4763259887695312, 3.4521596431732178, 3.5599617958068848, 3.6185293197631836, 3.651580810546875, 3.620427131652832]",
2026-03-07T13:15:43Z,406d568da468,trial,22,ok,3.6223177909851074,,clip_dino,0.7822783891351016,0.21772161086489838,1.061053790119079,86.07525965869907,1.9808445737307085,0.011117646636036689,,,,,25,3.6223177909851074,3.6553893089294434,2.9489898681640625,,"[1.6256505250930786, 1.6003931760787964, 1.741163730621338, 1.9165254831314087, 2.0256919860839844, 2.227527379989624, 2.3957901000976562, 2.603229522705078, 2.8392999172210693, 2.911592960357666, 3.0542452335357666, 3.162433624267578, 3.345987319946289, 3.3581480979919434, 3.4121627807617188, 3.5240724086761475, 3.5220072269439697, 3.511453151702881, 3.5373594760894775, 3.484225273132324, 3.458937406539917, 3.5658063888549805, 3.6233410835266113, 3.6553893089294434, 3.6223177909851074]",
2026-03-07T13:15:44Z,406d568da468,trial,23,ok,3.587941884994507,,clip_dino,0.77597590644689,0.22402409355311004,3.29010080543074,138.5994488432146,1.815690351863968,0.027334730315908613,,,,,25,3.587941884994507,3.6102919578552246,2.8856472969055176,,"[1.6256506443023682, 1.6175143718719482, 1.7504760026931763, 1.9182243347167969, 2.014113426208496, 2.190516948699951, 2.3516604900360107, 2.538543701171875, 2.750736713409424, 2.814216136932373, 2.940725088119507, 3.052828311920166, 3.222625255584717, 3.2417845726013184, 3.303067207336426, 3.411343574523926, 3.4203224182128906, 3.432316780090332, 3.457242965698242, 3.4143013954162598, 3.3965258598327637, 3.5076279640197754, 3.5705807209014893, 3.6102919578552246, 3.587941884994507]",
2026-03-07T13:15:45Z,406d568da468,trial,24,ok,3.625608205795288,,clip_dino,0.7410753879962255,0.2589246120037745,1.0290101548380826,2.5325735826104157,2.7415062283381233,0.010294533969400738,,,,,25,3.625608205795288,3.6574835777282715,2.949389696121216,,"[1.6256505250930786, 1.6008124351501465, 1.7412033081054688, 1.9149237871170044, 2.0240628719329834, 2.223968267440796, 2.391749858856201, 2.5988399982452393, 2.8352932929992676, 2.906581401824951, 3.04805326461792, 3.157154083251953, 3.3445627689361572, 3.3591175079345703, 3.4138941764831543, 3.529493808746338, 3.5281171798706055, 3.515829086303711, 3.5405187606811523, 3.4911770820617676, 3.4647626876831055, 3.5691394805908203, 3.626741886138916, 3.6574835777282715, 3.625608205795288]",
2026-03-07T13:15:46Z,406d568da468,trial,25,ok,3.6335647106170654,,clip_dino,0.7295701967506413,0.2704298032493587,2.3554171077445063,2.4306462956196095,2.835073404092119,0.005230892653881089,,,,,25,3.6335647106170654,3.663668394088745,2.9647128582000732,,"[1.6256505250930786, 1.6147754192352295, 1.758854627609253, 1.939131259918213, 2.040118932723999, 2.2383298873901367, 2.4108963012695312, 2.6182456016540527, 2.8584301471710205, 2.9239282608032227, 3.0600228309631348, 3.170706272125244, 3.359659194946289, 3.372556686401367, 3.431356191635132, 3.550623893737793, 3.5492100715637207, 3.5341591835021973, 3.5563673973083496, 3.5110220909118652, 3.4822003841400146, 3.5789082050323486, 3.635429859161377, 3.663668394088745, 3.6335647106170654]",
2026-03-07T13:15:47Z,406d568da468,trial,26,ok,3.633118152618408,,clip_dino,0.7701440136614842,0.22985598633851578,2.4250632359735267,1.899137011315597,2.5690864595262712,0.005325322874156728,,,,,25,3.633118152618408,3.6630361080169678,2.9653055667877197,,"[1.6256505250930786, 1.6157090663909912, 1.7599403858184814, 1.9406633377075195, 2.040992498397827, 2.2390713691711426, 2.411965847015381, 2.6193959712982178, 2.859926700592041, 2.9248228073120117, 3.060513973236084, 3.171351432800293, 3.36032772064209, 3.3729262351989746, 3.431946277618408, 3.551630973815918, 3.5501646995544434, 3.534656524658203, 3.5567257404327393, 3.5117335319519043, 3.4826598167419434, 3.578674554824829, 3.635028839111328, 3.6630361080169678, 3.633118152618408]",
2026-03-07T13:15:48Z,406d568da468,trial,27,ok,3.646986961364746,,clip_dino,0.5568030619968796,0.44319693800312043,2.5472819691384743,9.729208526422282,1.5108146012264358,0.0053449893196507664,,,,,25,3.646986961364746,3.678373336791992,2.976745367050171,,"[1.6256506443023682, 1.6207129955291748, 1.7681362628936768, 1.9552801847457886, 2.052663564682007, 2.2519850730895996, 2.4283697605133057, 2.6347599029541016, 2.874979257583618, 2.940627336502075, 3.0754294395446777, 3.1853842735290527, 3.3706777095794678, 3.3835654258728027, 3.443002223968506, 3.5572397708892822, 3.5561704635620117, 3.5464577674865723, 3.5682926177978516, 3.519899845123291, 3.493108034133911, 3.591813087463379, 3.6490612030029297, 3.678373336791992, 3.646986961364746]",
2026-03-07T13:15:49Z,406d568da468,trial,28,ok,1.775463342666626,,clip_dino,0.5133485114766738,0.4866514885233262,9.379514268885751,7.692032790421279,1.0025433834768855,0.9808817528507979,,,,,25,1.775463342666626,1.775463342666626,1.7028508186340332,,"[1.6256505250930786, 1.6259803771972656, 1.6310522556304932, 1.640023946762085, 1.6452091932296753, 1.6518065929412842, 1.6607739925384521, 1.6708784103393555, 1.6797733306884766, 1.6841412782669067, 1.692114233970642, 1.7035861015319824, 1.712756872177124, 1.7168077230453491, 1.7240138053894043, 1.7315788269042969, 1.735326886177063, 1.7393494844436646, 1.7434041500091553, 1.7432341575622559, 1.744292140007019, 1.7559595108032227, 1.7648957967758179, 1.7732001543045044, 1.775463342666626]",
2026-03-07T13:15:50Z,406d568da468,trial,29,ok,2.5521769523620605,,clip_dino,0.42063135515461714,0.5793686448453829,9.7187616575291,13.934895568303213,0.22080428928049808,0.08278873256130216,,,,,25,2.5521769523620605,2.5521769523620605,2.1367297172546387,,"[1.625650405883789, 1.6257386207580566, 1.6661267280578613, 1.735066294670105, 1.7692267894744873, 1.8198192119598389, 1.8814866542816162, 1.9496467113494873, 2.0168139934539795, 2.0411882400512695, 2.0908703804016113, 2.1574783325195312, 2.220836877822876, 2.2436702251434326, 2.283348798751831, 2.330399990081787, 2.350461006164551, 2.373652458190918, 2.393235206604004, 2.3911538124084473, 2.390136480331421, 2.457690715789795, 2.505591869354248, 2.5467779636383057, 2.5521769523620605]",
2026-03-07T13:15:51Z,406d568da468,trial,30,ok,3.516268253326416,,clip_dino,0.2758710434044641,0.7241289565955359,3.092325798052915,5.254377336525876,1.4218133754422972,0.007582094316377828,,,,,25,3.516268253326416,3.527005434036255,2.8534514904022217,,"[1.6256505250930786, 1.626974105834961, 1.7490965127944946, 1.9142818450927734, 1.9926998615264893, 2.162436008453369, 2.3210272789001465, 2.5164191722869873, 2.742532968521118, 2.7810606956481934, 2.8970537185668945, 3.011246919631958, 3.1873083114624023, 3.193885326385498, 3.2614517211914062, 3.4002153873443604, 3.4061856269836426, 3.3874378204345703, 3.4153966903686523, 3.390925645828247, 3.3650119304656982, 3.4460644721984863, 3.498659133911133, 3.527005434036255, 3.516268253326416]",
2026-03-07T13:15:52Z,406d568da468,trial,31,ok,3.6003806591033936,,clip_dino,0.5902455914812259,0.4097544085187741,2.452466467000616,2.070710665791472,2.237447031211045,0.005542824711186576,,,,,25,3.6003806591033936,3.6239099502563477,2.941512107849121,,"[1.625650405883789, 1.6222567558288574, 1.7615339756011963, 1.9389886856079102, 2.0317933559417725, 2.2229199409484863, 2.3940062522888184, 2.600172281265259, 2.8405706882476807, 2.894928455352783, 3.024496555328369, 3.138111114501953, 3.3255908489227295, 3.333279609680176, 3.3953418731689453, 3.5249805450439453, 3.5243020057678223, 3.5024709701538086, 3.525423526763916, 3.4880316257476807, 3.456770896911621, 3.5439774990081787, 3.597911834716797, 3.6239099502563477, 3.6003806591033936]",
2026-03-07T13:15:53Z,406d568da468,trial,32,ok,3.641996383666992,,clip_dino,0.8286658407971859,0.17133415920281414,2.057511294022074,2.04432356291681,1.675709216855506,0.007497488238891479,,,,,25,3.641996383666992,3.6737112998962402,2.9709792137145996,,"[1.6256506443023682, 1.6151725053787231, 1.7607367038726807, 1.9435975551605225, 2.0447580814361572, 2.24483060836792, 2.4186618328094482, 2.625976085662842, 2.8658552169799805, 2.9333672523498535, 3.0704610347747803, 3.180161952972412, 3.367110252380371, 3.3802924156188965, 3.4385602474212646, 3.553788900375366, 3.5522141456604004, 3.540672779083252, 3.5632734298706055, 3.514641761779785, 3.487450122833252, 3.5871777534484863, 3.6443662643432617, 3.6737112998962402, 3.641996383666992]",
2026-03-07T13:15:54Z,406d568da468,trial,33,ok,3.6432125568389893,,clip_dino,0.8305174832273139,0.1694825167726861,1.6452689428422758,7.549376875723061,1.202703731321898,0.007299189906012833,,,,,25,3.6432125568389893,3.677090644836426,2.975745439529419,,"[1.6256506443023682, 1.614001750946045, 1.7605723142623901, 1.9457777738571167, 2.0479016304016113, 2.251610517501831, 2.426663875579834, 2.6351332664489746, 2.8758127689361572, 2.945457935333252, 3.084832191467285, 3.193089008331299, 3.3771328926086426, 3.3881046772003174, 3.4451873302459717, 3.5561680793762207, 3.5532965660095215, 3.5429739952087402, 3.56693696975708, 3.513401508331299, 3.4872701168060303, 3.5896267890930176, 3.646730422973633, 3.677090644836426, 3.6432125568389893]",
2026-03-07T13:15:55Z,406d568da468,trial,34,ok,3.6482632160186768,,clip_dino,0.8971121106678253,0.10288788933217474,1.5839355028107496,7.8671321349482035,0.6360001033242181,0.00823793535549585,,,,,25,3.6482632160186768,3.6826934814453125,2.9845755100250244,,"[1.625650405883789, 1.6187365055084229, 1.7675082683563232, 1.957194209098816, 2.056443214416504, 2.26122784614563, 2.439235210418701, 2.6478846073150635, 2.8901708126068115, 2.958784818649292, 3.0970957279205322, 3.2051315307617188, 3.387880325317383, 3.397613286972046, 3.455381393432617, 3.5649352073669434, 3.561677932739258, 3.5518012046813965, 3.575376033782959, 3.5207393169403076, 3.4945802688598633, 3.595768690109253, 3.6526148319244385, 3.6826934814453125, 3.6482632160186768]",
2026-03-07T13:15:56Z,406d568da468,trial,35,ok,3.6490535736083984,,clip_dino,0.8997150145719407,0.1002849854280593,1.7017679178779708,6.778806323549437,0.6475946573852561,0.007498539530712039,,,,,25,3.6490535736083984,3.6835360527038574,2.985748529434204,,"[1.625650405883789, 1.6191551685333252, 1.7681655883789062, 1.9582990407943726, 2.057286024093628, 2.262181043624878, 2.4404988288879395, 2.6492438316345215, 2.891810655593872, 2.9602925777435303, 3.098491668701172, 3.2065412998199463, 3.3894009590148926, 3.399129629135132, 3.456955909729004, 3.5665485858917236, 3.5632317066192627, 3.553226947784424, 3.576688289642334, 3.522097587585449, 3.495854377746582, 3.5967886447906494, 3.653587818145752, 3.6835360527038574, 3.6490535736083984]",
2026-03-07T13:15:57Z,406d568da468,trial,36,ok,3.6442809104919434,,clip_dino,0.886664299079241,0.11333570092075895,1.6241010006332401,6.522360602785183,0.7106796791698701,0.01519289406258336,,,,,25,3.6442809104919434,3.676600694656372,2.9718117713928223,,"[1.6256506443023682, 1.6182663440704346, 1.7650418281555176, 1.9510992765426636, 2.050290107727051, 2.250710964202881, 2.42612361907959, 2.631676435470581, 2.8696417808532715, 2.9376108646392822, 3.0742034912109375, 3.1830618381500244, 3.3647139072418213, 3.376380443572998, 3.434971332550049, 3.5452146530151367, 3.544166088104248, 3.5379371643066406, 3.561561346054077, 3.5092265605926514, 3.4843661785125732, 3.58730149269104, 3.645200252532959, 3.676600694656372, 3.6442809104919434]",
2026-03-07T13:15:58Z,406d568da468,trial,37,ok,2.5911598205566406,,clip_dino,0.8968423127777226,0.10315768722227736,4.221085357399038,5.82958648683419,0.6872867270053672,0.3499636530626744,,,,,25,2.5911598205566406,2.5911598205566406,2.1547365188598633,,"[1.625650405883789, 1.6239315271377563, 1.6636993885040283, 1.728617548942566, 1.7682019472122192, 1.823516845703125, 1.8911477327346802, 1.960468053817749, 2.0297539234161377, 2.0558581352233887, 2.110391616821289, 2.1837246417999268, 2.248889923095703, 2.2690086364746094, 2.3062493801116943, 2.353597402572632, 2.3733863830566406, 2.401567220687866, 2.423779010772705, 2.4137649536132812, 2.4134631156921387, 2.486368417739868, 2.538452625274658, 2.583765745162964, 2.5911598205566406]",
2026-03-07T13:15:59Z,406d568da468,trial,38,ok,3.575650215148926,,clip_dino,0.8766078571996436,0.12339214280035637,7.110405345594135,9.772418538919553,0.5512202629879738,0.018613033202193822,,,,,25,3.575650215148926,3.595456600189209,2.8727312088012695,,"[1.625650405883789, 1.6247937679290771, 1.7568438053131104, 1.9281435012817383, 2.0171632766723633, 2.1865317821502686, 2.3480138778686523, 2.5291049480438232, 2.736299753189087, 2.7952957153320312, 2.915325880050659, 3.02803373336792, 3.194434404373169, 3.215792655944824, 3.2795825004577637, 3.3865747451782227, 3.3981330394744873, 3.4147400856018066, 3.4378771781921387, 3.399261236190796, 3.3828961849212646, 3.491672992706299, 3.5550057888031006, 3.595456600189209, 3.575650215148926]",
2026-03-07T13:16:00Z,406d568da468,trial,39,ok,2.7789275646209717,,clip_dino,0.1535479174611668,0.8464520825388332,13.304445409116113,31.184892242336065,0.6307336951208146,0.014852828163983875,,,,,25,2.7789275646209717,2.7789275646209717,2.2855091094970703,,"[1.6256505250930786, 1.6259474754333496, 1.6822447776794434, 1.7767126560211182, 1.8160581588745117, 1.8833394050598145, 1.958089828491211, 2.0545554161071777, 2.151982307434082, 2.1780052185058594, 2.2392382621765137, 2.3152761459350586, 2.3997156620025635, 2.4276556968688965, 2.480370283126831, 2.550640106201172, 2.57513427734375, 2.586404323577881, 2.609933853149414, 2.6169204711914062, 2.6098601818084717, 2.683055877685547, 2.734677791595459, 2.7773327827453613, 2.7789275646209717]",
2026-03-07T13:16:01Z,406d568da468,trial,40,ok,3.6162586212158203,,clip_dino,0.8547577888234315,0.14524221117656855,3.3511183493709824,4.345106660254847,0.3090532988047762,0.025099432155344038,,,,,25,3.6162586212158203,3.6402721405029297,2.9212799072265625,,"[1.6256506443023682, 1.6246769428253174, 1.7645936012268066, 1.9444096088409424, 2.0359597206115723, 2.2172298431396484, 2.386103630065918, 2.5771420001983643, 2.7979941368103027, 2.8593664169311523, 2.9845845699310303, 3.0964674949645996, 3.270399808883667, 3.288823366165161, 3.351850748062134, 3.4619388580322266, 3.4692416191101074, 3.477468252182007, 3.4997525215148926, 3.4573183059692383, 3.4375007152557373, 3.5428667068481445, 3.604126453399658, 3.6402721405029297, 3.6162586212158203]",
2026-03-07T13:16:02Z,406d568da468,trial,41,ok,3.6437978744506836,,clip_dino,0.8165019306260167,0.18349806937398327,1.4914642909995464,9.092932690645059,1.0402194342121451,0.0077520718544149365,,,,,25,3.6437978744506836,3.677837610244751,2.9771370887756348,,"[1.6256505250930786, 1.614609718322754, 1.761507272720337, 1.9473901987075806, 2.0491671562194824, 2.2531895637512207, 2.4286818504333496, 2.637260913848877, 2.8782312870025635, 2.9478073120117188, 3.0871381759643555, 3.195310115814209, 3.379094362258911, 3.3897669315338135, 3.446899890899658, 3.557560443878174, 3.554558277130127, 3.5442495346069336, 3.5682127475738525, 3.5143442153930664, 3.488210678100586, 3.590454578399658, 3.6474976539611816, 3.677837610244751, 3.6437978744506836]",
2026-03-07T13:16:03Z,406d568da468,trial,42,ok,3.6431899070739746,,clip_dino,0.8125969090772036,0.1874030909227964,1.5069076091234046,10.71147614154285,0.8459857965337749,0.013867964327343253,,,,,25,3.6431899070739746,3.6756956577301025,2.9709649085998535,,"[1.6256506443023682, 1.6168625354766846, 1.7632567882537842, 1.9484621286392212, 2.048576831817627, 2.249396562576294, 2.424281120300293, 2.6302614212036133, 2.8683719635009766, 2.936814069747925, 3.07405424118042, 3.18282151222229, 3.3649253845214844, 3.3765861988067627, 3.4348206520080566, 3.545289993286133, 3.5440030097961426, 3.5371220111846924, 3.560920238494873, 3.5084409713745117, 3.483424663543701, 3.586536407470703, 3.6443612575531006, 3.6756956577301025, 3.6431899070739746]",
2026-03-07T13:16:04Z,406d568da468,trial,43,ok,3.6462836265563965,,clip_dino,0.8919168674768571,0.10808313252314294,1.7414829328825594,496.17129031663114,0.7182101588770434,0.008430023953036984,,,,,25,3.6462836265563965,3.6805644035339355,2.9819495677948,,"[1.6256505250930786, 1.6183841228485107, 1.766789197921753, 1.9559240341186523, 2.0553383827209473, 2.2597992420196533, 2.4373793601989746, 2.6455721855163574, 2.887077808380127, 2.9558238983154297, 3.0941667556762695, 3.2021379470825195, 3.3840413093566895, 3.3935065269470215, 3.451260566711426, 3.560330390930176, 3.5572872161865234, 3.5481178760528564, 3.5720038414001465, 3.517024040222168, 3.4911952018737793, 3.5930473804473877, 3.650026798248291, 3.6805644035339355, 3.6462836265563965]",
2026-03-07T13:16:05Z,406d568da468,trial,44,ok,3.6470377445220947,,clip_dino,0.8996192275811316,0.10038077241886845,2.135199446863577,277.85606409658527,0.7233958235492733,0.008707051625996014,,,,,25,3.6470377445220947,3.6807851791381836,2.981003761291504,,"[1.625650405883789, 1.6197776794433594, 1.7683354616165161, 1.9578722715377808, 2.0562829971313477, 2.259640693664551, 2.437438726425171, 2.644683599472046, 2.885387897491455, 2.9535136222839355, 3.090890407562256, 3.199096918106079, 3.3803482055664062, 3.3901286125183105, 3.4483861923217773, 3.557340145111084, 3.554917335510254, 3.5470266342163086, 3.5707314014434814, 3.516277313232422, 3.4908127784729004, 3.592751979827881, 3.6499791145324707, 3.6807851791381836, 3.6470377445220947]",
2026-03-07T13:16:06Z,406d568da468,trial,45,ok,3.6512560844421387,,clip_dino,0.8598230455373833,0.1401769544626167,1.9501745910588941,446.4753618467272,0.40905597389406073,0.007855883991523847,,,,,25,3.6512560844421387,3.685685157775879,2.989234685897827,,"[1.625650405883789, 1.6224560737609863, 1.7728925943374634, 1.9661962985992432, 2.0627686977386475, 2.2674999237060547, 2.4478206634521484, 2.6557655334472656, 2.898484230041504, 2.9659037590026855, 3.1028058528900146, 3.210808277130127, 3.3918063640594482, 3.4007205963134766, 3.459197521209717, 3.567467212677002, 3.5644259452819824, 3.555863380432129, 3.5791468620300293, 3.523961067199707, 3.4981069564819336, 3.598672389984131, 3.6555042266845703, 3.685685157775879, 3.6512560844421387]",
2026-03-07T13:16:07Z,406d568da468,trial,46,ok,3.643193006515503,,clip_dino,0.8522259923525971,0.1477740076474029,3.167220603694355,344.74296280326035,0.37264905533433695,0.01302363684719962,,,,,25,3.643193006515503,3.673464298248291,2.9658925533294678,,"[1.6256506443023682, 1.6240568161010742, 1.7714877128601074, 1.9604003429412842, 2.0548415184020996, 2.2507100105285645, 2.4274508953094482, 2.6285505294799805, 2.8626813888549805, 2.927799940109253, 3.0601613521575928, 3.1697592735290527, 3.3470757007598877, 3.359221935272217, 3.4197778701782227, 3.5282368659973145, 3.529615879058838, 3.529195785522461, 3.5522964000701904, 3.5012755393981934, 3.478177547454834, 3.581721782684326, 3.6405134201049805, 3.673464298248291, 3.643193006515503]",
2026-03-07T13:16:08Z,406d568da468,trial,47,ok,3.64799165725708,,clip_dino,0.7929403262954534,0.2070596737045466,5.029812493088417,28.486052475799728,0.5730352475941649,0.0066563284493279,,,,,25,3.64799165725708,3.678806781768799,2.9727377891540527,,"[1.6256506443023682, 1.6243281364440918, 1.772752046585083, 1.9631937742233276, 2.0574989318847656, 2.254655361175537, 2.432490825653076, 2.6350197792053223, 2.871338367462158, 2.9363675117492676, 3.0689892768859863, 3.178579807281494, 3.3577418327331543, 3.370123863220215, 3.4305763244628906, 3.5400032997131348, 3.5407183170318604, 3.53842830657959, 3.560950994491577, 3.5103108882904053, 3.4864463806152344, 3.5885400772094727, 3.64693546295166, 3.678806781768799, 3.64799165725708]",
2026-03-07T13:16:09Z,406d568da468,trial,48,ok,3.6009774208068848,,clip_dino,0.8480260291700374,0.15197397082996256,4.957812165697214,301.2289405189213,0.42138121796948635,0.01993204148495498,,,,,25,3.6009774208068848,3.6239733695983887,2.9034292697906494,,"[1.6256505250930786, 1.6245696544647217, 1.7620104551315308, 1.9387603998184204, 2.0300092697143555, 2.2080585956573486, 2.3747189044952393, 2.561901807785034, 2.7771174907684326, 2.8383593559265137, 2.962740898132324, 3.0747108459472656, 3.2434558868408203, 3.2612485885620117, 3.3240909576416016, 3.430979013442993, 3.4395689964294434, 3.452364921569824, 3.4759511947631836, 3.4322450160980225, 3.4141340255737305, 3.522986888885498, 3.5851478576660156, 3.6239733695983887, 3.6009774208068848]",
2026-03-07T13:16:09Z,406d568da468,trial,49,ok,3.5319924354553223,,clip_dino,0.7904541894426137,0.2095458105573863,22.459055495900273,203.86050767074832,0.6026126766250499,0.0070762336216272734,,,,,25,3.5319924354553223,3.5487608909606934,2.8285489082336426,,"[1.6256505250930786, 1.625381350517273, 1.7507810592651367, 1.9157299995422363, 2.001833438873291, 2.1616058349609375, 2.3174052238464355, 2.4896368980407715, 2.6849701404571533, 2.741551399230957, 2.857221841812134, 2.970273733139038, 3.128377914428711, 3.1507740020751953, 3.214456558227539, 3.317150115966797, 3.3316092491149902, 3.35475754737854, 3.378845691680908, 3.342195987701416, 3.3283615112304688, 3.4398717880249023, 3.504535436630249, 3.5487608909606934, 3.5319924354553223]",
2026-03-07T13:16:11Z,406d568da468,trial,50,ok,3.6438097953796387,,clip_dino,0.7430088940103864,0.2569911059896136,3.946408406555021,219.3009169897548,0.46434280674697803,0.009132155124644162,,,,,25,3.6438097953796387,3.6740684509277344,2.9665749073028564,,"[1.625650405883789, 1.6243000030517578, 1.771915316581726, 1.9612109661102295, 2.055421829223633, 2.2512643337249756, 2.428232192993164, 2.629321575164795, 2.8635811805725098, 2.9285569190979004, 3.0607614517211914, 3.1703879833221436, 3.3477587699890137, 3.3599677085876465, 3.4205915927886963, 3.529093027114868, 3.530489921569824, 3.530083179473877, 3.5530779361724854, 3.502166748046875, 3.479048252105713, 3.5824220180511475, 3.641197681427002, 3.6740684509277344, 3.6438097953796387]",
2026-03-07T13:16:11Z,406d568da468,trial,51,ok,3.6508584022521973,,clip_dino,0.8968576459655107,0.10314235403448935,2.6450640940188386,370.4230150849178,0.5473512652325527,0.006426160599008784,,,,,25,3.6508584022521973,3.685101270675659,2.9880013465881348,,"[1.6256505250930786, 1.6223477125167847, 1.77257239818573, 1.965470314025879, 2.0621016025543213, 2.2664551734924316, 2.4464917182922363, 2.654172897338867, 2.8964858055114746, 2.9638824462890625, 3.10067081451416, 3.208742141723633, 3.389655590057373, 3.398740530014038, 3.457279682159424, 3.5656192302703857, 3.562772274017334, 3.5545318126678467, 3.5778346061706543, 3.522841691970825, 3.497103691101074, 3.597865104675293, 3.6547913551330566, 3.685101270675659, 3.6508584022521973]",
2026-03-07T13:16:12Z,406d568da468,trial,52,ok,3.6502127647399902,,clip_dino,0.8654808818933869,0.1345191181066131,1.9496994244591743,381.77347337833965,0.542326727281754,0.006464905612831207,,,,,25,3.6502127647399902,3.6850268840789795,2.9892282485961914,,"[1.6256505250930786, 1.621165156364441, 1.7712382078170776, 1.963724136352539, 2.0613226890563965, 2.2668492794036865, 2.446683883666992, 2.6553730964660645, 2.898559093475342, 2.966594696044922, 3.1043663024902344, 3.212189197540283, 3.393799066543579, 3.4025392532348633, 3.4605908393859863, 3.5690340995788574, 3.5655176639556885, 3.555929183959961, 3.579409122467041, 3.523850679397583, 3.4977221488952637, 3.598341941833496, 3.6550099849700928, 3.6850268840789795, 3.6502127647399902]",
2026-03-07T13:16:13Z,406d568da468,trial,53,ok,3.6519691944122314,,clip_dino,0.8544524909693133,0.1455475090306867,1.2831209707997764,378.13924955301763,0.3094308627937005,0.006401560020194193,,,,,25,3.6519691944122314,3.6876449584960938,2.9950547218322754,,"[1.625650405883789, 1.621906042098999, 1.773005485534668, 1.967552900314331, 2.064704418182373, 2.2719473838806152, 2.4532053470611572, 2.6630632877349854, 2.908135414123535, 2.976191997528076, 3.114392042160034, 3.221898078918457, 3.4038188457489014, 3.411747455596924, 3.4695425033569336, 3.5775914192199707, 3.5731687545776367, 3.5621237754821777, 3.5854835510253906, 3.5290286540985107, 3.502365827560425, 3.602003574371338, 3.658229351043701, 3.6876449584960938, 3.6519691944122314]",
2026-03-07T13:16:14Z,406d568da468,trial,54,ok,3.6510491371154785,,clip_dino,0.8509677803352268,0.1490322196647732,1.3398463519886898,435.6830465745159,0.2727152327389596,0.0124523918170564,,,,,25,3.6510491371154785,3.6852195262908936,2.9880194664001465,,"[1.6256505250930786, 1.6226050853729248, 1.772911787033081, 1.9659996032714844, 2.0624172687530518, 2.2666196823120117, 2.4467673301696777, 2.6543002128601074, 2.8965249061584473, 2.963794708251953, 3.100407600402832, 3.2085115909576416, 3.389289379119873, 3.398397922515869, 3.4570207595825195, 3.5653135776519775, 3.5625574588775635, 3.554520845413208, 3.5777854919433594, 3.5228564739227295, 3.4971730709075928, 3.5979204177856445, 3.654876232147217, 3.6852195262908936, 3.6510491371154785]",
2026-03-07T13:16:15Z,406d568da468,trial,55,ok,3.6503305435180664,,clip_dino,0.8548358643621776,0.14516413563782238,1.9539176637196096,406.6597922375603,0.2730256359018205,0.012350190469590317,,,,,25,3.6503305435180664,3.6833274364471436,2.9830965995788574,,"[1.625650405883789, 1.623687982559204, 1.7736332416534424, 1.9663217067718506, 2.0616519451141357, 2.2634124755859375, 2.443114757537842, 2.6486849784851074, 2.888756275177002, 2.9551312923431396, 3.0901994705200195, 3.1987781524658203, 3.378396511077881, 3.3883471488952637, 3.4477083683013916, 3.5559821128845215, 3.5545263290405273, 3.548962116241455, 3.5720510482788086, 3.5182981491088867, 3.493396759033203, 3.594787120819092, 3.6522812843322754, 3.6833274364471436, 3.6503305435180664]",
2026-03-07T13:16:16Z,406d568da468,trial,56,ok,3.651355504989624,,clip_dino,0.6681230525734911,0.33187694742650886,1.211965288305787,394.4611852924481,0.27107416251883876,0.011832729912123056,,,,,25,3.651355504989624,3.685286045074463,2.9875760078430176,,"[1.625650405883789, 1.623095989227295, 1.7734930515289307, 1.9668225049972534, 2.0628068447113037, 2.266512393951416, 2.446780204772949, 2.6538891792297363, 2.895768404006958, 2.962745189666748, 3.0989232063293457, 3.2071361541748047, 3.38763427734375, 3.396902322769165, 3.455731153488159, 3.5639891624450684, 3.561511516571045, 3.5540285110473633, 3.577200412750244, 3.5225300788879395, 3.497002124786377, 3.597777843475342, 3.654834747314453, 3.685286045074463, 3.651355504989624]",
2026-03-07T13:16:17Z,406d568da468,trial,57,ok,3.650954246520996,,clip_dino,0.6834793280885519,0.31652067191144806,1.2896320809075172,436.52105668289556,0.2791123649393206,0.012276380570727942,,,,,25,3.650954246520996,3.684633255004883,2.986158847808838,,"[1.6256506443023682, 1.6231266260147095, 1.7733259201049805, 1.9663118124008179, 2.0622332096099854, 2.265420913696289, 2.4454312324523926, 2.652151107788086, 2.8935136795043945, 2.960387706756592, 3.0963315963745117, 3.2046403884887695, 3.384951591491699, 3.3944215774536133, 3.4533681869506836, 3.561666965484619, 3.5594587326049805, 3.552457809448242, 3.5756301879882812, 3.521209716796875, 3.495847463607788, 3.5968339443206787, 3.6540141105651855, 3.684633255004883, 3.650954246520996]",
2026-03-07T13:16:18Z,406d568da468,trial,58,ok,3.6444458961486816,,clip_dino,0.7059751875476576,0.29402481245234235,1.3281350283603446,494.8724322171893,0.20064150271176515,0.023964325570202644,,,,,25,3.6444458961486816,3.6751389503479004,2.9685862064361572,,"[1.6256505250930786, 1.6239360570907593, 1.7717459201812744, 1.961159110069275, 2.055809497833252, 2.2526140213012695, 2.4297738075256348, 2.6315958499908447, 2.866654396057129, 2.932008981704712, 3.0648353099823, 3.1742758750915527, 3.351989984512329, 3.363801956176758, 3.424166202545166, 3.5326321125030518, 3.5335755348205566, 3.5323522090911865, 3.555464744567871, 3.5040156841278076, 3.4806368350982666, 3.5838851928710938, 3.642481803894043, 3.6751389503479004, 3.6444458961486816]",
2026-03-07T13:16:20Z,406d568da468,trial,59,ok,3.6182360649108887,,clip_dino,0.6618773164964266,0.33812268350357344,1.2329213315811651,234.2332125459497,0.29427722464862727,0.047323672574970055,,,,,25,3.6182360649108887,3.643782615661621,2.925591230392456,,"[1.625650405883789, 1.6229603290557861, 1.7635349035263062, 1.9427982568740845, 2.036618232727051, 2.2213263511657715, 2.390674114227295, 2.5833892822265625, 2.8054370880126953, 2.8688430786132812, 2.996922492980957, 3.1081228256225586, 3.2808549404144287, 3.296926259994507, 3.3587806224823, 3.467005968093872, 3.4730448722839355, 3.4808554649353027, 3.504514217376709, 3.458228588104248, 3.438319683074951, 3.5459213256835938, 3.6070356369018555, 3.643782615661621, 3.6182360649108887]",
2026-03-07T13:16:21Z,406d568da468,trial,60,ok,3.6338400840759277,,clip_dino,0.6604609472544636,0.3395390527455364,1.2401944553808864,151.8703279946506,0.33587522859548313,0.032963034633981474,,,,,25,3.6338400840759277,3.6622555255889893,2.94935941696167,,"[1.6256505250930786, 1.622530221939087, 1.7668392658233643, 1.9506456851959229, 2.0458431243896484, 2.2375009059906006, 2.4106011390686035, 2.608762264251709, 2.8381237983703613, 2.903099536895752, 3.034367561340332, 3.1446056365966797, 3.320749044418335, 3.334641456604004, 3.3955342769622803, 3.5043811798095703, 3.507556200027466, 3.510063648223877, 3.5335450172424316, 3.484436511993408, 3.4625420570373535, 3.5680551528930664, 3.6278176307678223, 3.6622555255889893, 3.6338400840759277]",
2026-03-07T13:16:22Z,406d568da468,trial,61,ok,3.6516237258911133,,clip_dino,0.8266226120993108,0.17337738790068924,1.3042262588154632,397.01009790120867,0.2421120372788644,0.012454767685822009,,,,,25,3.6516237258911133,3.6858272552490234,2.988940715789795,,"[1.6256506443023682, 1.6230111122131348, 1.7735823392868042, 1.9672155380249023, 2.0633087158203125, 2.267573356628418, 2.448073625564575, 2.6555986404418945, 2.8980021476745605, 2.9651150703430176, 3.101571559906006, 3.20967435836792, 3.3903517723083496, 3.399386405944824, 3.4580750465393066, 3.566272258758545, 3.5635008811950684, 3.55549955368042, 3.5786921977996826, 3.523728370666504, 3.498030662536621, 3.598611354827881, 3.655539035797119, 3.6858272552490234, 3.6516237258911133]",
2026-03-07T13:16:24Z,406d568da468,trial,62,ok,3.648329496383667,,clip_dino,0.759159410937014,0.240840589062986,1.0225973841099731,306.2809749430216,0.2590968230742113,0.02051107391109491,,,,,25,3.648329496383667,3.681260108947754,2.9800448417663574,,"[1.6256505250930786, 1.622213363647461, 1.771224856376648, 1.961963415145874, 2.058490753173828, 2.260129928588867, 2.438594341278076, 2.6442861557006836, 2.8838295936584473, 2.9508023262023926, 3.0864923000335693, 3.195061683654785, 3.375113010406494, 3.3853092193603516, 3.4443960189819336, 3.553030014038086, 3.551569938659668, 3.545747756958008, 3.5690999031066895, 3.5154366493225098, 3.490546226501465, 3.5924830436706543, 3.6500589847564697, 3.681260108947754, 3.648329496383667]",
2026-03-07T13:16:25Z,406d568da468,trial,63,ok,3.6518115997314453,,clip_dino,0.8294934370195545,0.17050656298044553,1.3032657708264437,186.4613100318593,0.23919791597194565,0.012205969905427771,,,,,25,3.6518115997314453,3.6860849857330322,2.9894280433654785,,"[1.6256506443023682, 1.6230379343032837, 1.7736862897872925, 1.9674608707427979, 2.063541889190674, 2.267949342727661, 2.448550224304199, 2.6561851501464844, 2.898752212524414, 2.9658756256103516, 3.1023786067962646, 3.210458993911743, 3.391200065612793, 3.4001879692077637, 3.4588513374328613, 3.567044973373413, 3.5641984939575195, 3.556057929992676, 3.579235553741455, 3.5242176055908203, 3.4984683990478516, 3.5989649295806885, 3.655856132507324, 3.6860849857330322, 3.6518115997314453]",
2026-03-07T13:16:26Z,406d568da468,trial,64,ok,3.6516215801239014,,clip_dino,0.7076546525495553,0.2923453474504447,1.3536452008483109,185.07889865261706,0.23734622599634816,0.012381681518042996,,,,,25,3.6516215801239014,3.685262680053711,2.98691987991333,,"[1.625650405883789, 1.623603343963623, 1.7740776538848877, 1.9676434993743896, 2.0631518363952637, 2.2662546634674072, 2.446625232696533, 2.6532304286956787, 2.894676446914673, 2.961318016052246, 3.0969934463500977, 3.2053380012512207, 3.385519504547119, 3.3949923515319824, 3.454054594039917, 3.562286853790283, 3.5601415634155273, 3.553305149078369, 3.5763707160949707, 3.5220205783843994, 3.4966790676116943, 3.597501277923584, 3.6546807289123535, 3.685262680053711, 3.6516215801239014]",
2026-03-07T13:16:27Z,406d568da468,trial,65,ok,3.346830129623413,,clip_dino,0.8076513491471462,0.1923486508528538,1.370701448069258,120.39170908873537,0.22329193145815077,0.22918529132455653,,,,,25,3.346830129623413,3.3546957969665527,2.664801836013794,,"[1.625650405883789, 1.6235742568969727, 1.7231274843215942, 1.8598519563674927, 1.9373008012771606, 2.0661580562591553, 2.198598861694336, 2.343630790710449, 2.5021889209747314, 2.5518341064453125, 2.653811454772949, 2.76479434967041, 2.8999083042144775, 2.9261889457702637, 2.9861531257629395, 3.0769379138946533, 3.098055124282837, 3.131869316101074, 3.1581828594207764, 3.1307191848754883, 3.122476100921631, 3.235059976577759, 3.3024487495422363, 3.3546957969665527, 3.346830129623413]",
2026-03-07T13:16:28Z,406d568da468,trial,66,ok,3.649763584136963,,clip_dino,0.7228632833126715,0.27713671668732853,1.0036514275721204,193.25768887545797,0.24904920390272975,0.017470686169845373,,,,,25,3.649763584136963,3.6832103729248047,2.9836819171905518,,"[1.6256505250930786, 1.6224859952926636, 1.772113561630249, 1.9639638662338257, 2.0603673458099365, 2.2630820274353027, 2.4423365592956543, 2.648801326751709, 2.8895204067230225, 2.956573486328125, 3.092602252960205, 3.200986623764038, 3.3813605308532715, 3.391115188598633, 3.4500346183776855, 3.5585408210754395, 3.5565457344055176, 3.549807071685791, 3.573089122772217, 3.5189247131347656, 3.4936940670013428, 3.5950825214385986, 3.6523947715759277, 3.6832103729248047, 3.649763584136963]",
2026-03-07T13:16:29Z,406d568da468,trial,67,ok,3.112757682800293,,clip_dino,0.750241796005971,0.24975820399402904,48.60573085136458,253.7096260426659,0.34668984423225485,0.010456961469723532,,,,,25,3.112757682800293,3.1135878562927246,2.492820978164673,,"[1.6256505250930786, 1.6255903244018555, 1.7031735181808472, 1.8180099725723267, 1.880908727645874, 1.9808175563812256, 2.091667890548706, 2.208507537841797, 2.3329591751098633, 2.3732659816741943, 2.458075523376465, 2.5603206157684326, 2.6701560020446777, 2.6969242095947266, 2.7514710426330566, 2.8268256187438965, 2.850510835647583, 2.8876492977142334, 2.91355037689209, 2.8947372436523438, 2.890198230743408, 2.9938583374023438, 3.0593459606170654, 3.1135878562927246, 3.112757682800293]",
2026-03-07T13:16:30Z,406d568da468,trial,68,ok,3.6086888313293457,,clip_dino,0.8338190496707526,0.1661809503292474,1.1605982091328368,172.79512135720393,0.23948782045755496,0.07244965093682458,,,,,25,3.6086888313293457,3.632941484451294,2.9127092361450195,,"[1.625650405883789, 1.6226810216903687, 1.761073350906372, 1.937569260597229, 2.0310277938842773, 2.212430953979492, 2.3795948028564453, 2.569746971130371, 2.788145065307617, 2.8509764671325684, 2.977748155593872, 3.089341878890991, 3.2604432106018066, 3.277519702911377, 3.3396239280700684, 3.4474916458129883, 3.454784393310547, 3.464829683303833, 3.488694667816162, 3.4436841011047363, 3.4246740341186523, 3.5333139896392822, 3.5950608253479004, 3.632941484451294, 3.6086888313293457]",
2026-03-07T13:16:31Z,406d568da468,trial,69,ok,3.6250805854797363,,clip_dino,0.7699012744079782,0.23009872559202182,2.1676757131665423,83.26030291270645,0.20252585342510349,0.02949722933361785,,,,,25,3.6250805854797363,3.6513209342956543,2.9352517127990723,,"[1.625650405883789, 1.6245770454406738, 1.7672498226165771, 1.950157642364502, 2.042855978012085, 2.2292795181274414, 2.4010353088378906, 2.594862461090088, 2.8192615509033203, 2.882244110107422, 3.0102360248565674, 3.121248245239258, 3.294417381286621, 3.3098111152648926, 3.3718767166137695, 3.4799439907073975, 3.485370635986328, 3.492344856262207, 3.5155324935913086, 3.468644618988037, 3.4482593536376953, 3.554687976837158, 3.615344524383545, 3.6513209342956543, 3.6250805854797363]",
2026-03-07T13:16:32Z,406d568da468,trial,70,ok,3.6475329399108887,,clip_dino,0.5962201589550326,0.40377984104496745,1.8940218105949098,330.8970876881374,0.3152710355789434,0.012135112250359913,,,,,25,3.6475329399108887,3.679100513458252,2.9749643802642822,,"[1.625650405883789, 1.6240789890289307, 1.7729237079620361, 1.9639630317687988, 2.0586745738983154, 2.2573904991149902, 2.435765266418457, 2.6390328407287598, 2.8761603832244873, 2.941788673400879, 3.0753488540649414, 3.1844840049743652, 3.3629722595214844, 3.374102830886841, 3.4341535568237305, 3.542586088180542, 3.542633295059204, 3.539783000946045, 3.562798500061035, 3.5105369091033936, 3.486558675765991, 3.5889673233032227, 3.6471304893493652, 3.679100513458252, 3.6475329399108887]",
2026-03-07T13:16:33Z,406d568da468,trial,71,ok,3.642892599105835,,clip_dino,0.6536414699562029,0.34635853004379713,1.3825477178938768,422.5531520510139,0.28093431016624937,0.022090905085042613,,,,,25,3.642892599105835,3.673311233520508,2.9657416343688965,,"[1.625650405883789, 1.6234365701675415, 1.7706215381622314, 1.9588885307312012, 2.05391001701355, 2.250113010406494, 2.426502227783203, 2.627957582473755, 2.862258195877075, 2.927729606628418, 3.060544490814209, 3.170076370239258, 3.3477489948272705, 3.359865188598633, 3.420226573944092, 3.528846263885498, 3.530043125152588, 3.5291738510131836, 3.5523927211761475, 3.5012354850769043, 3.4780242443084717, 3.581667184829712, 3.640420436859131, 3.673311233520508, 3.642892599105835]",
2026-03-07T13:16:34Z,406d568da468,trial,72,ok,3.6472115516662598,,clip_dino,0.6895450503542621,0.31045494964573794,1.190741585253175,502.0940202371134,0.37571802209428096,0.01666474635310267,,,,,25,3.6472115516662598,3.679924488067627,2.977810859680176,,"[1.6256506443023682, 1.621680736541748, 1.7702146768569946, 1.9600287675857544, 2.056918144226074, 2.258103370666504, 2.435943603515625, 2.6413657665252686, 2.880317211151123, 2.947409152984619, 3.083127498626709, 3.191767692565918, 3.3718085289001465, 3.382246494293213, 3.441319465637207, 3.550100564956665, 3.5488462448120117, 3.5433027744293213, 3.566748857498169, 3.5133113861083984, 3.4885528087615967, 3.5908381938934326, 3.6485373973846436, 3.679924488067627, 3.6472115516662598]",
2026-03-07T13:16:35Z,406d568da468,trial,73,ok,3.652982711791992,,clip_dino,0.7165789342632906,0.28342106573670944,1.3843930994294298,274.2175181082475,0.22990050146453353,0.009529708199247412,,,,,25,3.652982711791992,3.6874399185180664,2.9917352199554443,,"[1.6256505250930786, 1.6236971616744995, 1.7749183177947998, 1.9698476791381836, 2.065387010574341, 2.2701592445373535, 2.4515180587768555, 2.6593313217163086, 2.902472972869873, 2.9693644046783447, 3.1057052612304688, 3.2137372493743896, 3.3943912982940674, 3.403151035308838, 3.4618654251098633, 3.569869041442871, 3.566859722137451, 3.5585334300994873, 3.5815815925598145, 3.5263819694519043, 3.500523805618286, 3.600615978240967, 3.657395124435425, 3.6874399185180664, 3.652982711791992]",
2026-03-07T13:16:36Z,406d568da468,trial,74,ok,3.65098237991333,,clip_dino,0.8310106209490006,0.16898937905099942,2.7855173029895415,266.1018503048039,0.21711177342516996,0.009462055101777759,,,,,25,3.65098237991333,3.6835899353027344,2.9828381538391113,,"[1.6256506443023682, 1.6246857643127441, 1.7750186920166016, 1.9686741828918457, 2.062986135482788, 2.2639107704162598, 2.444124698638916, 2.6489148139953613, 2.88848876953125, 2.9542007446289062, 3.0883679389953613, 3.1971278190612793, 3.376110076904297, 3.386261463165283, 3.446014165878296, 3.554102659225464, 3.5531134605407715, 3.548549175262451, 3.5714190006256104, 3.518075942993164, 3.493443250656128, 3.59475040435791, 3.6523847579956055, 3.6835899353027344, 3.65098237991333]",
2026-03-07T13:16:37Z,406d568da468,trial,75,ok,3.652423858642578,,clip_dino,0.7131682270957382,0.28683177290426176,1.8409557946793877,175.08556516005493,0.24058652858337806,0.009450840652773355,,,,,25,3.652423858642578,3.6860170364379883,2.9878735542297363,,"[1.6256506443023682, 1.6241881847381592, 1.7750358581542969, 1.9693918228149414, 2.0643577575683594, 2.2673537731170654, 2.4482076168060303, 2.654653549194336, 2.896200180053711, 2.962536096572876, 3.097860813140869, 3.2062463760375977, 3.3862180709838867, 3.3956716060638428, 3.4548816680908203, 3.5629990100860596, 3.5609357357025146, 3.5543289184570312, 3.577263832092285, 3.522982597351074, 3.4976747035980225, 3.598294258117676, 3.6554718017578125, 3.6860170364379883, 3.652423858642578]",
2026-03-07T13:16:38Z,406d568da468,trial,76,ok,3.6525261402130127,,clip_dino,0.7219529240206463,0.27804707597935374,1.823075361455981,108.06301042098075,0.23657759590871316,0.00966931733902017,,,,,25,3.6525261402130127,3.6861000061035156,2.9878783226013184,,"[1.6256505250930786, 1.6241841316223145, 1.7750214338302612, 1.9693500995635986, 2.0643181800842285, 2.267275333404541, 2.448110580444336, 2.654554843902588, 2.8961000442504883, 2.9624218940734863, 3.0977258682250977, 3.2061307430267334, 3.386169910430908, 3.395684242248535, 3.4549026489257812, 3.5630807876586914, 3.5610318183898926, 3.554415225982666, 3.577324390411377, 3.523113489151001, 3.4977972507476807, 3.5983927249908447, 3.6555750370025635, 3.6861000061035156, 3.6525261402130127]",
2026-03-07T13:16:40Z,406d568da468,trial,77,ok,3.652644634246826,,clip_dino,0.7073606490373833,0.29263935096261673,1.7429582084090964,102.69779310597825,0.23662871973983549,0.009664294605586815,,,,,25,3.652644634246826,3.6862998008728027,2.9882986545562744,,"[1.6256505250930786, 1.6241424083709717, 1.7750216722488403, 1.9694111347198486, 2.0644311904907227, 2.267556667327881, 2.4484455585479736, 2.6550278663635254, 2.8967390060424805, 2.963109016418457, 3.098505973815918, 3.206881523132324, 3.3870108127593994, 3.3964743614196777, 3.4556474685668945, 3.5638346672058105, 3.5616960525512695, 3.554903745651245, 3.5778141021728516, 3.523533344268799, 3.4981584548950195, 3.5986905097961426, 3.6558337211608887, 3.6862998008728027, 3.652644634246826]",
2026-03-07T13:16:41Z,406d568da468,trial,78,ok,2.6847620010375977,,clip_dino,0.7022783432373776,0.2977216567626224,108.67097056772894,95.40916928405393,0.2396064789564139,0.00956886619319706,,,,,25,2.6847620010375977,2.6847620010375977,2.215304374694824,,"[1.625650405883789, 1.6256487369537354, 1.6731473207473755, 1.7512706518173218, 1.7922747135162354, 1.8532044887542725, 1.926833152770996, 2.004458427429199, 2.0828826427459717, 2.1107544898986816, 2.1686577796936035, 2.2454323768615723, 2.3186254501342773, 2.342418670654297, 2.385132312774658, 2.4377007484436035, 2.459150791168213, 2.487985134124756, 2.5099453926086426, 2.5030088424682617, 2.5018768310546875, 2.579251289367676, 2.633197784423828, 2.679337978363037, 2.6847620010375977]",
2026-03-07T13:16:42Z,406d568da468,trial,79,ok,3.3918192386627197,,clip_dino,0.721067456063753,0.278932543936247,2.2676551628473343,74.26970758078508,0.21659135082372974,0.10993760903750438,,,,,25,3.3918192386627197,3.4014317989349365,2.7024314403533936,,"[1.6256506443023682, 1.6246557235717773, 1.7301180362701416, 1.8739268779754639, 1.9529175758361816, 2.0881168842315674, 2.226015567779541, 2.376706838607788, 2.543020725250244, 2.5938727855682373, 2.6984968185424805, 2.810331106185913, 2.950387954711914, 2.976158857345581, 3.0374979972839355, 3.1309094429016113, 3.150986909866333, 3.1834466457366943, 3.209193468093872, 3.1800549030303955, 3.170823097229004, 3.2836453914642334, 3.3505890369415283, 3.4014317989349365, 3.3918192386627197]",
2026-03-07T13:16:43Z,406d568da468,trial,80,ok,3.6483585834503174,,clip_dino,0.6415096122029352,0.35849038779706477,1.7590540470299378,118.95902281682959,0.22831549065961665,0.013973905855081247,,,,,25,3.6483585834503174,3.6799654960632324,2.9760963916778564,,"[1.625650405883789, 1.624376654624939, 1.7735024690628052, 1.9650951623916626, 2.0595316886901855, 2.258333206176758, 2.4370553493499756, 2.6403846740722656, 2.8777732849121094, 2.9432477951049805, 3.0766685009002686, 3.185817241668701, 3.364370107650757, 3.3755078315734863, 3.435615062713623, 3.5440661907196045, 3.544081211090088, 3.541163444519043, 3.5640616416931152, 3.5118532180786133, 3.4878196716308594, 3.5899953842163086, 3.6481149196624756, 3.6799654960632324, 3.6483585834503174]",
2026-03-07T13:16:44Z,406d568da468,trial,81,ok,3.6514906883239746,,clip_dino,0.6037445820939666,0.39625541790603336,1.473450325664049,183.065713626239,0.25724155764077816,0.010906625701336907,,,,,25,3.6514906883239746,3.684722900390625,2.985328435897827,,"[1.6256506443023682, 1.6239656209945679, 1.774335265159607, 1.9678043127059937, 2.0629239082336426, 2.2651753425598145, 2.445411443710327, 2.6513540744781494, 2.892089605331421, 2.958401679992676, 3.0935251712799072, 3.202045440673828, 3.381887912750244, 3.391693115234375, 3.451014518737793, 3.559286117553711, 3.5575881004333496, 3.5515732765197754, 3.5745484828948975, 3.520655393600464, 3.495568037033081, 3.5965683460235596, 3.653927803039551, 3.684722900390625, 3.6514906883239746]",
2026-03-07T13:16:45Z,406d568da468,trial,82,ok,3.654421091079712,,clip_dino,0.6276756482063872,0.3723243517936128,1.8006999048291605,167.3632966263405,0.25009794943089714,0.0059789048661301756,,,,,25,3.654421091079712,3.68911075592041,2.994497299194336,,"[1.6256506443023682, 1.624300479888916, 1.7761633396148682, 1.972359538078308, 2.0673654079437256, 2.2725985050201416, 2.454792022705078, 2.6628990173339844, 2.9067816734313965, 2.9734349250793457, 3.1096432209014893, 3.2176308631896973, 3.398352861404419, 3.4069204330444336, 3.4656567573547363, 3.5735526084899902, 3.570319890975952, 3.561636209487915, 3.584507465362549, 3.5291669368743896, 3.5031321048736572, 3.60270357131958, 3.6593384742736816, 3.68911075592041, 3.654421091079712]",
2026-03-07T13:16:46Z,406d568da468,trial,83,ok,3.6538589000701904,,clip_dino,0.7067870275430798,0.29321297245692024,1.7526589858420836,123.88925913260323,0.3066150288025454,0.005808773143718062,,,,,25,3.6538589000701904,3.688901901245117,2.9950313568115234,,"[1.6256506443023682, 1.6236168146133423, 1.7752670049667358, 1.9709727764129639, 2.0666580200195312, 2.272615432739258, 2.454554557800293, 2.663299560546875, 2.9076714515686035, 2.9747838973999023, 3.1116576194763184, 3.2194855213165283, 3.4006733894348145, 3.4090311527252197, 3.467459201812744, 3.5754337310791016, 3.571777820587158, 3.5622425079345703, 3.5852532386779785, 3.5295474529266357, 3.5032737255096436, 3.6028048992156982, 3.6592907905578613, 3.688901901245117, 3.6538589000701904]",
2026-03-07T13:16:47Z,406d568da468,trial,84,ok,3.654188632965088,,clip_dino,0.7373931567354954,0.26260684326450456,2.6504825153271296,60.5081230664906,0.30601253824879276,0.005751340536691792,,,,,25,3.654188632965088,3.6882781982421875,2.9917407035827637,,"[1.6256505250930786, 1.6243553161621094, 1.7758060693740845, 1.9712270498275757, 2.0661020278930664, 2.27012300491333, 2.4517393112182617, 2.659050464630127, 2.9018912315368652, 2.968264102935791, 3.103900194168091, 3.2121663093566895, 3.3927955627441406, 3.4020256996154785, 3.4610514640808105, 3.569300651550293, 3.5666890144348145, 3.5589590072631836, 3.5817160606384277, 3.527186393737793, 3.5014495849609375, 3.6013500690460205, 3.658252000808716, 3.6882781982421875, 3.654188632965088]",
2026-03-07T13:16:48Z,406d568da468,trial,85,ok,3.653527021408081,,clip_dino,0.6231042432379522,0.3768957567620478,2.7955708004182003,60.23174548535066,0.305119229218722,0.006038102613663886,,,,,25,3.653527021408081,3.686614990234375,2.987198829650879,,"[1.6256506443023682, 1.6246705055236816, 1.7755515575408936, 1.9700487852096558, 2.064448595046997, 2.2664127349853516, 2.447265863418579, 2.653137683868408, 2.8942208290100098, 2.9600002765655518, 3.094538688659668, 3.203249931335449, 3.383464813232422, 3.393681049346924, 3.4532318115234375, 3.5618832111358643, 3.560316324234009, 3.5542964935302734, 3.5768558979034424, 3.5235962867736816, 3.4983978271484375, 3.5987894535064697, 3.6561267375946045, 3.686614990234375, 3.653527021408081]",
2026-03-07T13:16:49Z,406d568da468,trial,86,ok,3.6503467559814453,,clip_dino,0.5699902026140057,0.4300097973859943,3.6737941899091315,58.78091449007753,0.328295565089829,0.006132191260257945,,,,,25,3.6503467559814453,3.6816020011901855,2.9772183895111084,,"[1.625650405883789, 1.6249675750732422, 1.7744039297103882, 1.9667274951934814, 2.0604472160339355, 2.2585525512695312, 2.437631607055664, 2.640768527984619, 2.8783249855041504, 2.94313907623291, 3.075773000717163, 3.185236930847168, 3.364499092102051, 3.376429796218872, 3.4368531703948975, 3.5460731983184814, 3.546372413635254, 3.543450355529785, 3.5657835006713867, 3.5147275924682617, 3.490569591522217, 3.591994047164917, 3.6501314640045166, 3.6816020011901855, 3.6503467559814453]",
2026-03-07T13:16:50Z,406d568da468,trial,87,ok,3.6544113159179688,,clip_dino,0.6159340863001486,0.38406591369985144,2.893997300000329,37.74130186786347,0.3030583983438642,0.005659918633270349,,,,,25,3.6544113159179688,3.6874351501464844,2.988008737564087,,"[1.625650405883789, 1.6247570514678955, 1.7757318019866943, 1.970382809638977, 2.0646677017211914, 2.266533851623535, 2.4474830627441406, 2.6534972190856934, 2.8948538303375244, 2.960448741912842, 3.0948309898376465, 3.203667640686035, 3.384422779083252, 3.3949575424194336, 3.4545581340789795, 3.5636706352233887, 3.562105178833008, 3.555755376815796, 3.578075885772705, 3.5252909660339355, 3.499915361404419, 3.599909782409668, 3.6572041511535645, 3.6874351501464844, 3.6544113159179688]",
2026-03-07T13:16:51Z,406d568da468,trial,88,ok,3.654654026031494,,clip_dino,0.6202661477168897,0.3797338522831103,2.881317149172273,45.32053661013096,0.34916738628586236,0.005097821173890069,,,,,25,3.654654026031494,3.6881461143493652,2.9899423122406006,,"[1.6256506443023682, 1.624569058418274, 1.7757691144943237, 1.970747470855713, 2.0653128623962402, 2.2681355476379395, 2.4493823051452637, 2.656041145324707, 2.8981480598449707, 2.9640707969665527, 3.0990052223205566, 3.2076213359832764, 3.388517379760742, 3.3985795974731445, 3.45792555809021, 3.566803455352783, 3.5647635459899902, 3.557687282562256, 3.580139636993408, 3.5267066955566406, 3.501115322113037, 3.600975751876831, 3.658085346221924, 3.6881461143493652, 3.654654026031494]",
2026-03-07T13:16:52Z,406d568da468,trial,89,ok,3.654273509979248,,clip_dino,0.5373650830521597,0.4626349169478403,2.7949648082081033,37.81323022771758,0.39263587657281684,0.005218319527829343,,,,,25,3.654273509979248,3.687073230743408,2.9870493412017822,,"[1.625650405883789, 1.6246061325073242, 1.775299072265625, 1.969396710395813, 2.063796281814575, 2.2652390003204346, 2.445819854736328, 2.6517300605773926, 2.892866611480713, 2.958375930786133, 3.092622756958008, 3.201611042022705, 3.3827576637268066, 3.3936853408813477, 3.4533488750457764, 3.562926769256592, 3.561519145965576, 3.5551247596740723, 3.5773203372955322, 3.525075912475586, 3.4996519088745117, 3.5995593070983887, 3.656905174255371, 3.687073230743408, 3.654273509979248]",
2026-03-07T13:16:53Z,406d568da468,trial,90,ok,3.642425060272217,,clip_dino,0.5300593464908299,0.46994065350917014,6.083019588665721,37.10234953732722,0.3969777864278763,0.005054847557643957,,,,,25,3.642425060272217,3.6706748008728027,2.960869073867798,,"[1.6256506443023682, 1.625285029411316, 1.7719759941101074, 1.9607820510864258, 2.053180694580078, 2.244983196258545, 2.4210047721862793, 2.6203415393829346, 2.853053092956543, 2.915806293487549, 3.0451228618621826, 3.1559276580810547, 3.334932327270508, 3.3498928546905518, 3.4116592407226562, 3.5229580402374268, 3.5259056091308594, 3.5259511470794678, 3.54746675491333, 3.5011115074157715, 3.4779043197631836, 3.5793380737304688, 3.63839054107666, 3.6706748008728027, 3.642425060272217]",
2026-03-07T13:16:54Z,406d568da468,trial,91,ok,3.6543126106262207,,clip_dino,0.6194772943134085,0.3805227056865915,2.7525487839366147,47.35965976609715,0.29387327718314876,0.005741537209363616,,,,,25,3.6543126106262207,3.68757963180542,2.988767623901367,,"[1.6256505250930786, 1.6247127056121826, 1.7758227586746216, 1.970705509185791, 2.0650851726531982, 2.2674331665039062, 2.4485676288604736, 2.6548080444335938, 2.896430730819702, 2.9622080326080322, 3.0968613624572754, 3.2055482864379883, 3.3861165046691895, 3.3962936401367188, 3.455775499343872, 3.5645689964294434, 3.5627899169921875, 3.5562660694122314, 3.578725576400757, 3.5254483222961426, 3.5000479221343994, 3.6001086235046387, 3.657331943511963, 3.68757963180542, 3.6543126106262207]",
2026-03-07T13:16:55Z,406d568da468,trial,92,ok,3.6534366607666016,,clip_dino,0.5725043517872088,0.4274956482127912,2.8052261016513294,50.686389612216445,0.3526297165938797,0.00581626320340128,,,,,25,3.6534366607666016,3.6862168312072754,2.9859039783477783,,"[1.6256505250930786, 1.624626636505127, 1.7752383947372437, 1.9692459106445312, 2.06363582611084, 2.2649824619293213, 2.4454784393310547, 2.651052474975586, 2.891716718673706, 2.9573404788970947, 3.0916013717651367, 3.2004876136779785, 3.3809256553649902, 3.3915963172912598, 3.4512763023376465, 3.5603108406066895, 3.559018135070801, 3.553248405456543, 3.5756783485412598, 3.5230021476745605, 3.4978621006011963, 3.598263740539551, 3.655707359313965, 3.6862168312072754, 3.6534366607666016]",
2026-03-07T13:16:56Z,406d568da468,trial,93,ok,3.6538209915161133,,clip_dino,0.6228997271619916,0.3771002728380084,2.964447817497002,41.16742078618694,0.35009045471488515,0.005735848692329431,,,,,25,3.6538209915161133,3.686753749847412,2.9869003295898438,,"[1.625650405883789, 1.6246037483215332, 1.7753466367721558, 1.969557285308838, 2.063994884490967, 2.2656660079956055, 2.446324110031128, 2.6521716117858887, 2.8931984901428223, 2.9588775634765625, 3.0932838916778564, 3.2021265029907227, 3.3827576637268066, 3.3933372497558594, 3.4529433250427246, 3.5620179176330566, 3.560554027557373, 3.554431676864624, 3.5768380165100098, 3.524057388305664, 3.4987871646881104, 3.5990185737609863, 3.656381368637085, 3.686753749847412, 3.6538209915161133]",
2026-03-07T13:16:57Z,406d568da468,trial,94,ok,3.65181303024292,,clip_dino,0.4845904228924993,0.5154095771075007,2.8852867781654097,43.5468563354962,0.4535966840489726,0.005845036055943418,,,,,25,3.65181303024292,3.683483123779297,2.980250358581543,,"[1.6256506443023682, 1.6246073246002197, 1.7742347717285156, 1.9666264057159424, 2.0608108043670654, 2.2598876953125, 2.4391536712646484, 2.643362283706665, 2.8821816444396973, 2.947242498397827, 3.0804495811462402, 3.1898586750030518, 3.3703439235687256, 3.382260799407959, 3.44242525100708, 3.5522937774658203, 3.5520405769348145, 3.5475997924804688, 3.569765567779541, 3.518764019012451, 3.4940338134765625, 3.5947532653808594, 3.652617931365967, 3.683483123779297, 3.65181303024292]",
2026-03-07T13:16:59Z,406d568da468,trial,95,ok,3.6519851684570312,,clip_dino,0.6189669652691865,0.3810330347308135,3.5048902018065538,61.973444504775394,0.35715418679556304,0.00584980245587763,,,,,25,3.6519851684570312,3.684176445007324,2.982198476791382,,"[1.625650405883789, 1.6247615814208984, 1.7749030590057373, 1.9682202339172363, 2.0623645782470703, 2.262453556060791, 2.442379951477051, 2.6469101905822754, 2.8862228393554688, 2.9515857696533203, 3.085244655609131, 3.1943154335021973, 3.3740394115448, 3.3850767612457275, 3.445044755935669, 3.5539562702178955, 3.5533132553100586, 3.548855781555176, 3.5713419914245605, 3.5191125869750977, 3.4944450855255127, 3.5954291820526123, 3.653172731399536, 3.684176445007324, 3.6519851684570312]",
2026-03-07T13:17:00Z,406d568da468,trial,96,ok,3.655276298522949,,clip_dino,0.5787395319932461,0.4212604680067539,2.97460149852328,19.13900746478836,0.2969599958109723,0.005106811322121001,,,,,25,3.655276298522949,3.687839984893799,2.988499641418457,,"[1.6256505250930786, 1.624948263168335, 1.7758790254592896, 1.9705100059509277, 2.064417600631714, 2.265540838241577, 2.446444511413574, 2.652625322341919, 2.8944060802459717, 2.9592504501342773, 3.092984676361084, 3.2023086547851562, 3.38448429107666, 3.3958992958068848, 3.455719232559204, 3.5663986206054688, 3.565000057220459, 3.5576863288879395, 3.57932186126709, 3.5282411575317383, 3.5023045539855957, 3.6010937690734863, 3.658273696899414, 3.687839984893799, 3.655276298522949]",
2026-03-07T13:17:01Z,406d568da468,trial,97,ok,3.6464009284973145,,clip_dino,0.6231989715995586,0.3768010284004414,4.521164856651853,22.29408658013377,0.29382692225065843,0.006935686680948429,,,,,25,3.6464009284973145,3.67573618888855,2.9678497314453125,,"[1.625650405883789, 1.6251921653747559, 1.7730154991149902, 1.9632177352905273, 2.056095600128174, 2.2502543926239014, 2.4274985790252686, 2.628427267074585, 2.863219738006592, 2.926647663116455, 3.057147979736328, 3.1675477027893066, 3.3471102714538574, 3.3611512184143066, 3.4224507808685303, 3.53336238861084, 3.5353102684020996, 3.533975124359131, 3.555623769760132, 3.5078375339508057, 3.484123468399048, 3.58528470993042, 3.643960952758789, 3.67573618888855, 3.6464009284973145]",
2026-03-07T13:17:02Z,406d568da468,trial,98,ok,3.6554341316223145,,clip_dino,0.5817939608298378,0.4182060391701622,2.405048151690798,18.62048935521414,0.44055007463167795,0.005051309511142956,,,,,25,3.6554341316223145,3.6888418197631836,2.990954875946045,,"[1.6256506443023682, 1.6241511106491089, 1.775114893913269, 1.9694454669952393, 2.0643930435180664, 2.2671995162963867, 2.448117733001709, 2.6554675102233887, 2.8983216285705566, 2.964094638824463, 3.0991125106811523, 3.2080183029174805, 3.3906540870666504, 3.4014034271240234, 3.460669755935669, 3.5710010528564453, 3.568765163421631, 3.56020450592041, 3.58219575881958, 3.5299203395843506, 3.5036587715148926, 3.6025538444519043, 3.6594793796539307, 3.6888418197631836, 3.6554341316223145]",
2026-03-07T13:17:03Z,406d568da468,trial,99,ok,3.649970531463623,,clip_dino,0.5447541417366899,0.4552458582633101,3.8089565700945944,17.3111088187441,0.5050296323039094,0.005211106433430939,,,,,25,3.649970531463623,3.6804802417755127,2.9776110649108887,,"[1.6256505250930786, 1.624852180480957, 1.7738044261932373, 1.965367078781128, 2.0588595867156982, 2.256021499633789, 2.434614658355713, 2.6386072635650635, 2.8774020671844482, 2.9409966468811035, 3.0728611946105957, 3.1831302642822266, 3.3654518127441406, 3.3786134719848633, 3.439279556274414, 3.5518229007720947, 3.552103042602539, 3.546234130859375, 3.5674471855163574, 3.5195164680480957, 3.4939794540405273, 3.5927505493164062, 3.650458335876465, 3.6804802417755127, 3.649970531463623]",
2026-03-07T13:17:04Z,406d568da468,trial,100,ok,3.654604196548462,,clip_dino,0.5004268636088679,0.4995731363911321,2.4360996451722965,34.078311959692634,0.44653385346924773,0.005100039107049123,,,,,25,3.654604196548462,3.6876416206359863,2.988285541534424,,"[1.625650405883789, 1.6243536472320557, 1.775083303451538, 1.9691259860992432, 2.063824415206909, 2.265791416168213, 2.4464099407196045, 2.6528468132019043, 2.894556760787964, 2.960244655609131, 3.094844341278076, 3.2037782669067383, 3.3854451179504395, 3.3962955474853516, 3.455791711807251, 3.5656003952026367, 3.563887119293213, 3.5567400455474854, 3.5789079666137695, 3.526583194732666, 3.5008859634399414, 3.600520372390747, 3.6577281951904297, 3.6876416206359863, 3.654604196548462]",
2026-03-07T13:17:05Z,406d568da468,trial,101,ok,3.6550705432891846,,clip_dino,0.4992132574851926,0.5007867425148074,2.4210326820298302,33.76745089756738,0.38834071927156355,0.005024291006993242,,,,,25,3.6550705432891846,3.6881966590881348,2.989260673522949,,"[1.6256505250930786, 1.6245461702346802, 1.7755134105682373, 1.9700310230255127, 2.064542055130005, 2.2666893005371094, 2.4476146697998047, 2.654160261154175, 2.896134376525879, 2.961738109588623, 3.096299409866333, 3.205212354660034, 3.386868953704834, 3.397620916366577, 3.457118511199951, 3.566866874694824, 3.5650696754455566, 3.55780029296875, 3.5799155235290527, 3.5275135040283203, 3.5017542839050293, 3.6012187004089355, 3.6583707332611084, 3.6881966590881348, 3.6550705432891846]",
2026-03-07T13:17:06Z,406d568da468,trial,102,ok,3.6551175117492676,,clip_dino,0.4923883118690317,0.5076116881309682,2.3995190064214307,32.259020289479565,0.3897366288606632,0.005009615950039942,,,,,25,3.6551175117492676,3.6881985664367676,2.989223003387451,,"[1.6256505250930786, 1.624556303024292, 1.7755061388015747, 1.9699928760528564, 2.0644819736480713, 2.2665507793426514, 2.447453737258911, 2.653994560241699, 2.8959734439849854, 2.9615232944488525, 3.0960307121276855, 3.204983711242676, 3.386742115020752, 3.3975720405578613, 3.457089900970459, 3.5669569969177246, 3.5651841163635254, 3.557865858078003, 3.5799317359924316, 3.5276660919189453, 3.501873731613159, 3.6012630462646484, 3.6584134101867676, 3.6881985664367676, 3.6551175117492676]",
2026-03-07T13:17:07Z,406d568da468,trial,103,ok,3.654266834259033,,clip_dino,0.4167342813165074,0.5832657186834926,2.2898269235564372,34.621745715985455,0.43043987792855515,0.005066955959809914,,,,,25,3.654266834259033,3.686729907989502,2.9862582683563232,,"[1.6256506443023682, 1.6246107816696167, 1.775083065032959, 1.9687950611114502, 2.0631041526794434, 2.26393985748291, 2.4442431926727295, 2.6500320434570312, 2.8910365104675293, 2.956228494644165, 3.0901241302490234, 3.199367046356201, 3.381096839904785, 3.3925464153289795, 3.452350616455078, 3.5626673698425293, 3.5614702701568604, 3.5548782348632812, 3.5767955780029297, 3.525437355041504, 3.4998579025268555, 3.599385976791382, 3.6567540168762207, 3.686729907989502, 3.654266834259033]",
2026-03-07T13:17:08Z,406d568da468,trial,104,ok,3.6547703742980957,,clip_dino,0.4699795675760826,0.5300204324239174,2.4035289368697454,32.94456947298506,0.40622586333231675,0.005059980886852366,,,,,25,3.6547703742980957,3.687595844268799,2.9879627227783203,,"[1.6256506443023682, 1.624575138092041, 1.7753245830535889, 1.969480037689209, 2.063900947570801, 2.2654566764831543, 2.4461047649383545, 2.652322769165039, 2.893878221511841, 2.959290027618408, 3.093548536300659, 3.20261812210083, 3.384342670440674, 3.3954262733459473, 3.4550626277923584, 3.565096378326416, 3.563568353652954, 3.556581497192383, 3.5785951614379883, 3.526688575744629, 3.5009982585906982, 3.600471258163452, 3.65771746635437, 3.687595844268799, 3.6547703742980957]",
2026-03-07T13:17:09Z,406d568da468,trial,105,ok,3.6474201679229736,,clip_dino,0.49537906437227575,0.5046209356277243,3.337640964590196,26.522335919290434,0.3847991675937199,0.006952901164013695,,,,,25,3.6474201679229736,3.677105665206909,2.9700753688812256,,"[1.625650405883789, 1.6249778270721436, 1.773001790046692, 1.963291883468628, 2.0565273761749268, 2.2515106201171875, 2.428955078125, 2.6306262016296387, 2.866286039352417, 2.9299683570861816, 3.0609683990478516, 3.171271800994873, 3.351440668106079, 3.3652596473693848, 3.4263572692871094, 3.5375051498413086, 3.5390419960021973, 3.5367703437805176, 3.558414936065674, 3.5103843212127686, 3.4863243103027344, 3.5871644020080566, 3.6456563472747803, 3.677105665206909, 3.6474201679229736]",
2026-03-07T13:17:10Z,406d568da468,trial,106,ok,3.6495606899261475,,clip_dino,0.4677726197067185,0.5322273802932815,2.4006695472533135,31.908180737568014,0.4292950163798038,0.007878252667609754,,,,,25,3.6495606899261475,3.680341958999634,2.9748244285583496,,"[1.6256506443023682, 1.624515414237976, 1.7731987237930298, 1.9640976190567017, 2.0581774711608887, 2.2553908824920654, 2.4335241317749023, 2.6365091800689697, 2.873616933822632, 2.938307762145996, 3.0707178115844727, 3.1804871559143066, 3.360720634460449, 3.373507022857666, 3.4340319633483887, 3.544341802597046, 3.5449366569519043, 3.5417187213897705, 3.5638017654418945, 3.513953447341919, 3.489652633666992, 3.590813159942627, 3.649043560028076, 3.680341958999634, 3.6495606899261475]",
2026-03-07T13:17:11Z,406d568da468,trial,107,ok,3.6463708877563477,,clip_dino,0.5041507629493249,0.4958492370506751,4.228517826868117,17.72047502836104,0.40245656851737754,0.005000946725143866,,,,,25,3.6463708877563477,3.675757884979248,2.972468376159668,,"[1.625650405883789, 1.62521493434906, 1.7734216451644897, 1.9643588066101074, 2.056968927383423, 2.2520439624786377, 2.4299428462982178, 2.6328208446502686, 2.8703999519348145, 2.9328126907348633, 3.0633182525634766, 3.1741204261779785, 3.356280565261841, 3.3700575828552246, 3.4312551021575928, 3.544832706451416, 3.5459213256835938, 3.5404343605041504, 3.5613064765930176, 3.5151820182800293, 3.489701747894287, 3.5878589153289795, 3.645673990249634, 3.675757884979248, 3.6463708877563477]",
2026-03-07T13:17:13Z,406d568da468,trial,108,ok,3.649228096008301,,clip_dino,0.5266391111494056,0.47336088885059435,3.2222372477652073,19.34123777786465,0.47108582965778695,0.006600232474267955,,,,,25,3.649228096008301,3.6795151233673096,2.9745779037475586,,"[1.625650405883789, 1.6247305870056152, 1.7732553482055664, 1.9640710353851318, 2.057718276977539, 2.2541699409484863, 2.4321823120117188, 2.6352686882019043, 2.87272047996521, 2.9366259574890137, 3.0683670043945312, 3.178558588027954, 3.3599541187286377, 3.373365879058838, 3.434135675430298, 3.5459041595458984, 3.5466578006744385, 3.5424110889434814, 3.563915729522705, 3.515662431716919, 3.490828275680542, 3.5907349586486816, 3.6488122940063477, 3.6795151233673096, 3.649228096008301]",
2026-03-07T13:17:14Z,406d568da468,trial,109,ok,3.6423137187957764,,clip_dino,0.4347148777885455,0.5652851222114545,2.5541537159533063,13.395502195729835,0.4923520977107151,0.00810971380484369,,,,,25,3.6423137187957764,3.67080020904541,2.9653027057647705,,"[1.625650405883789, 1.6248106956481934, 1.7715755701065063, 1.9600894451141357, 2.0529942512512207, 2.2461671829223633, 2.422369956970215, 2.6239938735961914, 2.859584331512451, 2.921891689300537, 3.0518431663513184, 3.1628990173339844, 3.344776153564453, 3.3593192100524902, 3.420806646347046, 3.534808874130249, 3.536715030670166, 3.5322933197021484, 3.5533053874969482, 3.5082156658172607, 3.4832189083099365, 3.58197021484375, 3.6401617527008057, 3.67080020904541, 3.6423137187957764]",
2026-03-07T13:17:15Z,406d568da468,trial,110,ok,3.653141975402832,,clip_dino,0.5833954278709709,0.4166045721290291,2.117371467502777,27.677141767095765,0.4415154487563312,0.007119362113744195,,,,,25,3.653141975402832,3.6860976219177246,2.9858803749084473,,"[1.6256506443023682, 1.6237916946411133, 1.7739827632904053, 1.966951608657837, 2.0621893405914307, 2.2639505863189697, 2.443876266479492, 2.650054931640625, 2.891083240509033, 2.957141876220703, 3.092008113861084, 3.2008678913116455, 3.382206439971924, 3.3930301666259766, 3.4524478912353516, 3.5620226860046387, 3.5604379177093506, 3.553738594055176, 3.5762033462524414, 3.523629903793335, 3.498187303543091, 3.5984835624694824, 3.655829906463623, 3.6860976219177246, 3.653141975402832]",
2026-03-07T13:17:16Z,406d568da468,trial,111,ok,3.6544902324676514,,clip_dino,0.39409319769785484,0.6059068023021452,2.2763261240562818,33.80990093122626,0.33153945869168383,0.0050239375854666275,,,,,25,3.6544902324676514,3.6867432594299316,2.9861884117126465,,"[1.6256505250930786, 1.6249412298202515, 1.7755470275878906, 1.969650387763977, 2.0635263919830322, 2.263958215713501, 2.4444456100463867, 2.649993896484375, 2.890900135040283, 2.9557223320007324, 3.0891921520233154, 3.1985716819763184, 3.3802647590637207, 3.3918914794921875, 3.451862335205078, 3.5623488426208496, 3.561336040496826, 3.554924488067627, 3.5766618251800537, 3.5257084369659424, 3.500133752822876, 3.5994277000427246, 3.6568164825439453, 3.6867432594299316, 3.6544902324676514]",
2026-03-07T13:17:17Z,406d568da468,trial,112,ok,3.649451732635498,,clip_dino,0.3282848604981104,0.6717151395018897,2.4257992393969787,24.115977170938624,0.3984370421765794,0.005003557612194277,,,,,25,3.649451732635498,3.6797289848327637,2.9774391651153564,,"[1.625650405883789, 1.6251144409179688, 1.7741296291351318, 1.966054916381836, 2.059098958969116, 2.2559092044830322, 2.4346630573272705, 2.6385810375213623, 2.877476215362549, 2.940572738647461, 3.072016477584839, 3.182457685470581, 3.364885091781616, 3.3780999183654785, 3.4389052391052246, 3.5518665313720703, 3.5522382259368896, 3.546093463897705, 3.56710147857666, 3.5197200775146484, 3.4940133094787598, 3.59226131439209, 3.6498866081237793, 3.6797289848327637, 3.649451732635498]",
2026-03-07T13:17:18Z,406d568da468,trial,113,ok,3.651242733001709,,clip_dino,0.5555102995628582,0.44448970043714175,3.180684236449352,49.65657686389014,0.33164475965979673,0.006443844808252392,,,,,25,3.651242733001709,3.6828088760375977,2.979241371154785,,"[1.6256505250930786, 1.6248656511306763, 1.7745435237884521, 1.967172384262085, 2.0610687732696533, 2.2598586082458496, 2.4392142295837402, 2.6429357528686523, 2.881230354309082, 2.9462060928344727, 3.0791873931884766, 3.1885576248168945, 3.3682522773742676, 3.379999876022339, 3.4402682781219482, 3.549600124359131, 3.5495545864105225, 3.5459084510803223, 3.5682125091552734, 3.516932964324951, 3.492513656616211, 3.5936336517333984, 3.651613473892212, 3.6828088760375977, 3.651242733001709]",
2026-03-07T13:17:19Z,406d568da468,trial,114,ok,3.654759407043457,,clip_dino,0.4666027791499618,0.5333972208500382,2.1450501176878607,38.90217668180516,0.37132087397629165,0.0054176624072835595,,,,,25,3.654759407043457,3.6878750324249268,2.9887423515319824,,"[1.6256505250930786, 1.624518871307373, 1.7754261493682861, 1.9698446989059448, 2.064389705657959, 2.266491651535034, 2.447343349456787, 2.6537556648254395, 2.895522117614746, 2.9611971378326416, 3.0957813262939453, 3.2046523094177246, 3.3860511779785156, 3.3967270851135254, 3.4562273025512695, 3.5657706260681152, 3.5640246868133545, 3.5570149421691895, 3.579228162765503, 3.5266599655151367, 3.5010242462158203, 3.6007094383239746, 3.6579082012176514, 3.6878750324249268, 3.654759407043457]",
2026-03-07T13:17:20Z,406d568da468,trial,115,ok,3.6486456394195557,,clip_dino,0.3920428751382912,0.6079571248617088,2.040921169595649,15.102504441532083,0.3630095385094958,0.007220372062021659,,,,,25,3.6486456394195557,3.6787726879119873,2.9760406017303467,,"[1.625650405883789, 1.624924659729004, 1.7735860347747803, 1.9648195505142212, 2.0580806732177734, 2.2545974254608154, 2.4329171180725098, 2.636688470840454, 2.875248908996582, 2.9384102821350098, 3.0698628425598145, 3.1803488731384277, 3.3628597259521484, 3.376223564147949, 3.437046527862549, 3.5501785278320312, 3.5506651401519775, 3.5445871353149414, 3.5656421184539795, 3.5184571743011475, 3.4927940368652344, 3.5911636352539062, 3.6488499641418457, 3.6787726879119873, 3.6486456394195557]",
2026-03-07T13:17:21Z,406d568da468,trial,116,ok,3.653453826904297,,clip_dino,0.4716714463381074,0.5283285536618926,2.2193855373082094,31.41104398386066,0.3371811153867645,0.006533744615380944,,,,,25,3.653453826904297,3.685629367828369,2.984078884124756,,"[1.6256505250930786, 1.6246927976608276, 1.7749214172363281, 1.9682945013046265, 2.0624752044677734, 2.2626559734344482, 2.4426581859588623, 2.6477832794189453, 2.887920379638672, 2.9530558586120605, 3.086658000946045, 3.1959381103515625, 3.3770296573638916, 3.3885982036590576, 3.4485576152801514, 3.5585575103759766, 3.557738780975342, 3.552122116088867, 3.574160099029541, 3.5228285789489746, 3.4976367950439453, 3.597688913345337, 3.655261516571045, 3.685629367828369, 3.653453826904297]",
2026-03-07T13:17:22Z,406d568da468,trial,117,ok,3.636169195175171,,clip_dino,0.44918039117524083,0.5508196088247592,3.5983606717776615,23.787965896232922,0.3214313751727197,0.008399955463001988,,,,,25,3.636169195175171,3.6630477905273438,2.9513955116271973,,"[1.6256506443023682, 1.6252546310424805, 1.7702597379684448, 1.9569236040115356, 2.048839807510376, 2.2376770973205566, 2.411912441253662, 2.609377861022949, 2.8395466804504395, 2.9014549255371094, 3.029353618621826, 3.1406519412994385, 3.3191657066345215, 3.3352560997009277, 3.3975558280944824, 3.5095677375793457, 3.5136871337890625, 3.5149850845336914, 3.5363528728485107, 3.4919514656066895, 3.4692463874816895, 3.570774555206299, 3.6302263736724854, 3.6630477905273438, 3.636169195175171]",
2026-03-07T13:17:23Z,406d568da468,trial,118,ok,3.619105339050293,,clip_dino,0.3439171544955585,0.6560828455044415,5.626643428900428,41.76615817465901,0.2903982208683172,0.0055856482647772985,,,,,25,3.619105339050293,3.6430611610412598,2.9287357330322266,,"[1.6256505250930786, 1.625521183013916, 1.7668347358703613, 1.949692726135254, 2.039813280105591, 2.221890687942505, 2.3924636840820312, 2.585238218307495, 2.8093035221099854, 2.869076728820801, 2.99346661567688, 3.105609178543091, 3.2817933559417725, 3.29998779296875, 3.363455295562744, 3.476013660430908, 3.4827446937561035, 3.487293004989624, 3.508504867553711, 3.467972755432129, 3.4466774463653564, 3.548459529876709, 3.6087594032287598, 3.6430611610412598, 3.619105339050293]",
2026-03-07T13:17:24Z,406d568da468,trial,119,ok,3.6219677925109863,,clip_dino,0.5138718511867152,0.4861281488132848,7.247807487755348,29.0388252221767,0.37314435238820404,0.0062452623782663155,,,,,25,3.6219677925109863,3.6463699340820312,2.9318692684173584,,"[1.6256506443023682, 1.6254346370697021, 1.767235517501831, 1.9504237174987793, 2.0409631729125977, 2.224018096923828, 2.3950281143188477, 2.5883982181549072, 2.8131656646728516, 2.873420238494873, 2.998420238494873, 3.1104273796081543, 3.2868714332580566, 3.3048195838928223, 3.3680918216705322, 3.480410099029541, 3.4868037700653076, 3.4911916255950928, 3.512486457824707, 3.471233367919922, 3.449845314025879, 3.5518953800201416, 3.612159252166748, 3.6463699340820312, 3.6219677925109863]",
2026-03-07T13:17:25Z,406d568da468,trial,120,ok,1.850654125213623,,clip_dino,0.6057881340409164,0.39421186595908364,12.062702836259716,21.105484900466216,0.48294562122001766,0.5419498173599434,,,,,25,1.850654125213623,1.850654125213623,1.742768406867981,,"[1.6256505250930786, 1.6255595684051514, 1.6333017349243164, 1.6475539207458496, 1.6557791233062744, 1.6665973663330078, 1.6816097497940063, 1.6964235305786133, 1.7101926803588867, 1.7161650657653809, 1.728280782699585, 1.7461810111999512, 1.7596606016159058, 1.76487398147583, 1.7750194072723389, 1.7858331203460693, 1.7910804748535156, 1.7975207567214966, 1.8039939403533936, 1.8023205995559692, 1.8033618927001953, 1.8203588724136353, 1.8343570232391357, 1.8468822240829468, 1.850654125213623]",
2026-03-07T13:17:26Z,406d568da468,trial,121,ok,3.6545939445495605,,clip_dino,0.4860409231253166,0.5139590768746833,2.51747648173387,36.237098227178755,0.408390633155663,0.005063978331808953,,,,,25,3.6545939445495605,3.6874403953552246,2.987694501876831,,"[1.6256506443023682, 1.6245689392089844, 1.7753057479858398, 1.9694472551345825, 2.0638866424560547, 2.2654576301574707, 2.446089744567871, 2.6522176265716553, 2.8936374187469482, 2.959120750427246, 3.0934157371520996, 3.202434539794922, 3.3839240074157715, 3.3949153423309326, 3.4545459747314453, 3.564365863800049, 3.562859058380127, 3.556086301803589, 3.578188896179199, 3.5260915756225586, 3.5005054473876953, 3.6001663208007812, 3.6574463844299316, 3.6874403953552246, 3.6545939445495605]",
2026-03-07T13:17:27Z,406d568da468,trial,122,ok,3.6539721488952637,,clip_dino,0.4845743639157118,0.5154256360842882,2.517102034988382,34.33853656369966,0.416380741048713,0.005453025909526462,,,,,25,3.6539721488952637,3.6864800453186035,2.9857873916625977,,"[1.6256505250930786, 1.624556064605713, 1.774980902671814, 1.968601107597351, 2.0629918575286865, 2.2638697624206543, 2.4441092014312744, 2.649770736694336, 2.890552520751953, 2.95589542388916, 3.0898866653442383, 3.199042797088623, 3.3804192543029785, 3.3917295932769775, 3.4515089988708496, 3.5614871978759766, 3.5603153705596924, 3.5540547370910645, 3.5761258602142334, 3.5244479179382324, 3.4990363121032715, 3.598890781402588, 3.6563148498535156, 3.6864800453186035, 3.6539721488952637]",
2026-03-07T13:17:29Z,406d568da468,trial,123,ok,3.6509008407592773,,clip_dino,0.4297843658325146,0.5702156341674853,2.068925626434643,52.07732423696343,0.37084443588069055,0.007548263107040634,,,,,25,3.6509008407592773,3.6824896335601807,2.9787697792053223,,"[1.6256505250930786, 1.6245629787445068, 1.7740068435668945, 1.9661089181900024, 2.060337543487549, 2.2591874599456787, 2.4382400512695312, 2.6420817375183105, 2.8803491592407227, 2.945509433746338, 3.0787010192871094, 3.188058614730835, 3.3679637908935547, 3.379762649536133, 3.439948558807373, 3.5494132041931152, 3.549316644668579, 3.5454859733581543, 3.567849636077881, 3.5165793895721436, 3.4921162128448486, 3.5933189392089844, 3.6513004302978516, 3.6824896335601807, 3.6509008407592773]",
2026-03-07T13:17:30Z,406d568da468,trial,124,ok,3.645826816558838,,clip_dino,0.4616593552515196,0.5383406447484804,4.619647096704614,38.31891414686123,0.5145634407777563,0.0050214914566525555,,,,,25,3.645826816558838,3.675004720687866,2.9671220779418945,,"[1.625650405883789, 1.6250693798065186, 1.7726362943649292, 1.962385654449463, 2.0553503036499023, 2.2492592334747314, 2.426210880279541, 2.62717342376709, 2.861943483352661, 2.9252710342407227, 3.0556936264038086, 3.1661996841430664, 3.3461496829986572, 3.360393524169922, 3.421724319458008, 3.533100128173828, 3.535097122192383, 3.533428192138672, 3.554980754852295, 3.5076487064361572, 3.4837982654571533, 3.584702730178833, 3.6433563232421875, 3.675004720687866, 3.645826816558838]",
2026-03-07T13:17:31Z,406d568da468,trial,125,ok,3.650790214538574,,clip_dino,0.4001534786947431,0.5998465213052568,2.5029282447194596,27.38182175549279,0.26375844462463693,0.006331078862598013,,,,,25,3.650790214538574,3.6813647747039795,2.9772043228149414,,"[1.6256505250930786, 1.6251842975616455, 1.7744377851486206, 1.9666792154312134, 2.0598433017730713, 2.2568368911743164, 2.435739040374756, 2.639005661010742, 2.8770108222961426, 2.940793752670288, 3.072481632232666, 3.1825573444366455, 3.3636085987091064, 3.376678228378296, 3.43744158744812, 3.54872465133667, 3.5492947101593018, 3.545111656188965, 3.5665645599365234, 3.5178239345550537, 3.492988348007202, 3.592756986618042, 3.650740623474121, 3.6813647747039795, 3.650790214538574]",
2026-03-07T13:17:32Z,406d568da468,trial,126,ok,3.6534225940704346,,clip_dino,0.5840645347924692,0.4159354652075308,1.5665767843290108,45.491128719475675,0.4488430478693605,0.005682102422124322,,,,,25,3.6534225940704346,3.6881051063537598,2.992572069168091,,"[1.625650405883789, 1.622814416885376, 1.773756742477417, 1.9679288864135742, 2.0642664432525635, 2.2695257663726807, 2.450469970703125, 2.659036159515381, 2.9027929306030273, 2.970050811767578, 3.106961250305176, 3.2150063514709473, 3.3968889713287354, 3.4059901237487793, 3.4644241333007812, 3.573153495788574, 3.5697858333587646, 3.5603084564208984, 3.5832488536834717, 3.5283312797546387, 3.502070903778076, 3.601836919784546, 3.6584739685058594, 3.6881051063537598, 3.6534225940704346]",
2026-03-07T13:17:33Z,406d568da468,trial,127,ok,3.223902463912964,,clip_dino,0.37183407496606335,0.6281659250339366,28.80942626340902,70.29059191751499,0.3259333676616293,0.006975680128603137,,,,,25,3.223902463912964,3.227998971939087,2.5790140628814697,,"[1.6256506443023682, 1.6256656646728516, 1.7144412994384766, 1.8447144031524658, 1.910420298576355, 2.02150821685791, 2.1405248641967773, 2.2735509872436523, 2.418137311935425, 2.4603867530822754, 2.549856424331665, 2.6534485816955566, 2.7802131175994873, 2.8105337619781494, 2.871800184249878, 2.960391044616699, 2.984506607055664, 3.0115110874176025, 3.036153793334961, 3.0228073596954346, 3.0150041580200195, 3.1138577461242676, 3.1783652305603027, 3.227998971939087, 3.223902463912964]",
2026-03-07T13:17:34Z,406d568da468,trial,128,ok,3.653487205505371,,clip_dino,0.5223212749803158,0.4776787250196842,3.065291606790582,32.37541515045111,0.2880517208726256,0.005579315340380308,,,,,25,3.653487205505371,3.6853771209716797,2.9834280014038086,,"[1.6256506443023682, 1.6250393390655518, 1.7753384113311768, 1.9690183401107788, 2.0627317428588867, 2.2623252868652344, 2.4424304962158203, 2.647129535675049, 2.8869285583496094, 2.9516818523406982, 3.0847740173339844, 3.1942005157470703, 3.375093936920166, 3.3868913650512695, 3.4470596313476562, 3.557140588760376, 3.556610584259033, 3.5514473915100098, 3.573330879211426, 3.52241849899292, 3.4973413944244385, 3.5973029136657715, 3.6549534797668457, 3.6853771209716797, 3.653487205505371]",
2026-03-07T13:17:35Z,406d568da468,trial,129,ok,3.6440324783325195,,clip_dino,0.649805443574287,0.35019455642571296,4.093496035143609,24.83079944833537,0.3466704865970428,0.008664869158276042,,,,,25,3.6440324783325195,3.6730611324310303,2.9634311199188232,,"[1.6256506443023682, 1.624957799911499, 1.772048830986023, 1.9610079526901245, 2.054150104522705, 2.247453451156616, 2.423837423324585, 2.6237850189208984, 2.8570127487182617, 2.920714855194092, 3.0511374473571777, 3.1615028381347656, 3.3400001525878906, 3.3541464805603027, 3.4154956340789795, 3.525693893432617, 3.528109550476074, 3.528266429901123, 3.550309181213379, 3.502225637435913, 3.4791557788848877, 3.5814967155456543, 3.6405277252197266, 3.6730611324310303, 3.6440324783325195]",
2026-03-07T13:17:36Z,406d568da468,trial,130,ok,3.652693748474121,,clip_dino,0.48437634731316215,0.5156236526868379,2.266316069968604,15.981604871978604,0.41210987282609374,0.006434140258334399,,,,,25,3.652693748474121,3.684317111968994,2.983121633529663,,"[1.6256505250930786, 1.6245700120925903, 1.7743399143218994, 1.9669091701507568, 2.0610294342041016, 2.2603812217712402, 2.4398717880249023, 2.6452152729034424, 2.8856382369995117, 2.9500985145568848, 3.0832061767578125, 3.1929869651794434, 3.3756115436553955, 3.3879477977752686, 3.4480772018432617, 3.559891700744629, 3.5592117309570312, 3.552280902862549, 3.573744058609009, 3.5242228507995605, 3.4983654022216797, 3.597179889678955, 3.6545982360839844, 3.684317111968994, 3.652693748474121]",
2026-03-07T13:17:37Z,406d568da468,trial,131,ok,3.6538963317871094,,clip_dino,0.5397385742104306,0.4602614257895694,2.794913854077448,37.929816931409455,0.3870806128448425,0.005484440586621132,,,,,25,3.6538963317871094,3.686522960662842,2.9859778881073,,"[1.625650405883789, 1.6246166229248047, 1.7751550674438477, 1.9690059423446655, 2.0633654594421387, 2.2644448280334473, 2.4448328018188477, 2.650459051132202, 2.8912136554718018, 2.9566612243652344, 3.090747356414795, 3.1997923851013184, 3.3807830810546875, 3.391840934753418, 3.451584815979004, 3.561163902282715, 3.5599427223205566, 3.553900718688965, 3.5761077404022217, 3.524017095565796, 3.4987215995788574, 3.5987911224365234, 3.656224489212036, 3.686522960662842, 3.6538963317871094]",
2026-03-07T13:17:38Z,406d568da468,trial,132,ok,3.6508779525756836,,clip_dino,0.5601533436531101,0.4398466563468899,1.9784602998279412,37.773364965631984,0.9258848769544887,0.005130215541106258,,,,,25,3.6508779525756836,3.684800624847412,2.9860053062438965,,"[1.6256506443023682, 1.6209453344345093, 1.770352840423584, 1.961344599723816, 2.059020519256592, 2.262784719467163, 2.4416239261627197, 2.649498462677002, 2.89155912399292, 2.959195375442505, 3.0962131023406982, 3.204578399658203, 3.3870699405670166, 3.3972725868225098, 3.4556941986083984, 3.5654072761535645, 3.5627121925354004, 3.553823947906494, 3.5768980979919434, 3.5231196880340576, 3.497124195098877, 3.597780466079712, 3.654785633087158, 3.684800624847412, 3.6508779525756836]",
2026-03-07T13:17:39Z,406d568da468,trial,133,ok,3.6524887084960938,,clip_dino,0.4935505219983428,0.5064494780016572,2.6700954441361002,19.793949965623195,0.38451445255113503,0.006061856340363865,,,,,25,3.6524887084960938,3.683892250061035,2.9817824363708496,,"[1.6256505250930786, 1.6247960329055786, 1.7745206356048584, 1.967163324356079, 2.060997247695923, 2.259803295135498, 2.4392361640930176, 2.6439809799194336, 2.8837246894836426, 2.9480714797973633, 3.0808286666870117, 3.1906330585479736, 3.3726491928100586, 3.3851170539855957, 3.445411205291748, 3.556856632232666, 3.5565125942230225, 3.550527334213257, 3.5720396041870117, 3.522522211074829, 3.4970340728759766, 3.5962560176849365, 3.6538541316986084, 3.683892250061035, 3.6524887084960938]",
2026-03-07T13:17:40Z,406d568da468,trial,134,ok,3.649385452270508,,clip_dino,0.5919734009629772,0.40802659903702276,3.0696291889869673,45.29686531918671,0.45632394765825507,0.007524954196627472,,,,,25,3.649385452270508,3.680628776550293,2.975756883621216,,"[1.6256505250930786, 1.6243687868118286, 1.7732787132263184, 1.9644718170166016, 2.0588302612304688, 2.2569215297698975, 2.4353294372558594, 2.638564348220825, 2.8758769035339355, 2.941047191619873, 3.0740456581115723, 3.1834912300109863, 3.3630146980285645, 3.3750505447387695, 3.435335159301758, 3.5447421073913574, 3.5450150966644287, 3.5419211387634277, 3.564408779144287, 3.513359546661377, 3.4891958236694336, 3.5909006595611572, 3.649083137512207, 3.680628776550293, 3.649385452270508]",
2026-03-07T13:17:41Z,406d568da468,trial,135,ok,3.650428295135498,,clip_dino,0.5098714193593795,0.4901285806406205,3.6779361648508098,54.301081319018586,0.3545416303696487,0.005595146527941063,,,,,25,3.650428295135498,3.6814470291137695,2.976646661758423,,"[1.625650405883789, 1.6250147819519043, 1.774321436882019, 1.9664740562438965, 2.0600695610046387, 2.2577152252197266, 2.436634063720703, 2.6396186351776123, 2.877023935317993, 2.9416146278381348, 3.0739572048187256, 3.183579921722412, 3.363163948059082, 3.3754830360412598, 3.4360246658325195, 3.545665740966797, 3.5461411476135254, 3.543220043182373, 3.5653624534606934, 3.5148911476135254, 3.4906928539276123, 3.5918989181518555, 3.6500744819641113, 3.6814470291137695, 3.650428295135498]",
2026-03-07T13:17:42Z,406d568da468,trial,136,ok,3.6556687355041504,,clip_dino,0.5393002033978703,0.4606997966021297,2.3445384900594277,35.14932125148325,0.31521499891124405,0.005044591082240102,,,,,25,3.6556687355041504,3.689288377761841,2.991719961166382,,"[1.6256505250930786, 1.6246427297592163, 1.7760803699493408, 1.9714585542678833, 2.065953493118286, 2.2690744400024414, 2.4506139755249023, 2.6576943397521973, 2.9004430770874023, 2.966256618499756, 3.1012203693389893, 3.209887981414795, 3.3913979530334473, 3.4015731811523438, 3.4608724117279053, 3.570143222808838, 3.567897319793701, 3.5601348876953125, 3.5823707580566406, 3.5291829109191895, 3.503286600112915, 3.6026151180267334, 3.6595888137817383, 3.689288377761841, 3.6556687355041504]",
2026-03-07T13:17:43Z,406d568da468,trial,137,ok,3.653942584991455,,clip_dino,0.5744964408461811,0.4255035591538189,2.2684574419207744,32.48483300177819,0.321607500569426,0.006795839906607935,,,,,25,3.653942584991455,3.686864137649536,2.9869704246520996,,"[1.6256505250930786, 1.624487280845642, 1.7751528024673462, 1.9691743850708008, 2.0637283325195312, 2.265397548675537, 2.445948600769043, 2.6519110202789307, 2.893031358718872, 2.958726406097412, 3.093177318572998, 3.202059268951416, 3.3829891681671143, 3.3937015533447266, 3.4532856941223145, 3.5625948905944824, 3.5611019134521484, 3.5547547340393066, 3.5771002769470215, 3.5244975090026855, 3.499134063720703, 3.599250078201294, 3.656593084335327, 3.686864137649536, 3.653942584991455]",
2026-03-07T13:17:44Z,406d568da468,trial,138,ok,3.6567845344543457,,clip_dino,0.44631105586887665,0.5536889441311234,1.6231146060668773,27.562888297662095,0.2693613157027216,0.005005799877797246,,,,,25,3.6567845344543457,3.690830707550049,2.994882822036743,,"[1.6256505250930786, 1.6246438026428223, 1.776496410369873, 1.9725745916366577, 2.06711483001709, 2.271146535873413, 2.453228235244751, 2.661177635192871, 2.9051246643066406, 2.970968723297119, 3.106276750564575, 3.2148797512054443, 3.397151470184326, 3.4071404933929443, 3.46622896194458, 3.5758073329925537, 3.573029041290283, 3.5639986991882324, 3.586057424545288, 3.5327696800231934, 3.506369113922119, 3.604964017868042, 3.6616554260253906, 3.690830707550049, 3.6567845344543457]",
2026-03-07T13:17:45Z,406d568da468,trial,139,ok,3.6549811363220215,,clip_dino,0.4475205426546275,0.5524794573453725,1.9263155450052185,29.74693052090902,0.2820238800242724,0.006142460524157799,,,,,25,3.6549811363220215,3.6877756118774414,2.9881649017333984,,"[1.6256505250930786, 1.6247882843017578, 1.775688886642456, 1.9701952934265137, 2.0643763542175293, 2.265854835510254, 2.4466986656188965, 2.6527915000915527, 2.8943123817443848, 2.95959734916687, 3.0936942100524902, 3.2027719020843506, 3.3842992782592773, 3.3953521251678467, 3.4550530910491943, 3.5649633407592773, 3.56349515914917, 3.5567095279693604, 3.5786941051483154, 3.5267717838287354, 3.501143217086792, 3.600602626800537, 3.6578636169433594, 3.6877756118774414, 3.6549811363220215]",
2026-03-07T13:17:46Z,406d568da468,trial,140,ok,3.655907154083252,,clip_dino,0.4417406107423972,0.5582593892576029,1.6330916958165937,22.135782014616918,0.2532857366663112,0.006247384590669343,,,,,25,3.655907154083252,3.689070463180542,2.990875482559204,,"[1.6256505250930786, 1.6247626543045044, 1.7760131359100342, 1.9710793495178223, 2.0653347969055176, 2.267625093460083, 2.4489192962646484, 2.6557822227478027, 2.8983469009399414, 2.9636740684509277, 3.098098039627075, 3.2071149349212646, 3.3892927169799805, 3.4001452922821045, 3.4596610069274902, 3.5698459148406982, 3.5679118633270264, 3.560009717941284, 3.581859588623047, 3.5298280715942383, 3.503753900527954, 3.6025941371917725, 3.659606456756592, 3.689070463180542, 3.655907154083252]",
2026-03-07T13:17:47Z,406d568da468,trial,141,ok,3.656754493713379,,clip_dino,0.41646491571941974,0.5835350842805802,1.6492845381938948,22.875365664230507,0.2650275059917613,0.00503318445034082,,,,,25,3.656754493713379,3.690321445465088,2.99362850189209,,"[1.6256505250930786, 1.624798059463501, 1.7764551639556885, 1.9722241163253784, 2.0664894580841064, 2.2696352005004883, 2.4514636993408203, 2.6590535640716553, 2.902635335922241, 2.9680094718933105, 3.102757453918457, 3.2116806507110596, 3.3943309783935547, 3.4048914909362793, 3.4642152786254883, 3.5745091438293457, 3.572100877761841, 3.563190221786499, 3.584946632385254, 3.5326666831970215, 3.5061964988708496, 3.604482412338257, 3.6612515449523926, 3.690321445465088, 3.656754493713379]",
2026-03-07T13:17:49Z,406d568da468,trial,142,ok,3.6563024520874023,,clip_dino,0.4439867676491971,0.5560132323508029,1.5026158364094486,11.94726432060735,0.27533845077939745,0.005037086809194499,,,,,25,3.6563024520874023,3.6897475719451904,2.9945762157440186,,"[1.625650405883789, 1.6246790885925293, 1.7762227058410645, 1.9717509746551514, 2.0660502910614014, 2.269219398498535, 2.4509966373443604, 2.6592893600463867, 2.9037766456604004, 2.9686760902404785, 3.103360176086426, 3.2126107215881348, 3.396660804748535, 3.4074559211730957, 3.4667253494262695, 3.578449249267578, 3.5757689476013184, 3.565091371536255, 3.5864033699035645, 3.5352301597595215, 3.507924795150757, 3.6049485206604004, 3.661410331726074, 3.6897475719451904, 3.6563024520874023]",
2026-03-07T13:17:50Z,406d568da468,trial,143,ok,3.655242919921875,,clip_dino,0.45588464794428957,0.5441153520557105,1.5289904394971774,10.993824799086777,0.26940489380724686,0.0061981474634318755,,,,,25,3.655242919921875,3.688058376312256,2.991255760192871,,"[1.6256505250930786, 1.624709129333496, 1.7757424116134644, 1.970430850982666, 2.0645806789398193, 2.2665135860443115, 2.4476406574249268, 2.655092477798462, 2.898467779159546, 2.963073492050171, 3.097175121307373, 3.206665515899658, 3.390460252761841, 3.4017629623413086, 3.461332082748413, 3.573343276977539, 3.571279525756836, 3.5615248680114746, 3.5827877521514893, 3.532360315322876, 3.505373954772949, 3.602707862854004, 3.659416913986206, 3.688058376312256, 3.655242919921875]",
2026-03-07T13:17:51Z,406d568da468,trial,144,ok,3.6554081439971924,,clip_dino,0.4473746402258156,0.5526253597741844,1.5679012215190717,13.114652968174942,0.257584563757127,0.006427051061278757,,,,,25,3.6554081439971924,3.688162326812744,2.9904592037200928,,"[1.625650405883789, 1.6247755289077759, 1.775787353515625, 1.970463514328003, 2.0645556449890137, 2.266251564025879, 2.4473090171813965, 2.6543564796447754, 2.8972198963165283, 2.9619393348693848, 3.0959415435791016, 3.205364465713501, 3.3886454105377197, 3.4000062942504883, 3.4596517086029053, 3.5712029933929443, 3.5693531036376953, 3.5604195594787598, 3.581805467605591, 3.5311386585235596, 3.5045108795166016, 3.602346181869507, 3.6592164039611816, 3.688162326812744, 3.6554081439971924]",
2026-03-07T13:17:52Z,406d568da468,trial,145,ok,3.652738332748413,,clip_dino,0.44483067443455193,0.5551693255654481,1.5993862770723715,11.688754044778419,0.2690373979890179,0.00820800602983771,,,,,25,3.652738332748413,3.6842916011810303,2.983868360519409,,"[1.6256505250930786, 1.6247951984405518, 1.7747323513031006, 1.967724084854126, 2.061532974243164, 2.260852098464966, 2.4406051635742188, 2.6461100578308105, 2.886910915374756, 2.9510152339935303, 3.083902359008789, 3.1938042640686035, 3.3767147064208984, 3.389047861099243, 3.4492342472076416, 3.5614495277404785, 3.5607142448425293, 3.553279399871826, 3.5745394229888916, 3.525404214859009, 3.499285936355591, 3.5975427627563477, 3.654836654663086, 3.6842916011810303, 3.652738332748413]",
2026-03-07T13:17:53Z,406d568da468,trial,146,ok,3.6529595851898193,,clip_dino,0.4258952054526804,0.5741047945473197,1.4501345490899795,8.623978593196524,0.25680571793569845,0.006303458054683091,,,,,25,3.6529595851898193,3.6850786209106445,2.989201545715332,,"[1.6256505250930786, 1.624878168106079, 1.7754875421524048, 1.969684362411499, 2.0633769035339355, 2.2642910480499268, 2.4450788497924805, 2.65242862701416, 2.8957982063293457, 2.959421157836914, 3.092799186706543, 3.202800750732422, 3.3872852325439453, 3.398848056793213, 3.458667516708374, 3.572169303894043, 3.570341110229492, 3.5596179962158203, 3.580482006072998, 3.5316295623779297, 3.504098892211914, 3.600313663482666, 3.6568565368652344, 3.6850786209106445, 3.6529595851898193]",
2026-03-07T13:17:54Z,406d568da468,trial,147,ok,3.6559534072875977,,clip_dino,0.45830443324486725,0.5416955667551328,1.1190507959732818,10.755546118775424,0.28162760847221563,0.007094525835787357,,,,,25,3.6559534072875977,3.6896071434020996,2.993345022201538,,"[1.6256505250930786, 1.624077320098877, 1.7752623558044434, 1.9699177742004395, 2.0649492740631104, 2.268383741378784, 2.4496188163757324, 2.6578025817871094, 2.901766777038574, 2.9674155712127686, 3.102668523788452, 3.2116434574127197, 3.395291805267334, 3.4059882164001465, 3.4650866985321045, 3.5761308670043945, 3.5734357833862305, 3.563389539718628, 3.585115909576416, 3.5331506729125977, 3.506246566772461, 3.6042213439941406, 3.660848379135132, 3.6896071434020996, 3.6559534072875977]",
2026-03-07T13:17:55Z,406d568da468,trial,148,ok,3.6554694175720215,,clip_dino,0.41535339780672925,0.5846466021932708,1.1116039048727628,12.934835255076498,0.28556425560057386,0.007633640663293161,,,,,25,3.6554694175720215,3.6886987686157227,2.9911048412323,,"[1.6256506443023682, 1.6242148876190186, 1.7751331329345703, 1.9693843126296997, 2.0642123222351074, 2.2667675018310547, 2.447650194168091, 2.655128002166748, 2.898214817047119, 2.963670253753662, 3.098468780517578, 3.2075791358947754, 3.3908205032348633, 3.401841402053833, 3.4611754417419434, 3.572199821472168, 3.569985866546631, 3.560873031616211, 3.5826001167297363, 3.531012535095215, 3.5044491291046143, 3.6027894020080566, 3.6596336364746094, 3.6886987686157227, 3.6554694175720215]",
2026-03-07T13:17:56Z,406d568da468,trial,149,ok,3.6553444862365723,,clip_dino,0.4120224860655253,0.5879775139344747,1.1350741327837806,11.166090825854344,0.2735820597796796,0.007386976745746715,,,,,25,3.6553444862365723,3.6883809566497803,2.991163969039917,,"[1.6256505250930786, 1.624386191368103, 1.7753114700317383, 1.9696426391601562, 2.0642287731170654, 2.2665042877197266, 2.447437286376953, 2.6549580097198486, 2.898216724395752, 2.9632978439331055, 3.0978097915649414, 3.20711088180542, 3.3907408714294434, 3.4019336700439453, 3.46136212348938, 3.572946310043335, 3.57078218460083, 3.56125545501709, 3.582749128341675, 3.5317647457122803, 3.504955291748047, 3.602783203125, 3.659553050994873, 3.6883809566497803, 3.6553444862365723]",
2026-03-07T13:17:57Z,406d568da468,trial,150,ok,3.6554031372070312,,clip_dino,0.4116180478822398,0.5883819521177602,1.1726621177994774,14.077359971227418,0.28082410106200106,0.007583554208899918,,,,,25,3.6554031372070312,3.6884946823120117,2.990495204925537,,"[1.625650405883789, 1.6243417263031006, 1.775233268737793, 1.9694937467575073, 2.064169406890869, 2.2664291858673096, 2.447277069091797, 2.654491424560547, 2.897291898727417, 2.962646484375, 3.0972471237182617, 3.2063989639282227, 3.3894333839416504, 3.4005422592163086, 3.459970474243164, 3.570930242538452, 3.568885326385498, 3.5601437091827393, 3.581862449645996, 3.5303752422332764, 3.5039448738098145, 3.602400302886963, 3.659318447113037, 3.6884946823120117, 3.6554031372070312]",
2026-03-07T13:17:59Z,406d568da468,trial,151,ok,3.655641555786133,,clip_dino,0.41504885503825495,0.584951144961745,1.1614168110596899,15.02630306228335,0.2727176141403541,0.007516867879432533,,,,,25,3.655641555786133,3.688908100128174,2.9911444187164307,,"[1.6256505250930786, 1.6243376731872559, 1.7753591537475586, 1.969843864440918, 2.0645627975463867, 2.267138957977295, 2.4481449127197266, 2.655479907989502, 2.8984341621398926, 2.963930606842041, 3.098698139190674, 3.2077410221099854, 3.3906326293945312, 3.401557445526123, 3.46091365814209, 3.5716023445129395, 3.5694332122802734, 3.5606887340545654, 3.5824928283691406, 3.5306520462036133, 3.5042543411254883, 3.602808952331543, 3.659703254699707, 3.688908100128174, 3.655641555786133]",
2026-03-07T13:18:00Z,406d568da468,trial,152,ok,3.6542840003967285,,clip_dino,0.4053388377479519,0.5946611622520481,1.1133257941035288,10.810866859760445,0.2694025948462492,0.008747370280513126,,,,,25,3.6542840003967285,3.6867358684539795,2.987945318222046,,"[1.625650405883789, 1.6244184970855713, 1.7748523950576782, 1.968388557434082, 2.0628321170806885, 2.2639317512512207, 2.444244384765625, 2.6509406566619873, 2.8931069374084473, 2.9579296112060547, 3.0918941497802734, 3.2014102935791016, 3.3847496509552, 3.39642333984375, 3.456130027770996, 3.5679237842559814, 3.5663466453552246, 3.5577499866485596, 3.579211711883545, 3.528892993927002, 3.5024139881134033, 3.6005775928497314, 3.657593250274658, 3.6867358684539795, 3.6542840003967285]",
2026-03-07T13:18:01Z,406d568da468,trial,153,ok,3.6553828716278076,,clip_dino,0.3737549094651754,0.6262450905348246,1.118036518352322,13.470801283194094,0.25632903667660706,0.007360760778545624,,,,,25,3.6553828716278076,3.6882622241973877,2.9904680252075195,,"[1.625650405883789, 1.624582052230835, 1.775519609451294, 1.9699665307998657, 2.064318895339966, 2.26623272895813, 2.447174549102783, 2.6543211936950684, 2.897188663482666, 2.9621541500091553, 3.096402883529663, 3.2057337760925293, 3.389003276824951, 3.40028977394104, 3.4598453044891357, 3.571240186691284, 3.569302797317505, 3.560363531112671, 3.5818638801574707, 3.5309300422668457, 3.504342555999756, 3.60237717628479, 3.6592564582824707, 3.6882622241973877, 3.6553828716278076]",
2026-03-07T13:18:02Z,406d568da468,trial,154,ok,3.656268835067749,,clip_dino,0.4192648329005285,0.5807351670994715,1.1089728332718303,12.696820012985569,0.21212979804873777,0.007572647713587631,,,,,25,3.656268835067749,3.689614772796631,2.99269962310791,,"[1.6256506443023682, 1.624631404876709, 1.7759910821914673, 1.9711718559265137, 2.065568685531616, 2.26835298538208, 2.4498162269592285, 2.6573991775512695, 2.900876522064209, 2.9661195278167725, 3.1007637977600098, 3.209855079650879, 3.392969846725464, 3.403825044631958, 3.4631917476654053, 3.5740630626678467, 3.5717520713806152, 3.5625500679016113, 3.584174633026123, 3.5324716567993164, 3.5058412551879883, 3.6039047241210938, 3.660670280456543, 3.689614772796631, 3.656268835067749]",
2026-03-07T13:18:03Z,406d568da468,trial,155,ok,3.655405044555664,,clip_dino,0.3756999974547282,0.6243000025452718,1.1169405041200637,12.421108148856613,0.2057639076983396,0.007676778481366786,,,,,25,3.655405044555664,3.6881089210510254,2.9903738498687744,,"[1.6256506443023682, 1.6248387098312378, 1.7758681774139404, 1.9706110954284668, 2.064615488052368, 2.26621675491333, 2.4473013877868652, 2.6542861461639404, 2.897108554840088, 2.961752414703369, 3.0956649780273438, 3.205115556716919, 3.3883652687072754, 3.399754524230957, 3.45943546295166, 3.5710110664367676, 3.5692062377929688, 3.560328960418701, 3.581686019897461, 3.5310959815979004, 3.5044779777526855, 3.6022820472717285, 3.659160614013672, 3.6881089210510254, 3.655405044555664]",
2026-03-07T13:18:04Z,406d568da468,trial,156,ok,3.6556644439697266,,clip_dino,0.3656831994662134,0.6343168005337866,1.1124575987785088,13.712252321420829,0.21006337438097125,0.0073984675547361725,,,,,25,3.6556644439697266,3.6884946823120117,2.990809679031372,,"[1.625650405883789, 1.6248276233673096, 1.7759456634521484, 1.9708226919174194, 2.0648772716522217, 2.2666916847229004, 2.447873115539551, 2.6549205780029297, 2.8978147506713867, 2.962587356567383, 3.096625566482544, 3.2059926986694336, 3.389129400253296, 3.400414228439331, 3.460045337677002, 3.571399211883545, 3.569521427154541, 3.5607059001922607, 3.5821304321289062, 3.5312724113464355, 3.504704475402832, 3.602627992630005, 3.659505844116211, 3.6884946823120117, 3.6556644439697266]",
2026-03-07T13:18:05Z,406d568da468,trial,157,ok,3.6528115272521973,,clip_dino,0.35725377439730804,0.6427462256026919,1.0582690405725659,13.35439510485051,0.2118977605127602,0.010667550070963271,,,,,25,3.6528115272521973,3.6843411922454834,2.9827468395233154,,"[1.6256505250930786, 1.624795913696289, 1.7746556997299194, 1.9675084352493286, 2.061361312866211, 2.2604589462280273, 2.4400627613067627, 2.6450769901275635, 2.885190725326538, 2.9495444297790527, 3.082416534423828, 3.1922004222869873, 3.374420166015625, 3.386788845062256, 3.447021484375, 3.558558702468872, 3.558053493499756, 3.5516812801361084, 3.5731542110443115, 3.5235846042633057, 3.4979379177093506, 3.5969467163085938, 3.6544551849365234, 3.6843411922454834, 3.6528115272521973]",
2026-03-07T13:18:07Z,406d568da468,trial,158,ok,3.655302047729492,,clip_dino,0.3748261539618765,0.6251738460381235,1.131070878939771,12.715567677385193,0.20870896918374265,0.007719858005872858,,,,,25,3.655302047729492,3.6879472732543945,2.9899890422821045,,"[1.6256506443023682, 1.6248377561569214, 1.7758116722106934, 1.9704627990722656, 2.064460277557373, 2.2659356594085693, 2.446946859359741, 2.6538243293762207, 2.8964996337890625, 2.9611353874206543, 3.0949974060058594, 3.204460620880127, 3.387643814086914, 3.3990817070007324, 3.458792209625244, 3.570350170135498, 3.568615198135376, 3.5598883628845215, 3.581256151199341, 3.5307044982910156, 3.5041465759277344, 3.6020281314849854, 3.6589431762695312, 3.6879472732543945, 3.655302047729492]",
2026-03-07T13:18:08Z,406d568da468,trial,159,ok,3.6559104919433594,,clip_dino,0.4125430549851794,0.5874569450148206,1.1760131305272379,14.940302786533413,0.24981163973249332,0.0073496622593180305,,,,,25,3.6559104919433594,3.6891837120056152,2.9916534423828125,,"[1.625650405883789, 1.6245003938674927, 1.7756659984588623, 1.9704620838165283, 2.065004587173462, 2.2676029205322266, 2.448801040649414, 2.6561625003814697, 2.89925217628479, 2.964627981185913, 3.0992987155914307, 3.2083630561828613, 3.3912625312805176, 3.4021692276000977, 3.4615542888641357, 3.5722663402557373, 3.570082902908325, 3.5612752437591553, 3.583012104034424, 3.531221389770508, 3.504777193069458, 3.6031813621520996, 3.660045623779297, 3.6891837120056152, 3.6559104919433594]",
2026-03-07T13:18:09Z,406d568da468,trial,160,ok,3.6503610610961914,,clip_dino,0.29780605542521366,0.7021939445747863,1.2056560307299191,15.004313784964463,0.21970885756102893,0.008936885105568986,,,,,25,3.6503610610961914,3.680894136428833,2.9785633087158203,,"[1.6256505250930786, 1.6250905990600586, 1.774320125579834, 1.9665095806121826, 2.059682846069336, 2.256927490234375, 2.4358913898468018, 2.6399643421173096, 2.8790411949157715, 2.9424068927764893, 3.074110507965088, 3.184410572052002, 3.36671781539917, 3.3797929286956787, 3.4404983520507812, 3.5530762672424316, 3.55330753326416, 3.547281503677368, 3.568382501602173, 3.520515203475952, 3.4948811531066895, 3.5933661460876465, 3.6509993076324463, 3.680894136428833, 3.6503610610961914]",
2026-03-07T13:18:10Z,406d568da468,trial,161,ok,3.6557228565216064,,clip_dino,0.41267882338364875,0.5873211766163513,1.0057560418671618,9.41172583459035,0.246317367786597,0.007377421467922567,,,,,25,3.6557228565216064,3.689037322998047,2.9929823875427246,,"[1.6256506443023682, 1.6243741512298584, 1.7755416631698608, 1.9702802896499634, 2.064913511276245, 2.2677977085113525, 2.449064254760742, 2.657127618789673, 2.901115655899048, 2.9662234783172607, 3.1009907722473145, 3.210237979888916, 3.3942370414733887, 3.405198812484741, 3.4644775390625, 3.576195240020752, 3.5736756324768066, 3.563347101211548, 3.5847792625427246, 3.533642530441284, 3.5065112113952637, 3.603919744491577, 3.6605019569396973, 3.689037322998047, 3.6557228565216064]",
2026-03-07T13:18:11Z,406d568da468,trial,162,ok,3.654015302658081,,clip_dino,0.3704245627536398,0.6295754372463602,1.0019755983496224,8.929304933067554,0.2516315618937977,0.007888133253789335,,,,,25,3.654015302658081,3.68648099899292,2.9895942211151123,,"[1.6256506443023682, 1.6245750188827515, 1.7752009630203247, 1.9691647291183472, 2.063368320465088, 2.2647433280944824, 2.4454102516174316, 2.65274715423584, 2.895892858505249, 2.9602296352386475, 3.094111919403076, 3.2038214206695557, 3.3879973888397217, 3.399538993835449, 3.459202766418457, 3.571906566619873, 3.5700056552886963, 3.5599372386932373, 3.5810794830322266, 3.5313737392425537, 3.5042107105255127, 3.601247787475586, 3.6579442024230957, 3.68648099899292, 3.654015302658081]",
2026-03-07T13:18:12Z,406d568da468,trial,163,ok,3.6556200981140137,,clip_dino,0.38506260398998743,0.6149373960100126,1.2733483367270158,16.295947478528955,0.22647364124136843,0.007143929838626716,,,,,25,3.6556200981140137,3.688433885574341,2.9901177883148193,,"[1.6256505250930786, 1.6248112916946411, 1.7758681774139404, 1.970630407333374, 2.064727783203125, 2.266429901123047, 2.4475061893463135, 2.654285430908203, 2.8967952728271484, 2.961716651916504, 3.095762252807617, 3.2050557136535645, 3.3877933025360107, 3.399066925048828, 3.4587244987487793, 3.569702386856079, 3.567951202392578, 3.559713840484619, 3.5812759399414062, 3.5301589965820312, 3.503857374191284, 3.602205276489258, 3.65919828414917, 3.688433885574341, 3.6556200981140137]",
2026-03-07T13:18:13Z,406d568da468,trial,164,ok,3.6540565490722656,,clip_dino,0.41658867176811243,0.5834113282318876,1.3983662220778543,16.977849280560015,0.20283704991084064,0.008909186546719725,,,,,25,3.6540565490722656,3.686079502105713,2.9851508140563965,,"[1.625650405883789, 1.6249136924743652, 1.775303840637207, 1.9690495729446411, 2.062899112701416, 2.2629003524780273, 2.443129301071167, 2.648493766784668, 2.8891420364379883, 2.953810453414917, 3.087075710296631, 3.196585178375244, 3.378431797027588, 3.3903064727783203, 3.450366973876953, 3.5611696243286133, 3.5603270530700684, 3.553966522216797, 3.575613498687744, 3.5250964164733887, 3.499511480331421, 3.598726749420166, 3.656160354614258, 3.686079502105713, 3.6540565490722656]",
2026-03-07T13:18:14Z,406d568da468,trial,165,ok,3.655263900756836,,clip_dino,0.4363928548179984,0.5636071451820016,1.2707847883960721,9.555873444379618,0.22723085664126363,0.006964849995827685,,,,,25,3.655263900756836,3.6881022453308105,2.9916622638702393,,"[1.6256506443023682, 1.6247515678405762, 1.7758502960205078, 1.9706768989562988, 2.0647690296173096, 2.26678204536438, 2.448010206222534, 2.655583143234253, 2.8991518020629883, 2.963676929473877, 3.0977697372436523, 3.207284450531006, 3.391201972961426, 3.4024643898010254, 3.4620206356048584, 3.5741524696350098, 3.572021007537842, 3.5620198249816895, 3.5832293033599854, 3.532871961593628, 3.505770683288574, 3.6029140949249268, 3.659564971923828, 3.6881022453308105, 3.655263900756836]",
2026-03-07T13:18:16Z,406d568da468,trial,166,ok,3.6545610427856445,,clip_dino,0.389089555228997,0.610910444771003,1.0232108307343837,14.760305029408293,0.22371653875956107,0.009964281314213579,,,,,25,3.6545610427856445,3.6871066093444824,2.9872519969940186,,"[1.625650405883789, 1.6245348453521729, 1.7750639915466309, 1.9688208103179932, 2.063209056854248, 2.264286994934082, 2.444667339324951, 2.6508407592773438, 2.8923356533050537, 2.9574782848358154, 3.0914783477783203, 3.200767993927002, 3.3830418586730957, 3.3945281505584717, 3.454265594482422, 3.5649900436401367, 3.563605785369873, 3.5563173294067383, 3.5781002044677734, 3.5269601345062256, 3.5010828971862793, 3.6001808643341064, 3.6574206352233887, 3.6871066093444824, 3.6545610427856445]",
2026-03-07T13:18:17Z,406d568da468,trial,167,ok,3.6409382820129395,,clip_dino,0.3182492982317848,0.6817507017682152,1.219529327546339,6.993483493275508,0.23860571677165035,0.008502447338921124,,,,,25,3.6409382820129395,3.669987916946411,2.9740207195281982,,"[1.625650405883789, 1.6252391338348389, 1.773180603981018, 1.9641413688659668, 2.056248664855957, 2.252070903778076, 2.4303250312805176, 2.6353344917297363, 2.8758134841918945, 2.9363980293273926, 3.066850185394287, 3.1782798767089844, 3.3625741004943848, 3.3749570846557617, 3.435988426208496, 3.5530176162719727, 3.5530037879943848, 3.542130708694458, 3.5625860691070557, 3.5183494091033936, 3.490631580352783, 3.5851149559020996, 3.6417088508605957, 3.669987916946411, 3.6409382820129395]",
2026-03-07T13:18:18Z,406d568da468,trial,168,ok,3.5551106929779053,,clip_dino,0.4050667045642864,0.5949332954357136,1.494389121647132,12.18941130932204,0.250105789476227,0.04722781390796924,,,,,25,3.5551106929779053,3.572993755340576,2.8513898849487305,,"[1.6256506443023682, 1.6249135732650757, 1.7532947063446045, 1.9210736751556396, 2.0084378719329834, 2.1723318099975586, 2.3303334712982178, 2.5075902938842773, 2.7097673416137695, 2.767185926437378, 2.884396553039551, 2.997282028198242, 3.1618475914001465, 3.185012102127075, 3.2492997646331787, 3.3562064170837402, 3.369475841522217, 3.38759708404541, 3.4105658531188965, 3.3752031326293945, 3.3597230911254883, 3.4678096771240234, 3.5316452980041504, 3.572993755340576, 3.5551106929779053]",
2026-03-07T13:18:19Z,406d568da468,trial,169,ok,3.0916714668273926,,clip_dino,0.347956864529844,0.652043135470156,1.6548610972503692,17.482128443559063,0.21278475177799827,0.14910490650935757,,,,,25,3.0916714668273926,3.092090606689453,2.4774091243743896,,"[1.6256505250930786, 1.6252079010009766, 1.700505018234253, 1.8126246929168701, 1.8743870258331299, 1.9715285301208496, 2.079401731491089, 2.194489002227783, 2.316537380218506, 2.35652494430542, 2.4397430419921875, 2.5403807163238525, 2.649432420730591, 2.6772685050964355, 2.7316675186157227, 2.8066561222076416, 2.8307337760925293, 2.866971969604492, 2.892582654953003, 2.875882863998413, 2.8716259002685547, 2.973231315612793, 3.0384349822998047, 3.092090606689453, 3.0916714668273926]",
2026-03-07T13:18:20Z,406d568da468,trial,170,ok,3.654487133026123,,clip_dino,0.4222287336861306,0.5777712663138694,1.3371296829827763,9.824065794279328,0.23010604947666569,0.0069708006290873205,,,,,25,3.654487133026123,3.686936378479004,2.9900176525115967,,"[1.625650405883789, 1.6248490810394287, 1.7757062911987305, 1.970212697982788, 2.064089775085449, 2.265392303466797, 2.4463515281677246, 2.6535356044769287, 2.896651268005371, 2.9608402252197266, 3.094515085220337, 3.204223871231079, 3.3881258964538574, 3.399648904800415, 3.4593887329101562, 3.5718817710876465, 3.570058822631836, 3.560298442840576, 3.581397533416748, 3.531639575958252, 3.5045816898345947, 3.6016287803649902, 3.6583523750305176, 3.686936378479004, 3.654487133026123]",
2026-03-07T13:18:21Z,406d568da468,trial,171,ok,3.6555871963500977,,clip_dino,0.3915238297307241,0.6084761702692759,1.1268109485215971,13.926830829004365,0.250416631901418,0.007583863783719416,,,,,25,3.6555871963500977,3.688612461090088,2.9907684326171875,,"[1.6256505250930786, 1.6245367527008057, 1.775541067123413, 1.9700777530670166, 2.064523935317993, 2.2666730880737305, 2.4476795196533203, 2.654855966567993, 2.8977274894714355, 2.962886095046997, 3.0973024368286133, 3.2065186500549316, 3.3895797729492188, 3.4007301330566406, 3.4602246284484863, 3.5712921619415283, 3.5692877769470215, 3.5605127811431885, 3.58212947845459, 3.5308241844177246, 3.5043442249298096, 3.602609395980835, 3.6595072746276855, 3.688612461090088, 3.6555871963500977]",
2026-03-07T13:18:22Z,406d568da468,trial,172,ok,3.6562132835388184,,clip_dino,0.43718994837846803,0.562810051621532,1.1465062057501703,14.511933145803933,0.20173490690026444,0.00802216162515125,,,,,25,3.6562132835388184,3.6895880699157715,2.9921884536743164,,"[1.6256505250930786, 1.624647855758667, 1.7760041952133179, 1.9711939096450806, 2.0656018257141113, 2.268362283706665, 2.4498002529144287, 2.6571362018585205, 2.900275468826294, 2.9656786918640137, 3.100356101989746, 3.2093400955200195, 3.3919577598571777, 3.4027066230773926, 3.462087631225586, 3.572482109069824, 3.5702643394470215, 3.5616488456726074, 3.583442211151123, 3.5313620567321777, 3.5050103664398193, 3.6035146713256836, 3.660382032394409, 3.6895880699157715, 3.6562132835388184]",
2026-03-07T13:18:23Z,406d568da468,trial,173,ok,3.6560134887695312,,clip_dino,0.4327204353613685,0.5672795646386315,1.1129009880071041,15.998857595131131,0.21104313310525044,0.008248818201474424,,,,,25,3.6560134887695312,3.6894407272338867,2.991853713989258,,"[1.6256505250930786, 1.6245490312576294, 1.7758400440216064, 1.9708847999572754, 2.0654215812683105, 2.2682509422302246, 2.4495978355407715, 2.6568799018859863, 2.8998758792877197, 2.9654393196105957, 3.1002378463745117, 3.2091457843780518, 3.391561508178711, 3.4022202491760254, 3.461564779281616, 3.5717291831970215, 3.5695104598999023, 3.5610921382904053, 3.5830078125, 3.5306804180145264, 3.504444122314453, 3.603198766708374, 3.660104990005493, 3.6894407272338867, 3.6560134887695312]",
2026-03-07T13:18:25Z,406d568da468,trial,174,ok,3.6561923027038574,,clip_dino,0.4399414169340703,0.5600585830659297,1.0028502565227972,21.258388292801875,0.24753888903279553,0.006749643033057341,,,,,25,3.6561923027038574,3.690699577331543,2.9956002235412598,,"[1.6256505250930786, 1.6240370273590088, 1.7757492065429688, 1.9714356660842896, 2.0666706562042236, 2.2716145515441895, 2.4535341262817383, 2.6621103286743164, 2.9065351486206055, 2.972960948944092, 3.1090476512908936, 3.2173919677734375, 3.3998537063598633, 3.40942645072937, 3.468174457550049, 3.577519416809082, 3.574265718460083, 3.564533233642578, 3.5868537425994873, 3.532850742340088, 3.5062954425811768, 3.6050283908843994, 3.6615805625915527, 3.690699577331543, 3.6561923027038574]",
2026-03-07T13:18:26Z,406d568da468,trial,175,ok,3.6560416221618652,,clip_dino,0.4332884830797176,0.5667115169202823,1.0134585391833943,20.474430930703424,0.20007306985914106,0.008341287546133586,,,,,25,3.6560416221618652,3.6899328231811523,2.993194341659546,,"[1.6256506443023682, 1.6244428157806396, 1.7759716510772705, 1.9714274406433105, 2.0661685466766357, 2.2698686122894287, 2.4515280723571777, 2.659167766571045, 2.9025604724884033, 2.9685306549072266, 3.103841781616211, 3.2124459743499756, 3.394467830657959, 3.404536247253418, 3.4636592864990234, 3.5731301307678223, 3.570544719696045, 3.5619845390319824, 3.584178924560547, 3.530879497528076, 3.504690647125244, 3.6036953926086426, 3.6605114936828613, 3.6899328231811523, 3.6560416221618652]",
2026-03-07T13:18:27Z,406d568da468,trial,176,ok,3.654813766479492,,clip_dino,0.42955067359241145,0.5704493264075885,1.0229775529261969,22.58688209650834,0.21721600908588545,0.009834684756474836,,,,,25,3.654813766479492,3.68814754486084,2.989513635635376,,"[1.625650405883789, 1.62433922290802, 1.7752870321273804, 1.969711184501648, 2.064478874206543, 2.2670257091522217, 2.4479284286499023, 2.6546711921691895, 2.8967764377593994, 2.962646961212158, 3.097536087036133, 3.2063090801239014, 3.387857437133789, 3.39835262298584, 3.4577150344848633, 3.5672080516815186, 3.565232515335083, 3.557831287384033, 3.5801103115081787, 3.527271270751953, 3.501518964767456, 3.6011552810668945, 3.6582694053649902, 3.68814754486084, 3.654813766479492]",
2026-03-07T13:18:28Z,406d568da468,trial,177,ok,3.6548023223876953,,clip_dino,0.391286773282065,0.6087132267179349,1.2484551834089181,16.566356956512408,0.22940500193769123,0.008283913882622746,,,,,25,3.6548023223876953,3.6872730255126953,2.9876065254211426,,"[1.6256505250930786, 1.6247498989105225, 1.775416374206543, 1.9695067405700684, 2.063629150390625, 2.264582633972168, 2.4451518058776855, 2.6512889862060547, 2.89288067817688, 2.9577951431274414, 3.091578483581543, 3.200943946838379, 3.383270502090454, 3.394815683364868, 3.4546284675598145, 3.5654900074005127, 3.564148426055908, 3.5568060874938965, 3.578462600708008, 3.52754545211792, 3.5016050338745117, 3.600465774536133, 3.6576790809631348, 3.6872730255126953, 3.6548023223876953]",
2026-03-07T13:18:29Z,406d568da468,trial,178,ok,3.6550910472869873,,clip_dino,0.44272868818378175,0.5572713118162183,1.0021664575864684,8.053104283754939,0.24319537677569267,0.008640420081605255,,,,,25,3.6550910472869873,3.6881160736083984,2.9912543296813965,,"[1.6256506443023682, 1.6242859363555908, 1.7751383781433105, 1.9693019390106201, 2.0639777183532715, 2.2662971019744873, 2.447157144546509, 2.6548612117767334, 2.8983154296875, 2.963344097137451, 3.0979065895080566, 3.2072641849517822, 3.3912158012390137, 3.402430295944214, 3.461824417114258, 3.5737242698669434, 3.5714778900146484, 3.5615177154541016, 3.582946300506592, 3.532165050506592, 3.5051651000976562, 3.60274338722229, 3.659440517425537, 3.6881160736083984, 3.6550910472869873]",
2026-03-07T13:18:30Z,406d568da468,trial,179,ok,3.6549715995788574,,clip_dino,0.3586926033263002,0.6413073966736997,1.4005472316317369,20.59056576206723,0.20063678782614205,0.00707055097237188,,,,,25,3.6549715995788574,3.687284469604492,2.9875328540802,,"[1.6256506443023682, 1.625047206878662, 1.775863766670227, 1.970374584197998, 2.0640993118286133, 2.2647347450256348, 2.4455063343048096, 2.6513962745666504, 2.892859935760498, 2.957477569580078, 3.0909032821655273, 3.2003555297851562, 3.3825039863586426, 3.394136905670166, 3.4540889263153076, 3.5649609565734863, 3.563783884048462, 3.5567121505737305, 3.578254222869873, 3.5275683403015137, 3.501687526702881, 3.600433349609375, 3.657676935195923, 3.687284469604492, 3.6549715995788574]",
2026-03-07T13:18:31Z,406d568da468,trial,180,ok,3.63127064704895,,clip_dino,0.42737206769334035,0.5726279323066596,1.1414320785200627,15.270647000789474,3.1050909214820384,0.009168109762595248,,,,,25,3.63127064704895,3.6625540256500244,2.9525041580200195,,"[1.625650405883789, 1.6068875789642334, 1.748753309249878, 1.9252104759216309, 2.0308873653411865, 2.2293262481689453, 2.398582935333252, 2.604055643081665, 2.83927059173584, 2.9093918800354004, 3.048555850982666, 3.1578421592712402, 3.3427987098693848, 3.357112407684326, 3.413679361343384, 3.5274667739868164, 3.52700138092041, 3.5184836387634277, 3.5429258346557617, 3.493206024169922, 3.4679923057556152, 3.5727288722991943, 3.630969524383545, 3.6625540256500244, 3.63127064704895]",
2026-03-07T13:18:32Z,406d568da468,trial,181,ok,3.6564083099365234,,clip_dino,0.40753318488683865,0.5924668151131613,1.2484712747096969,18.911132154805223,0.21928181698294247,0.006800988261755543,,,,,25,3.6564083099365234,3.6898741722106934,2.9926624298095703,,"[1.625650405883789, 1.6247203350067139, 1.776206135749817, 1.9716511964797974, 2.065997838973999, 2.2689208984375, 2.4505228996276855, 2.657899856567383, 2.9011380672454834, 2.9665708541870117, 3.101287841796875, 3.210214853286743, 3.3927016258239746, 3.403330087661743, 3.4626901149749756, 3.572906255722046, 3.570629835128784, 3.5620458126068115, 3.5838723182678223, 3.531597137451172, 3.505269765853882, 3.6038007736206055, 3.6606528759002686, 3.6898741722106934, 3.6564083099365234]",
2026-03-07T13:18:33Z,406d568da468,trial,182,ok,3.656294822692871,,clip_dino,0.4004866392234234,0.5995133607765766,1.2613354898062914,19.555184679721684,0.21855322304670577,0.0068347157954467075,,,,,25,3.656294822692871,3.6896591186523438,2.99216890335083,,"[1.6256506443023682, 1.6247544288635254, 1.7761831283569336, 1.9715454578399658, 2.0658373832702637, 2.268551826477051, 2.4500796794891357, 2.657301425933838, 2.900351047515869, 2.965724468231201, 3.100327253341675, 3.2092931270599365, 3.391706943511963, 3.402416706085205, 3.461832046508789, 3.572068214416504, 3.5699005126953125, 3.561506509780884, 3.5833215713500977, 3.5311570167541504, 3.5048940181732178, 3.6034836769104004, 3.6603803634643555, 3.6896591186523438, 3.656294822692871]",
2026-03-07T13:18:35Z,406d568da468,trial,183,ok,3.6522817611694336,,clip_dino,0.39857701617551894,0.6014229838244811,1.2821157344924325,21.27528501205606,0.2198749391062697,0.010757171857352072,,,,,25,3.6522817611694336,3.6838388442993164,2.9807915687561035,,"[1.6256506443023682, 1.6247624158859253, 1.7744790315628052, 1.967085599899292, 2.0610556602478027, 2.259962558746338, 2.4393458366394043, 2.6436314582824707, 2.8826794624328613, 2.9474692344665527, 3.080439805984497, 3.1899843215942383, 3.3708877563476562, 3.383039951324463, 3.4432871341705322, 3.5535998344421387, 3.553375720977783, 3.548614501953125, 3.5705456733703613, 3.5200397968292236, 3.4951276779174805, 3.595400810241699, 3.653209924697876, 3.6838388442993164, 3.6522817611694336]",
2026-03-07T13:18:36Z,406d568da468,trial,184,ok,3.6565229892730713,,clip_dino,0.45809797531391316,0.5419020246860868,1.4001503915220594,19.552300252247353,0.20167895907250033,0.006808123549961781,,,,,25,3.6565229892730713,3.6900997161865234,2.9930169582366943,,"[1.625650405883789, 1.6247880458831787, 1.7764025926589966, 1.9721049070358276, 2.066404342651367, 2.2695136070251465, 2.451277732849121, 2.658649444580078, 2.9019155502319336, 2.967428207397461, 3.1022140979766846, 3.211048126220703, 3.3932628631591797, 3.4037108421325684, 3.4630444049835205, 3.572946071624756, 3.5706193447113037, 3.562192678451538, 3.5841078758239746, 3.5315089225769043, 3.5052709579467773, 3.603940725326538, 3.6607956886291504, 3.6900997161865234, 3.6565229892730713]",
2026-03-07T13:18:37Z,406d568da468,trial,185,ok,3.656682014465332,,clip_dino,0.45829474395543546,0.5417052560445645,1.424416518288087,18.441106736853218,0.2010811433125295,0.006575653960057201,,,,,25,3.656682014465332,3.6902620792388916,2.9933691024780273,,"[1.6256505250930786, 1.624817132949829, 1.7764787673950195, 1.9722689390182495, 2.0665268898010254, 2.2696633338928223, 2.451490640640259, 2.6589553356170654, 2.902371883392334, 2.96781587600708, 3.1025753021240234, 3.2114439010620117, 3.3938283920288086, 3.404315710067749, 3.463648796081543, 3.5736992359161377, 3.5713353157043457, 3.5627126693725586, 3.5845561027526855, 3.5320796966552734, 3.5057454109191895, 3.604243516921997, 3.661060094833374, 3.6902620792388916, 3.656682014465332]",
2026-03-07T13:18:38Z,406d568da468,trial,186,ok,3.656275749206543,,clip_dino,0.4387586494970485,0.5612413505029514,1.4470559028322272,24.57644512785559,0.20746219427651919,0.006610311343180866,,,,,25,3.656275749206543,3.6897902488708496,2.9923360347747803,,"[1.6256506443023682, 1.6248211860656738, 1.7763850688934326, 1.9720220565795898, 2.066284656524658, 2.269235372543335, 2.450930595397949, 2.6580657958984375, 2.9010252952575684, 2.9665660858154297, 3.1012887954711914, 3.210096597671509, 3.391983985900879, 3.402400493621826, 3.461778163909912, 3.5714521408081055, 3.569244861602783, 3.5612294673919678, 3.5832319259643555, 3.530512571334839, 3.504450798034668, 3.603377342224121, 3.660308599472046, 3.6897902488708496, 3.656275749206543]",
2026-03-07T13:18:39Z,406d568da468,trial,187,ok,3.656337261199951,,clip_dino,0.4616993482852058,0.5383006517147941,1.4858543524200036,24.938279005690905,0.20049221240989368,0.006623530782757327,,,,,25,3.656337261199951,3.689972400665283,2.9927878379821777,,"[1.625650405883789, 1.6248222589492798, 1.7764739990234375, 1.9722695350646973, 2.0665552616119385, 2.269735336303711, 2.4515457153320312, 2.6587846279144287, 2.901878833770752, 2.967501401901245, 3.10233998298645, 3.2110753059387207, 3.3928751945495605, 3.4031386375427246, 3.462463855743408, 3.571974754333496, 3.5696680545806885, 3.5615897178649902, 3.5836496353149414, 3.530696392059326, 3.504631996154785, 3.603586196899414, 3.6604866981506348, 3.689972400665283, 3.656337261199951]",
2026-03-07T13:18:40Z,406d568da468,trial,188,ok,3.6564040184020996,,clip_dino,0.45110026418556287,0.5488997358144372,1.4390764384891954,24.656251334662812,0.204803154611262,0.006556781625179015,,,,,25,3.6564040184020996,3.6900815963745117,2.993037700653076,,"[1.625650405883789, 1.6247951984405518, 1.776463508605957, 1.9722752571105957, 2.066596269607544, 2.269868850708008, 2.4517016410827637, 2.659031867980957, 2.9022347927093506, 2.9678778648376465, 3.102768659591675, 3.211496114730835, 3.393385171890259, 3.403632879257202, 3.4629316329956055, 3.572481393814087, 3.570119857788086, 3.5619070529937744, 3.583956718444824, 3.5309925079345703, 3.5048768520355225, 3.603771448135376, 3.660645008087158, 3.6900815963745117, 3.6564040184020996]",
2026-03-07T13:18:41Z,406d568da468,trial,189,ok,3.656463146209717,,clip_dino,0.46080771197655257,0.5391922880234474,1.4651075450933613,24.838418555286584,0.2066294746837457,0.006436983904655463,,,,,25,3.656463146209717,3.690222978591919,2.9933884143829346,,"[1.6256506443023682, 1.6247801780700684, 1.7764990329742432, 1.972395420074463, 2.0667471885681152, 2.270181179046631, 2.452080726623535, 2.6595120429992676, 2.902839183807373, 2.9685328006744385, 3.1035101413726807, 3.212197780609131, 3.3940911293029785, 3.4042551517486572, 3.4635133743286133, 3.573004722595215, 3.5705642700195312, 3.562246322631836, 3.5843191146850586, 3.5312342643737793, 3.50508975982666, 3.6039657592773438, 3.6608102321624756, 3.690222978591919, 3.656463146209717]",
2026-03-07T13:18:42Z,406d568da468,trial,190,ok,3.656480312347412,,clip_dino,0.4607856976606866,0.5392143023393134,1.4596822964796097,24.13886983326504,0.20266101704847722,0.006506535010413149,,,,,25,3.656480312347412,3.690206527709961,2.9933130741119385,,"[1.6256505250930786, 1.6247981786727905, 1.7765101194381714, 1.9723989963531494, 2.0667238235473633, 2.2700939178466797, 2.45198392868042, 2.6593844890594482, 2.9026830196380615, 2.968341588973999, 3.103273391723633, 3.2119827270507812, 3.393894910812378, 3.404100179672241, 3.4633772373199463, 3.572911262512207, 3.5704987049102783, 3.562202215194702, 3.5842525959014893, 3.531235456466675, 3.5050911903381348, 3.6039481163024902, 3.660799503326416, 3.690206527709961, 3.656480312347412]",
2026-03-07T13:18:43Z,406d568da468,trial,191,ok,3.656365156173706,,clip_dino,0.4602543303944132,0.5397456696055868,1.5280867366270239,23.978501896921635,0.20004218384033637,0.006540283585436723,,,,,25,3.656365156173706,3.6899032592773438,2.9925432205200195,,"[1.6256506443023682, 1.6248606443405151, 1.7764800786972046, 1.9722291231155396, 2.0664501190185547, 2.2694461345672607, 2.4512124061584473, 2.6583681106567383, 2.9013795852661133, 2.966907262802124, 3.1016249656677246, 3.210423707962036, 3.392289400100708, 3.4026741981506348, 3.4620509147644043, 3.571692943572998, 3.5694665908813477, 3.5614371299743652, 3.583434820175171, 3.5306801795959473, 3.5046114921569824, 3.603512763977051, 3.660433530807495, 3.6899032592773438, 3.656365156173706]",
2026-03-07T13:18:44Z,406d568da468,trial,192,ok,3.6564769744873047,,clip_dino,0.47047725283760594,0.529522747162394,1.43308588248398,24.79578072257751,0.20041127337590728,0.006579207032684547,,,,,25,3.6564769744873047,3.6903300285339355,2.9937102794647217,,"[1.6256505250930786, 1.624761700630188, 1.77653169631958, 1.972516655921936, 2.066906452178955, 2.270521879196167, 2.45249080657959, 2.6600136756896973, 2.903449535369873, 2.9692137241363525, 3.1042916774749756, 3.212924003601074, 3.394773483276367, 3.4048242568969727, 3.4640369415283203, 3.5734200477600098, 3.570897102355957, 3.562506675720215, 3.584623336791992, 3.5313663482666016, 3.5052108764648438, 3.604102611541748, 3.6609206199645996, 3.6903300285339355, 3.6564769744873047]",
2026-03-07T13:18:45Z,406d568da468,trial,193,ok,3.656517505645752,,clip_dino,0.47000136317397273,0.5299986368260272,1.4517466927846523,26.174484210133198,0.2105708585003833,0.006272514432188455,,,,,25,3.656517505645752,3.690485954284668,2.9941599369049072,,"[1.625650405883789, 1.6247204542160034, 1.776543140411377, 1.9726099967956543, 2.0670642852783203, 2.2709078788757324, 2.452949285507202, 2.6606202125549316, 2.904228448867798, 2.970073938369751, 3.105283260345459, 3.213860511779785, 3.395732879638672, 3.405670166015625, 3.464820384979248, 3.57413387298584, 3.57149600982666, 3.562941551208496, 3.585092306137085, 3.5316720008850098, 3.505469799041748, 3.6043365001678467, 3.661111831665039, 3.690485954284668, 3.656517505645752]",
2026-03-07T13:18:46Z,406d568da468,trial,194,ok,3.656501293182373,,clip_dino,0.46729880191349943,0.5327011980865006,1.4402891040281434,24.35269576346709,0.20211028888949487,0.006530957525884456,,,,,25,3.656501293182373,3.6903228759765625,2.993647813796997,,"[1.625650405883789, 1.6247687339782715, 1.7765252590179443, 1.9724853038787842, 2.0668606758117676, 2.2704172134399414, 2.4523675441741943, 2.6598730087280273, 2.903292179107666, 2.969025135040283, 3.1040658950805664, 3.2127227783203125, 3.3946170806884766, 3.4047160148620605, 3.4639432430267334, 3.573387622833252, 3.570887804031372, 3.5624938011169434, 3.5845842361450195, 3.5314061641693115, 3.5052411556243896, 3.6041040420532227, 3.6609268188476562, 3.6903228759765625, 3.656501293182373]",
2026-03-07T13:18:47Z,406d568da468,trial,195,ok,3.656487226486206,,clip_dino,0.4724780294282472,0.5275219705717529,1.4560358759246494,25.09789336194112,0.20027074613709356,0.006513305248562465,,,,,25,3.656487226486206,3.6903398036956787,2.993722915649414,,"[1.6256505250930786, 1.6247737407684326, 1.7765535116195679, 1.9725596904754639, 2.066936492919922, 2.2705492973327637, 2.4525303840637207, 2.660045623779297, 2.9034793376922607, 2.969237804412842, 3.1043081283569336, 3.212940216064453, 3.394774913787842, 3.4048209190368652, 3.464036464691162, 3.573408603668213, 3.5708887577056885, 3.5625112056732178, 3.584627389907837, 3.5313658714294434, 3.5052151679992676, 3.6041083335876465, 3.6609268188476562, 3.6903398036956787, 3.656487226486206]",
2026-03-07T13:18:48Z,406d568da468,trial,196,ok,3.656456470489502,,clip_dino,0.4720021483159026,0.5279978516840974,1.4940607637100085,25.357760396371912,0.20097921762000726,0.0064627359152768194,,,,,25,3.656456470489502,3.690246105194092,2.993467092514038,,"[1.6256506443023682, 1.6247987747192383, 1.7765504121780396, 1.9725151062011719, 2.0668535232543945, 2.270339250564575, 2.452282667160034, 2.659712314605713, 2.9030470848083496, 2.9687604904174805, 3.1037564277648926, 3.2124176025390625, 3.394230604171753, 3.4043359756469727, 3.4635863304138184, 3.572990655899048, 3.5705347061157227, 3.5622544288635254, 3.5843536853790283, 3.531176805496216, 3.505054473876953, 3.6039657592773438, 3.66080904006958, 3.690246105194092, 3.656456470489502]",
2026-03-07T13:18:49Z,406d568da468,trial,197,ok,3.656719207763672,,clip_dino,0.4703479592460847,0.5296520407539154,1.4657319817001797,25.83050178652346,0.20046364071636227,0.006123171103933429,,,,,25,3.656719207763672,3.6907293796539307,2.9946062564849854,,"[1.6256505250930786, 1.6247828006744385, 1.7767014503479004, 1.9729564189910889, 2.06734561920166, 2.2712764739990234, 2.453442096710205, 2.661182403564453, 2.9049270153045654, 2.970738410949707, 3.1059410572052, 3.214512825012207, 3.3964219093322754, 3.406327247619629, 3.4654717445373535, 3.57478928565979, 3.5721051692962646, 3.5634541511535645, 3.585574150085449, 3.532139539718628, 3.5058937072753906, 3.6046643257141113, 3.661409854888916, 3.6907293796539307, 3.656719207763672]",
2026-03-07T13:18:50Z,406d568da468,trial,198,ok,3.656614303588867,,clip_dino,0.47806424025048777,0.5219357597495122,1.7308916038533735,24.930330577815802,0.20170962272673407,0.005878592463456091,,,,,25,3.656614303588867,3.690218210220337,2.993140459060669,,"[1.625650405883789, 1.6249300241470337, 1.7766759395599365, 1.9726693630218506, 2.0668177604675293, 2.2699484825134277, 2.451878309249878, 2.6591334342956543, 2.9023303985595703, 2.967825412750244, 3.1025524139404297, 3.211337089538574, 3.393240213394165, 3.403568744659424, 3.46293044090271, 3.5725624561309814, 3.5702667236328125, 3.562105894088745, 3.584073066711426, 3.531275510787964, 3.505150318145752, 3.6039369106292725, 3.6608166694641113, 3.690218210220337, 3.656614303588867]",
2026-03-07T13:18:51Z,406d568da468,trial,199,ok,3.656752109527588,,clip_dino,0.4775329546121125,0.5224670453878875,1.4699203066381992,25.84077771017793,0.20165599572060716,0.0060557127173872525,,,,,25,3.656752109527588,3.6908397674560547,2.994922399520874,,"[1.625650405883789, 1.6247618198394775, 1.7767212390899658, 1.9730437994003296, 2.0674681663513184, 2.271552562713623, 2.4537739753723145, 2.6616134643554688, 2.9054770469665527, 2.9713385105133057, 3.1066250801086426, 3.215160369873047, 3.3970818519592285, 3.406909942626953, 3.4660139083862305, 3.575282096862793, 3.5725207328796387, 3.563760757446289, 3.585902214050293, 3.5323562622070312, 3.5060791969299316, 3.6048293113708496, 3.6615452766418457, 3.6908397674560547, 3.656752109527588]",
2026-03-07T13:18:51Z,406d568da468,best_summary,138,ok,3.6567845344543457,,clip_dino,0.44631105586887665,0.5536889441311234,1.6231146060668773,27.562888297662095,0.2693613157027216,0.005005799877797246,,,,,25,3.6567845344543457,,,,,
2026-03-09T03:50:48Z,5a7205ccd714,trial,0,ok,3.6562371253967285,,clip_dino,0.27547650794153833,0.7245234920584617,0.06699208178750476,0.8979888750108245,0.03203238761160222,0.002101553683520202,,,,,25,3.6562371253967285,3.6917402744293213,3.0050365924835205,,"[1.6256506443023682, 1.6240036487579346, 1.7766000032424927, 1.9738919734954834, 2.0691280364990234, 2.276622772216797, 2.460071563720703, 2.6721768379211426, 2.9213666915893555, 2.9868154525756836, 3.123722553253174, 3.232510566711426, 3.4190311431884766, 3.4280545711517334, 3.486027717590332, 3.5984861850738525, 3.5931272506713867, 3.576634407043457, 3.5977864265441895, 3.5452215671539307, 3.5156517028808594, 3.6101040840148926, 3.6652519702911377, 3.6917402744293213, 3.6562371253967285]",
2026-03-09T03:50:50Z,5a7205ccd714,trial,1,ok,3.5653128623962402,,clip_dino,0.890040395390136,0.10995960460986398,0.024904749512695404,0.6659327347332387,0.385105973411119,0.005223661619972226,,,,,25,3.5653128623962402,3.5983171463012695,2.8960015773773193,,"[1.625650405883789, 1.5719258785247803, 1.7012910842895508, 1.8595454692840576, 1.9815744161605835, 2.182337760925293, 2.338883399963379, 2.5452306270599365, 2.776564121246338, 2.851673126220703, 3.0018157958984375, 3.1095495223999023, 3.292386054992676, 3.307440996170044, 3.349318027496338, 3.4643406867980957, 3.462946891784668, 3.4456663131713867, 3.4731693267822266, 3.4223947525024414, 3.3970565795898438, 3.5100278854370117, 3.5656182765960693, 3.5983171463012695, 3.5653128623962402]",
2026-03-09T03:50:51Z,5a7205ccd714,trial,2,ok,3.4554882049560547,,clip_dino,0.3419812716956394,0.6580187283043606,0.06231634700201109,0.03907820702957969,2.2822034798481368,0.000577626697763921,,,,,25,3.4554882049560547,3.4554882049560547,2.80527925491333,,"[1.6256506443023682, 1.6266893148422241, 1.723215103149414, 1.8666377067565918, 1.932720422744751, 2.099964141845703, 2.2500600814819336, 2.4630374908447266, 2.697847366333008, 2.7171778678894043, 2.8357996940612793, 2.9538183212280273, 3.1454639434814453, 3.128114938735962, 3.205157995223999, 3.3738465309143066, 3.3715877532958984, 3.3390212059020996, 3.3778915405273438, 3.351240634918213, 3.3216052055358887, 3.3886032104492188, 3.4305477142333984, 3.4507932662963867, 3.4554882049560547]",
2026-03-09T03:50:52Z,5a7205ccd714,trial,3,ok,3.459728956222534,,clip_dino,0.4560541142108684,0.5439458857891316,0.13298044392302794,0.05338623090524276,0.7926462410307621,0.007948763509613923,,,,,25,3.459728956222534,3.459728956222534,2.809933662414551,,"[1.6256505250930786, 1.6272156238555908, 1.7252403497695923, 1.870063304901123, 1.936911702156067, 2.105095863342285, 2.256168842315674, 2.468627691268921, 2.703763484954834, 2.7239298820495605, 2.8426737785339355, 2.960625410079956, 3.151275157928467, 3.134917736053467, 3.2109127044677734, 3.3782947063446045, 3.3760781288146973, 3.34360408782959, 3.381929636001587, 3.3553619384765625, 3.325566530227661, 3.3931095600128174, 3.435527801513672, 3.4560680389404297, 3.459728956222534]",
2026-03-09T03:50:53Z,5a7205ccd714,trial,4,ok,3.3990001678466797,,clip_dino,0.12447445403377388,0.8755255459662261,0.017490848463539405,0.02909462338003,0.6030525541750119,0.00101374026322515,,,,,25,3.3990001678466797,3.3990001678466797,2.7431085109710693,,"[1.6256505250930786, 1.6289656162261963, 1.7059986591339111, 1.8358901739120483, 1.8873412609100342, 2.040889024734497, 2.1788382530212402, 2.395968437194824, 2.6225388050079346, 2.6329469680786133, 2.746088981628418, 2.863194704055786, 3.05839204788208, 3.0344862937927246, 3.12111234664917, 3.2988061904907227, 3.2983932495117188, 3.2687058448791504, 3.3120369911193848, 3.287386417388916, 3.262028694152832, 3.325673818588257, 3.3638319969177246, 3.383551597595215, 3.3990001678466797]",
2026-03-09T03:50:55Z,5a7205ccd714,trial,5,ok,3.6091251373291016,,clip_dino,0.8734926156171888,0.12650738438281117,0.01987624155872334,0.012410602877307967,0.2418533991038212,0.0038638813717357394,,,,,25,3.6091251373291016,3.641232490539551,2.937347412109375,,"[1.6256505250930786, 1.5900331735610962, 1.7267751693725586, 1.8945924043655396, 2.009439706802368, 2.210416793823242, 2.375098705291748, 2.583483934402466, 2.820810556411743, 2.893176794052124, 3.0379714965820312, 3.147012233734131, 3.337817668914795, 3.3529744148254395, 3.4042739868164062, 3.523472309112549, 3.521270275115967, 3.5026817321777344, 3.527688980102539, 3.480076789855957, 3.451627254486084, 3.5552830696105957, 3.6117024421691895, 3.641232490539551, 3.6091251373291016]",
2026-03-09T03:50:56Z,5a7205ccd714,trial,6,ok,3.6273186206817627,,clip_dino,0.8035065273510372,0.19649347264896277,0.2321885205736517,0.10979264477983135,0.23747822487174164,0.001081075203205851,,,,,25,3.6273186206817627,3.6577351093292236,2.972930669784546,,"[1.6256505250930786, 1.6171982288360596, 1.7621517181396484, 1.9448848962783813, 2.044111490249634, 2.2452163696289062, 2.4202880859375, 2.6313791275024414, 2.8770909309387207, 2.9395525455474854, 3.0759363174438477, 3.1872920989990234, 3.3783884048461914, 3.3873090744018555, 3.4459357261657715, 3.5689890384674072, 3.564876079559326, 3.541971206665039, 3.5638368129730225, 3.5191903114318848, 3.486823558807373, 3.57792592048645, 3.632214307785034, 3.6577351093292236, 3.6273186206817627]",
2026-03-09T03:50:57Z,5a7205ccd714,trial,7,ok,3.555666923522949,,clip_dino,0.5064226245598669,0.49357737544013314,0.14090927656763136,0.09556167894475755,0.05994561093459707,0.0019301143563714084,,,,,25,3.555666923522949,3.5723583698272705,2.9165422916412354,,"[1.6256506443023682, 1.6266827583312988, 1.75640070438385, 1.9307466745376587, 2.0139310359954834, 2.203167676925659, 2.3737614154815674, 2.585564613342285, 2.8312203884124756, 2.871033191680908, 2.997857093811035, 3.1147446632385254, 3.300844430923462, 3.2965784072875977, 3.3598203659057617, 3.503389358520508, 3.49886417388916, 3.4661483764648438, 3.493359088897705, 3.4595491886138916, 3.42470645904541, 3.501375675201416, 3.5501410961151123, 3.5723583698272705, 3.555666923522949]",
2026-03-09T03:50:59Z,5a7205ccd714,trial,8,ok,3.6133296489715576,,clip_dino,0.8519430885671622,0.14805691143283783,0.04202497356093751,0.011117448768128072,0.07485261874462616,0.0009407317234058413,,,,,25,3.6133296489715576,3.6413774490356445,2.9589264392852783,,"[1.6256505250930786, 1.614727258682251, 1.7564976215362549, 1.9342379570007324, 2.034219264984131, 2.2327699661254883, 2.4050605297088623, 2.6154732704162598, 2.8599820137023926, 2.9204025268554688, 3.056229591369629, 3.1684584617614746, 3.3604469299316406, 3.368253231048584, 3.4274544715881348, 3.5547947883605957, 3.5510764122009277, 3.5257067680358887, 3.5484414100646973, 3.5064597129821777, 3.47329044342041, 3.562570095062256, 3.61624813079834, 3.6413774490356445, 3.6133296489715576]",
2026-03-09T03:51:00Z,5a7205ccd714,trial,9,ok,3.5146427154541016,,clip_dino,0.26210137782928977,0.7378986221707102,0.2197832934763794,0.3051342007433389,1.8508898956184805,0.0006437397174800834,,,,,25,3.5146427154541016,3.5223474502563477,2.8693861961364746,,"[1.6256506443023682, 1.624542236328125, 1.741075873374939, 1.8993828296661377, 1.979176640510559, 2.159482955932617, 2.320474863052368, 2.531188726425171, 2.7721636295318604, 2.804276704788208, 2.928560733795166, 3.0461583137512207, 3.235396385192871, 3.2261838912963867, 3.294829845428467, 3.450298309326172, 3.4468131065368652, 3.4130172729492188, 3.4455223083496094, 3.4155097007751465, 3.382269859313965, 3.4547455310821533, 3.5009467601776123, 3.5223474502563477, 3.5146427154541016]",
2026-03-09T03:51:01Z,5a7205ccd714,trial,10,ok,3.6378512382507324,,clip_dino,0.6409230935690837,0.3590769064309163,0.8366127480985432,0.9331229930899698,0.020214398837552015,0.002195578190708588,,,,,25,3.6378512382507324,3.669259786605835,2.992105722427368,,"[1.6256505250930786, 1.625626564025879, 1.7761375904083252, 1.9727970361709595, 2.0637733936309814, 2.2663893699645996, 2.4494333267211914, 2.6611886024475098, 2.910843849182129, 2.9691224098205566, 3.1018779277801514, 3.213576316833496, 3.400562286376953, 3.4077067375183105, 3.466888666152954, 3.5869383811950684, 3.582313060760498, 3.5605127811431885, 3.580720901489258, 3.535135269165039, 3.5026984214782715, 3.590951442718506, 3.644688129425049, 3.669259786605835, 3.6378512382507324]",
2026-03-09T03:51:02Z,5a7205ccd714,trial,11,ok,3.6502327919006348,,clip_dino,0.6286661365517605,0.3713338634482395,0.5796885302860838,0.9907704443132338,0.02167952703239927,0.002122864218967085,,,,,25,3.6502327919006348,3.683931827545166,3.002120018005371,,"[1.625650405883789, 1.6255199909210205, 1.7781360149383545, 1.9769095182418823, 2.0693199634552, 2.2745161056518555, 2.4588449001312256, 2.6707513332366943, 2.920681953430176, 2.982346534729004, 3.1167497634887695, 3.2270421981811523, 3.4138846397399902, 3.4223244190216064, 3.481001138687134, 3.596891403198242, 3.5919604301452637, 3.573021650314331, 3.5931880474090576, 3.544241189956665, 3.513122081756592, 3.6041290760040283, 3.65860915184021, 3.683931827545166, 3.6502327919006348]",
2026-03-09T03:51:03Z,5a7205ccd714,trial,12,ok,3.5764520168304443,,clip_dino,0.6701924715148799,0.32980752848512007,0.8599610442095936,0.35904175983358827,0.02390064991733745,0.0036459908882495082,,,,,25,3.5764520168304443,3.597116708755493,2.9377896785736084,,"[1.6256505250930786, 1.625898838043213, 1.7625837326049805, 1.9467723369598389, 2.03053617477417, 2.2229695320129395, 2.3984405994415283, 2.6099658012390137, 2.8570427894592285, 2.900421619415283, 3.027559280395508, 3.1436333656311035, 3.3280515670776367, 3.32688307762146, 3.3884716033935547, 3.5254123210906982, 3.521183490753174, 3.490874767303467, 3.5154857635498047, 3.4797158241271973, 3.445119857788086, 3.5241761207580566, 3.574326515197754, 3.597116708755493, 3.5764520168304443]",
2026-03-09T03:51:04Z,5a7205ccd714,trial,13,ok,3.277031421661377,,clip_dino,0.1285519044011083,0.8714480955988917,0.40279154218373114,0.39303709250246666,0.06360368585272903,0.0016389447704180451,,,,,25,3.277031421661377,3.277031421661377,2.614683151245117,,"[1.6256506443023682, 1.628040075302124, 1.6671086549758911, 1.7778995037078857, 1.8002222776412964, 1.9267735481262207, 2.0360960960388184, 2.265056610107422, 2.467886209487915, 2.46876859664917, 2.570615768432617, 2.6829354763031006, 2.879197597503662, 2.847229242324829, 2.952077865600586, 3.13804292678833, 3.140911102294922, 3.117964267730713, 3.1645970344543457, 3.1455624103546143, 3.1286211013793945, 3.191230297088623, 3.223154067993164, 3.2444100379943848, 3.277031421661377]",
2026-03-09T03:51:06Z,5a7205ccd714,trial,14,ok,3.650480270385742,,clip_dino,0.5527216207825337,0.44727837921746627,0.06814154019068762,0.22790993678087954,0.04052922941880171,0.00338943610984705,,,,,25,3.650480270385742,3.685098886489868,2.9962172508239746,,"[1.6256506443023682, 1.6209136247634888, 1.77112877368927, 1.9632089138031006, 2.0609729290008545, 2.2671475410461426, 2.447431802749634, 2.6593687534332275, 2.907045364379883, 2.973132610321045, 3.1108174324035645, 3.2199888229370117, 3.4081621170043945, 3.417970895767212, 3.475755214691162, 3.590332269668579, 3.585334539413452, 3.567854881286621, 3.5893115997314453, 3.5382676124572754, 3.5083248615264893, 3.603238582611084, 3.6584911346435547, 3.685098886489868, 3.650480270385742]",
2026-03-09T03:51:07Z,5a7205ccd714,trial,15,ok,3.617441177368164,,clip_dino,0.3396776520377004,0.6603223479622996,0.06351800182177647,0.1858006426221001,0.1177979239036424,0.0031413681257134265,,,,,25,3.617441177368164,3.645810127258301,2.9673385620117188,,"[1.6256505250930786, 1.6203155517578125, 1.7640485763549805, 1.9465855360031128, 2.042726993560791, 2.2419652938842773, 2.417189836502075, 2.6283087730407715, 2.874663829803467, 2.933136463165283, 3.0674402713775635, 3.1799488067626953, 3.3704092502593994, 3.37709379196167, 3.436687469482422, 3.5631680488586426, 3.5589935779571533, 3.533677577972412, 3.55574631690979, 3.513434410095215, 3.4800233840942383, 3.5678353309631348, 3.6211695671081543, 3.645810127258301, 3.617441177368164]",
2026-03-09T03:51:08Z,5a7205ccd714,trial,16,ok,3.624934673309326,,clip_dino,0.5336315133867435,0.46636848661325647,0.011229462722156571,0.19670678837494224,0.038249310100425704,0.006310526208701073,,,,,25,3.624934673309326,3.6598658561706543,2.9590981006622314,,"[1.6256505250930786, 1.5981831550598145, 1.7399051189422607, 1.9169195890426636, 2.027751922607422, 2.233492374420166, 2.4031200408935547, 2.6138696670532227, 2.854152202606201, 2.927356243133545, 3.07218599319458, 3.179793357849121, 3.36659574508667, 3.3781979084014893, 3.430960178375244, 3.5439229011535645, 3.539682388305664, 3.52413010597229, 3.5496020317077637, 3.495683193206787, 3.4685587882995605, 3.5732991695404053, 3.6296489238739014, 3.6598658561706543, 3.624934673309326]",
2026-03-09T03:51:09Z,5a7205ccd714,trial,17,ok,3.639533042907715,,clip_dino,0.40107551524545226,0.5989244847545477,0.04137156095511494,0.5837750645240528,0.10774605919003968,0.002872307977178243,,,,,25,3.639533042907715,3.6746490001678467,2.9770967960357666,,"[1.6256505250930786, 1.6081159114837646, 1.753745675086975, 1.9369227886199951, 2.0427260398864746, 2.24912428855896, 2.423144817352295, 2.634533405303955, 2.877856492996216, 2.9489431381225586, 3.091132640838623, 3.199105739593506, 3.3868749141693115, 3.3979251384735107, 3.4532105922698975, 3.5663013458251953, 3.561638832092285, 3.545971393585205, 3.5699243545532227, 3.516510486602783, 3.488503932952881, 3.5896151065826416, 3.645758628845215, 3.6746490001678467, 3.639533042907715]",
2026-03-09T03:51:10Z,5a7205ccd714,trial,18,ok,3.652188301086426,,clip_dino,0.7209706870485111,0.2790293129514889,0.08876982744562409,0.1888559805174707,0.04259276983879412,0.001574458360371868,,,,,25,3.652188301086426,3.6874914169311523,2.9973480701446533,,"[1.625650405883789, 1.620206356048584, 1.7706154584884644, 1.9629743099212646, 2.061408042907715, 2.2685060501098633, 2.4488368034362793, 2.66084623336792, 2.908339738845825, 2.9755520820617676, 3.114018201828003, 3.2226266860961914, 3.4101269245147705, 3.4198670387268066, 3.4773287773132324, 3.590381622314453, 3.585196018218994, 3.5687334537506104, 3.590620517730713, 3.538053035736084, 3.5087738037109375, 3.6049537658691406, 3.6604065895080566, 3.6874914169311523, 3.652188301086426]",
2026-03-09T03:51:11Z,5a7205ccd714,trial,19,ok,3.6365110874176025,,clip_dino,0.7344833153228122,0.2655166846771878,0.1082282371998954,0.11144289001841308,0.13981316672465,0.0014175325843979356,,,,,25,3.6365110874176025,3.6690733432769775,2.9776763916015625,,"[1.6256505250930786, 1.6138103008270264, 1.7596687078475952, 1.942873477935791, 2.044997453689575, 2.2482588291168213, 2.423190116882324, 2.6343679428100586, 2.879302978515625, 2.9457449913024902, 3.084425687789917, 3.1944398880004883, 3.385284900665283, 3.3961150646209717, 3.453519821166992, 3.5725510120391846, 3.5683748722076416, 3.5485329627990723, 3.57066011428833, 3.5229074954986572, 3.492105007171631, 3.587146282196045, 3.6423964500427246, 3.6690733432769775, 3.6365110874176025]",
2026-03-09T03:51:13Z,5a7205ccd714,trial,20,ok,3.5572621822357178,,clip_dino,0.22271301535687493,0.7772869846431251,0.21820244072989087,0.5388061514509542,0.03601812248284238,0.0013187057440039046,,,,,25,3.5572621822357178,3.574535608291626,2.920546293258667,,"[1.6256505250930786, 1.6262462139129639, 1.7574241161346436, 1.936797857284546, 2.018105983734131, 2.2080719470977783, 2.3809452056884766, 2.593261957168579, 2.839845657348633, 2.8786823749542236, 3.004805564880371, 3.121901750564575, 3.306063175201416, 3.301666259765625, 3.3641269207000732, 3.5064353942871094, 3.5017404556274414, 3.4692306518554688, 3.4959139823913574, 3.461956739425659, 3.427056312561035, 3.5035858154296875, 3.552349090576172, 3.574535608291626, 3.5572621822357178]",
2026-03-09T03:51:14Z,5a7205ccd714,trial,21,ok,3.6471381187438965,,clip_dino,0.5562188459670456,0.4437811540329544,0.082675111322225,0.20913997811730667,0.04548624261449885,0.002640980338375901,,,,,25,3.6471381187438965,3.6808996200561523,2.994248867034912,,"[1.6256505250930786, 1.6217294931411743, 1.7715821266174316, 1.9633142948150635, 2.0601985454559326, 2.265343189239502, 2.445559501647949, 2.6574819087982178, 2.9054346084594727, 2.9700217247009277, 3.106801986694336, 3.21663761138916, 3.4053568840026855, 3.414870023727417, 3.473005533218384, 3.5894365310668945, 3.5845630168914795, 3.5656518936157227, 3.586742401123047, 3.5373921394348145, 3.506625175476074, 3.5999317169189453, 3.6548519134521484, 3.6808996200561523, 3.6471381187438965]",
2026-03-09T03:51:15Z,5a7205ccd714,trial,22,ok,3.645557403564453,,clip_dino,0.7134964880719811,0.28650351192801893,0.038093966499529855,0.07472431053675797,0.03645523884241276,0.004116456368233452,,,,,25,3.645557403564453,3.6801156997680664,2.9866089820861816,,"[1.6256505250930786, 1.6148889064788818, 1.7626899480819702, 1.9495521783828735, 2.0514185428619385, 2.257265090942383, 2.4340920448303223, 2.6457362174987793, 2.8912463188171387, 2.9596705436706543, 3.099391460418701, 3.208191394805908, 3.397099018096924, 3.407888412475586, 3.464749336242676, 3.5794894695281982, 3.5747692584991455, 3.5577423572540283, 3.5802061557769775, 3.5287885665893555, 3.4994726181030273, 3.5969250202178955, 3.652622699737549, 3.6801156997680664, 3.645557403564453]",
2026-03-09T03:51:16Z,5a7205ccd714,trial,23,ok,3.6428332328796387,,clip_dino,0.7731960856455868,0.22680391435441316,0.0784106852099711,0.1661462971193375,0.08909113052555788,0.00519857726361116,,,,,25,3.6428332328796387,3.6777892112731934,2.981478691101074,,"[1.6256506443023682, 1.6110303401947021, 1.7576541900634766, 1.9424464702606201, 2.046633720397949, 2.252871036529541, 2.428095579147339, 2.6395492553710938, 2.8837194442749023, 2.9538564682006836, 3.0950567722320557, 3.203305244445801, 3.3914878368377686, 3.402499198913574, 3.4584808349609375, 3.5720341205596924, 3.5673680305480957, 3.5514185428619385, 3.5747833251953125, 3.522021532058716, 3.493601083755493, 3.5933749675750732, 3.649402618408203, 3.6777892112731934, 3.6428332328796387]",
2026-03-09T03:51:17Z,5a7205ccd714,trial,24,ok,3.6472280025482178,,clip_dino,0.5913565370420544,0.4086434629579456,0.0510907111516846,0.2993144453752189,0.0539651864530063,0.0017731605621162374,,,,,25,3.6472280025482178,3.6827592849731445,2.9886999130249023,,"[1.6256505250930786, 1.6146217584609985, 1.7629140615463257, 1.9510301351547241, 2.0531551837921143, 2.2604212760925293, 2.4377856254577637, 2.6496033668518066, 2.895090103149414, 2.964653968811035, 3.105221748352051, 3.2132515907287598, 3.40055775642395, 3.4107069969177246, 3.4671473503112793, 3.5794949531555176, 3.5744073390960693, 3.5587801933288574, 3.581879138946533, 3.5281014442443848, 3.4997129440307617, 3.598734140396118, 3.654592990875244, 3.6827592849731445, 3.6472280025482178]",
2026-03-09T03:51:19Z,5a7205ccd714,trial,25,ok,3.6461734771728516,,clip_dino,0.38634851874272447,0.6136514812572755,0.028277002838392,0.15075389352790602,0.0310346106984434,0.000803230278769814,,,,,25,3.6461734771728516,3.6800200939178467,2.991551160812378,,"[1.6256506443023682, 1.6197798252105713, 1.7688732147216797, 1.9587088823318481, 2.0571393966674805, 2.262315511703491, 2.4413206577301025, 2.653191566467285, 2.9004433155059814, 2.966047525405884, 3.103644609451294, 3.213282823562622, 3.402418851852417, 3.412339925765991, 3.4701876640319824, 3.586575508117676, 3.581753730773926, 3.563039779663086, 3.5844690799713135, 3.5348598957061768, 3.504319906234741, 3.5985660552978516, 3.6536660194396973, 3.6800200939178467, 3.6461734771728516]",
2026-03-09T03:51:20Z,5a7205ccd714,trial,26,ok,3.561131477355957,,clip_dino,0.22947686564797815,0.7705231343520218,0.10497392623002313,0.2581608808149908,0.14145126818944856,0.002529367749726175,,,,,25,3.561131477355957,3.5787713527679443,2.9205586910247803,,"[1.6256505250930786, 1.6261110305786133, 1.7571769952774048, 1.9313617944717407, 2.0162558555603027, 2.206113338470459, 2.376702308654785, 2.5880837440490723, 2.8335680961608887, 2.875295877456665, 3.0027999877929688, 3.1192941665649414, 3.306152820587158, 3.303023338317871, 3.366142749786377, 3.508436918258667, 3.504105806350708, 3.4718897342681885, 3.4986157417297363, 3.4643123149871826, 3.429523468017578, 3.50710391998291, 3.556337833404541, 3.5787713527679443, 3.561131477355957]",
2026-03-09T03:51:21Z,5a7205ccd714,trial,27,ok,3.6133289337158203,,clip_dino,0.47839311238988796,0.5216068876101121,0.15709310739845456,0.5074809965159572,3.3985486622600583,0.0012906111208512295,,,,,25,3.6133289337158203,3.6444613933563232,2.943826913833618,,"[1.6256506443023682, 1.595465064048767, 1.7336169481277466, 1.9033749103546143, 2.015439033508301, 2.2156214714050293, 2.3820207118988037, 2.590622663497925, 2.8294613361358643, 2.8996450901031494, 3.0423221588134766, 3.152096748352051, 3.3443679809570312, 3.3585619926452637, 3.4122726917266846, 3.5336828231811523, 3.5313620567321777, 3.5112712383270264, 3.5354723930358887, 3.48964524269104, 3.4598946571350098, 3.559981346130371, 3.6160378456115723, 3.6444613933563232, 3.6133289337158203]",
2026-03-09T03:51:22Z,5a7205ccd714,trial,28,ok,3.53680682182312,,clip_dino,0.43316242659333387,0.5668375734066662,0.0792986193668777,0.061424085596202264,0.18295743828415476,0.009891449915897356,,,,,25,3.53680682182312,3.549246311187744,2.8928284645080566,,"[1.6256505250930786, 1.6247100830078125, 1.7482233047485352, 1.9128406047821045, 1.9961979389190674, 2.180879831314087, 2.345832347869873, 2.556309223175049, 2.7990198135375977, 2.8362483978271484, 2.9622750282287598, 3.0793323516845703, 3.2676658630371094, 3.2617673873901367, 3.327712297439575, 3.477102041244507, 3.473416566848755, 3.440249443054199, 3.4700398445129395, 3.4383068084716797, 3.404285192489624, 3.4793801307678223, 3.527212381362915, 3.549246311187744, 3.53680682182312]",
2026-03-09T03:51:24Z,5a7205ccd714,trial,29,ok,3.6444597244262695,,clip_dino,0.5708190464849289,0.42918095351507113,0.02703010329997136,0.7482588259797115,0.028910092910674836,0.0046966294754842725,,,,,25,3.6444597244262695,3.6807901859283447,2.9874677658081055,,"[1.6256505250930786, 1.6135846376419067, 1.7617723941802979, 1.9503746032714844, 2.053067207336426, 2.2616641521453857, 2.439037322998047, 2.650940418243408, 2.8960394859313965, 2.9666640758514404, 3.1082711219787598, 3.2154946327209473, 3.400531768798828, 3.409224510192871, 3.4651193618774414, 3.575058937072754, 3.56953763961792, 3.5549559593200684, 3.5790605545043945, 3.52268123626709, 3.4951491355895996, 3.595834970474243, 3.651718854904175, 3.6807901859283447, 3.6444597244262695]",
2026-03-09T03:51:25Z,5a7205ccd714,trial,30,ok,3.6489620208740234,,clip_dino,0.7113662121224715,0.28863378787752847,0.33285055490374876,0.424385694617826,0.08818579443679311,0.003247730872332173,,,,,25,3.6489620208740234,3.682725429534912,2.99729585647583,,"[1.625650405883789, 1.623537540435791, 1.7743562459945679, 1.968474268913269, 2.063727855682373, 2.2688581943511963, 2.450491189956665, 2.6622939109802246, 2.9108054637908936, 2.9744913578033447, 3.1104071140289307, 3.2203524112701416, 3.4083352088928223, 3.4175689220428467, 3.4759702682495117, 3.5920040607452393, 3.5871834754943848, 3.5686118602752686, 3.5893783569335938, 3.5400567054748535, 3.5093116760253906, 3.6019949913024902, 3.656838893890381, 3.682725429534912, 3.6489620208740234]",
2026-03-09T03:51:26Z,5a7205ccd714,trial,31,ok,3.652716636657715,,clip_dino,0.6335180886681283,0.3664819113318717,0.49041481948834786,0.9252800886678154,0.02410654211543645,0.0022266495276466952,,,,,25,3.652716636657715,3.686934471130371,3.0039854049682617,,"[1.625650405883789, 1.6254392862319946, 1.778390884399414, 1.9774284362792969, 2.0702550411224365, 2.2760794162750244, 2.460573673248291, 2.672511100769043, 2.9224255084991455, 2.9849343299865723, 3.1198060512542725, 3.2297258377075195, 3.416440963745117, 3.4250869750976562, 3.4836325645446777, 3.5985171794891357, 3.5934929847717285, 3.57527494430542, 3.5955567359924316, 3.545698642730713, 3.5149645805358887, 3.606722354888916, 3.6613757610321045, 3.686934471130371, 3.652716636657715]",
2026-03-09T03:51:27Z,5a7205ccd714,trial,32,ok,3.6474759578704834,,clip_dino,0.6626300218484288,0.3373699781515712,0.06171459615722961,0.7453469690227142,0.04785314443549653,0.0015761391088140037,,,,,25,3.6474759578704834,3.683846950531006,2.99137544631958,,"[1.6256505250930786, 1.6156909465789795, 1.7647511959075928, 1.9549120664596558, 2.0563793182373047, 2.2650699615478516, 2.4435536861419678, 2.655534505844116, 2.901369333267212, 2.97139310836792, 3.112352132797241, 3.219686508178711, 3.4048964977264404, 3.4135937690734863, 3.4698824882507324, 3.5798802375793457, 3.574309825897217, 3.5596578121185303, 3.583353042602539, 3.5272111892700195, 3.499484062194824, 3.5993199348449707, 3.655129909515381, 3.683846950531006, 3.6474759578704834]",
2026-03-09T03:51:28Z,5a7205ccd714,trial,33,ok,3.6580276489257812,,clip_dino,0.5913735456374828,0.4086264543625172,0.17392955514866384,0.7508090208834363,0.02885457255148477,0.0023543092401027846,,,,,25,3.6580276489257812,3.6939661502838135,3.00728178024292,,"[1.6256505250930786, 1.6244338750839233, 1.77767813205719, 1.9763036966323853, 2.071178913116455, 2.279292106628418, 2.4635138511657715, 2.675586700439453, 2.924983263015747, 2.990703821182251, 3.1276967525482178, 3.236154556274414, 3.4219045639038086, 3.430640935897827, 3.4885714054107666, 3.5998854637145996, 3.594404697418213, 3.5786352157592773, 3.5999367237091064, 3.546370029449463, 3.5171990394592285, 3.6120591163635254, 3.6672706604003906, 3.6939661502838135, 3.6580276489257812]",
2026-03-09T03:51:29Z,5a7205ccd714,trial,34,ok,3.63970947265625,,clip_dino,0.6127534549090285,0.38724654509097145,0.35650915419224755,0.7427479193445551,0.4958970609532412,0.0023663531079456323,,,,,25,3.63970947265625,3.6727664470672607,2.979823589324951,,"[1.6256505250930786, 1.6141180992126465, 1.7605080604553223, 1.9446320533752441, 2.0466959476470947, 2.2504239082336426, 2.4257657527923584, 2.6368277072906494, 2.8815903663635254, 2.9486985206604004, 3.087567090988159, 3.1972479820251465, 3.387462615966797, 3.3985867500305176, 3.4558897018432617, 3.5735602378845215, 3.5694379806518555, 3.5508975982666016, 3.5730819702148438, 3.5243735313415527, 3.494185447692871, 3.590196132659912, 3.645719051361084, 3.6727664470672607, 3.63970947265625]",
2026-03-09T03:51:31Z,5a7205ccd714,trial,35,ok,3.3656625747680664,,clip_dino,0.8048415732224785,0.1951584267775215,0.5232786111617231,0.026682503942727507,0.026783463616494696,0.0018601444644555764,,,,,25,3.3656625747680664,3.3656625747680664,2.7103381156921387,,"[1.6256505250930786, 1.6284780502319336, 1.6932876110076904, 1.8222384452819824, 1.8649977445602417, 2.0142369270324707, 2.147639513015747, 2.368478298187256, 2.5894646644592285, 2.5960726737976074, 2.7063517570495605, 2.823070526123047, 3.0138888359069824, 2.9881227016448975, 3.075180768966675, 3.254655361175537, 3.2541165351867676, 3.225853443145752, 3.269855499267578, 3.24737548828125, 3.2238049507141113, 3.288339138031006, 3.3253097534179688, 3.346318244934082, 3.3656625747680664]",
2026-03-09T03:51:32Z,5a7205ccd714,trial,36,ok,3.6047377586364746,,clip_dino,0.6796061941062177,0.3203938058937823,0.17082416262681346,0.946035814359865,1.2520491238324998,0.0011941632786396745,,,,,25,3.6047377586364746,3.6382598876953125,2.933560848236084,,"[1.6256506443023682, 1.5865428447723389, 1.7227606773376465, 1.8907063007354736, 2.0070250034332275, 2.2097787857055664, 2.373612642288208, 2.5824289321899414, 2.818795680999756, 2.8930063247680664, 3.0398035049438477, 3.1478569507598877, 3.335317611694336, 3.3496246337890625, 3.3988475799560547, 3.514404773712158, 3.511699676513672, 3.495098829269409, 3.521282911300659, 3.4701948165893555, 3.443382978439331, 3.550853729248047, 3.6073436737060547, 3.6382598876953125, 3.6047377586364746]",
2026-03-09T03:51:33Z,5a7205ccd714,trial,37,ok,3.622589111328125,,clip_dino,0.7557261652198333,0.24427383478016673,0.11834117656393159,0.47743222144484654,0.3506293050148245,0.0015023878543884929,,,,,25,3.622589111328125,3.657032012939453,2.954954147338867,,"[1.625650405883789, 1.5962885618209839, 1.7370336055755615, 1.912160873413086, 2.0239639282226562, 2.2287909984588623, 2.3973326683044434, 2.607680320739746, 2.8472983837127686, 2.9205265045166016, 3.065462589263916, 3.1733438968658447, 3.3610167503356934, 3.373547077178955, 3.425950527191162, 3.5400519371032715, 3.536223888397217, 3.5202813148498535, 3.5456652641296387, 3.4929351806640625, 3.4656577110290527, 3.570466995239258, 3.6269021034240723, 3.657032012939453, 3.622589111328125]",
2026-03-09T03:51:34Z,5a7205ccd714,trial,38,ok,3.6285595893859863,,clip_dino,0.3115602368179212,0.6884397631820788,0.18337152613449506,0.6819427145577174,0.06582745764062017,0.0021194720887719237,,,,,25,3.6285595893859863,3.6586127281188965,2.9834487438201904,,"[1.6256506443023682, 1.6252002716064453, 1.7731435298919678, 1.965330958366394, 2.05703067779541, 2.258370876312256, 2.439065933227539, 2.6509850025177, 2.900076150894165, 2.9573025703430176, 3.0901265144348145, 3.2024426460266113, 3.390366554260254, 3.396620750427246, 3.4559924602508545, 3.579010486602783, 3.5743072032928467, 3.5503439903259277, 3.571141004562378, 3.527167797088623, 3.4939420223236084, 3.581070899963379, 3.6343488693237305, 3.6586127281188965, 3.6285595893859863]",
2026-03-09T03:51:35Z,5a7205ccd714,trial,39,ok,3.433224678039551,,clip_dino,0.840578896011873,0.15942110398812703,0.26731291340479496,0.01505134354087517,0.028180652644987342,0.0008443781115974103,,,,,25,3.433224678039551,3.433224678039551,2.785656213760376,,"[1.625650405883789, 1.6288602352142334, 1.7167878150939941, 1.8613611459732056, 1.9196711778640747, 2.084757089614868, 2.2338056564331055, 2.4497828483581543, 2.6824402809143066, 2.697087526321411, 2.8133764266967773, 2.9319944381713867, 3.1190664768218994, 3.0995092391967773, 3.175550699234009, 3.3459041118621826, 3.343182325363159, 3.3112480640411377, 3.3508896827697754, 3.3256783485412598, 3.296992540359497, 3.3638949394226074, 3.4048497676849365, 3.4258346557617188, 3.433224678039551]",
2026-03-09T03:51:37Z,5a7205ccd714,trial,40,ok,3.0422170162200928,,clip_dino,0.5130126480186947,0.48698735198130527,0.646153528612176,0.039924183908048035,0.04665335949966014,0.0026981249339714454,,,,,25,3.0422170162200928,3.0422170162200928,2.390202283859253,,"[1.6256505250930786, 1.6316152811050415, 1.6258341073989868, 1.701690435409546, 1.6731497049331665, 1.7378756999969482, 1.7703328132629395, 2.0278494358062744, 2.180593490600586, 2.178138494491577, 2.2578063011169434, 2.357348680496216, 2.5614991188049316, 2.516233444213867, 2.6761879920959473, 2.8634607791900635, 2.874940872192383, 2.8615593910217285, 2.9021987915039062, 2.8978257179260254, 2.8916831016540527, 2.94860577583313, 2.9649806022644043, 2.9857773780822754, 3.0422170162200928]",
2026-03-09T03:51:38Z,5a7205ccd714,trial,41,ok,3.6529951095581055,,clip_dino,0.5866658277297854,0.41333417227021463,0.09203651452311411,0.24000178521224177,0.020047165436836174,0.0032509359566118964,,,,,25,3.6529951095581055,3.687641143798828,3.002558946609497,,"[1.6256505250930786, 1.6242623329162598, 1.7763431072235107, 1.9729219675064087, 2.067626953125, 2.274007797241211, 2.457104206085205, 2.6692185401916504, 2.918531894683838, 2.9826645851135254, 3.1187970638275146, 3.228283643722534, 3.41558837890625, 3.4246127605438232, 3.4828381538391113, 3.5972557067871094, 3.592076301574707, 3.5741662979125977, 3.594905376434326, 3.5441887378692627, 3.513784646987915, 3.6068193912506104, 3.6616947650909424, 3.687641143798828, 3.6529951095581055]",
2026-03-09T03:51:39Z,5a7205ccd714,trial,42,ok,3.639650344848633,,clip_dino,0.6019361896588972,0.39806381034110283,0.10163917540501241,0.14572987332141504,0.021858723820846665,0.004016529743318939,,,,,25,3.639650344848633,3.671713352203369,2.9921915531158447,,"[1.625650405883789, 1.6247309446334839, 1.7745780944824219, 1.9684728384017944, 2.0616893768310547, 2.2651190757751465, 2.4467806816101074, 2.6588263511657715, 2.9080862998962402, 2.968398332595825, 3.102646589279175, 3.2138476371765137, 3.4020192623138428, 3.409778594970703, 3.468651294708252, 3.5882058143615723, 3.5833399295806885, 3.5616655349731445, 3.5821588039398193, 3.535660743713379, 3.5033819675445557, 3.592877149581909, 3.6468610763549805, 3.671713352203369, 3.639650344848633]",
2026-03-09T03:51:40Z,5a7205ccd714,trial,43,ok,3.6398301124572754,,clip_dino,0.4710312761622011,0.5289687238377989,0.13600395141133656,0.3299494625095933,0.03172447875369859,0.0019471894383885574,,,,,25,3.6398301124572754,3.671926259994507,2.9928722381591797,,"[1.625650405883789, 1.6249382495880127, 1.7749980688095093, 1.9694631099700928, 2.062371253967285, 2.2658796310424805, 2.447870969772339, 2.6599769592285156, 2.909440517425537, 2.9695487022399902, 3.103668212890625, 3.2148938179016113, 3.4029245376586914, 3.410569667816162, 3.469442844390869, 3.5889415740966797, 3.5840275287628174, 3.5622870922088623, 3.5827231407165527, 3.5362095832824707, 3.503883123397827, 3.5932047367095947, 3.6471405029296875, 3.671926259994507, 3.6398301124572754]",
2026-03-09T03:51:41Z,5a7205ccd714,trial,44,ok,3.6535825729370117,,clip_dino,0.6466644687957328,0.3533355312042672,0.04959833862885901,0.5967760710058068,0.020178084766430696,0.0023567484697281735,,,,,25,3.6535825729370117,3.690359115600586,3.0012564659118652,,"[1.6256506443023682, 1.6209251880645752, 1.772457480430603, 1.9676380157470703, 2.065683126449585, 2.2751221656799316, 2.4569778442382812, 2.6690828800201416, 2.916832447052002, 2.985365390777588, 3.1248035430908203, 3.232130527496338, 3.4164836406707764, 3.4243664741516113, 3.4814276695251465, 3.590475082397461, 3.584620952606201, 3.570162773132324, 3.5931410789489746, 3.5365688800811768, 3.508633613586426, 3.6066837310791016, 3.662235736846924, 3.690359115600586, 3.6535825729370117]",
2026-03-09T03:51:42Z,5a7205ccd714,trial,45,ok,3.6536965370178223,,clip_dino,0.6416564207766223,0.3583435792233777,0.0504277535466688,0.6074145838657199,0.020418075358277422,0.002939226974566498,,,,,25,3.6536965370178223,3.690462827682495,3.001366376876831,,"[1.6256505250930786, 1.6209995746612549, 1.7725635766983032, 1.9678044319152832, 2.0657949447631836, 2.275214195251465, 2.4571118354797363, 2.6692054271698, 2.9169702529907227, 2.9854676723480225, 3.124866247177124, 3.232205390930176, 3.416563034057617, 3.424459457397461, 3.4815382957458496, 3.5905990600585938, 3.5847554206848145, 3.5703070163726807, 3.593264102935791, 3.536722183227539, 3.508781909942627, 3.6067991256713867, 3.6623520851135254, 3.690462827682495, 3.6536965370178223]",
2026-03-09T03:51:44Z,5a7205ccd714,trial,46,ok,3.6515746116638184,,clip_dino,0.1445391217530127,0.8554608782469872,0.032866401006156856,0.6356851175590634,0.02106338106734534,0.004468264387875898,,,,,25,3.6515746116638184,3.6857705116271973,3.0019829273223877,,"[1.6256505250930786, 1.6248054504394531, 1.776943325996399, 1.974039077758789, 2.067920684814453, 2.273731231689453, 2.4571399688720703, 2.6691746711730957, 2.9186863899230957, 2.9818243980407715, 3.117277145385742, 3.2271313667297363, 3.414412260055542, 3.4232397079467773, 3.4816651344299316, 3.596869945526123, 3.5918049812316895, 3.573352336883545, 3.5938491821289062, 3.5439915657043457, 3.513230800628662, 3.605394124984741, 3.660102367401123, 3.6857705116271973, 3.6515746116638184]",
2026-03-09T03:51:45Z,5a7205ccd714,trial,47,ok,3.6546382904052734,,clip_dino,0.5144421764041405,0.48555782359585953,0.053155560649719324,0.4312101805399671,0.02788275458349667,0.006228999594540265,,,,,25,3.6546382904052734,3.690678834915161,3.0007588863372803,,"[1.6256506443023682, 1.6212055683135986, 1.7725367546081543, 1.966965675354004, 2.0647599697113037, 2.272949695587158, 2.4544596672058105, 2.666445732116699, 2.914214611053467, 2.981898546218872, 3.12056040763855, 3.228585958480835, 3.414565086364746, 3.4236185550689697, 3.4810070991516113, 3.592017889022827, 3.5865869522094727, 3.5713841915130615, 3.5936203002929688, 3.53920316696167, 3.51064133644104, 3.6076149940490723, 3.6631619930267334, 3.690678834915161, 3.6546382904052734]",
2026-03-09T03:51:46Z,5a7205ccd714,trial,48,ok,3.6285645961761475,,clip_dino,0.524397133018822,0.47560286698117804,0.02064621147472184,0.45014820153561913,0.0595172214837492,0.0063904340120255285,,,,,25,3.6285645961761475,3.6637682914733887,2.9641120433807373,,"[1.6256505250930786, 1.6008055210113525, 1.7436623573303223, 1.9226300716400146, 2.032148838043213, 2.2384531497955322, 2.4093472957611084, 2.6203665733337402, 2.8614377975463867, 2.934312105178833, 3.078652858734131, 3.186163902282715, 3.3726346492767334, 3.383650064468384, 3.437044143676758, 3.549396514892578, 3.544891834259033, 3.529594898223877, 3.55489444732666, 3.5004053115844727, 3.4732468128204346, 3.577393054962158, 3.63368821144104, 3.6637682914733887, 3.6285645961761475]",
2026-03-09T03:51:47Z,5a7205ccd714,trial,49,ok,3.6544547080993652,,clip_dino,0.44172587281367803,0.558274127186322,0.052357919402000797,0.5883383159904472,0.03289160346106603,0.006612301090924681,,,,,25,3.6544547080993652,3.6904947757720947,3.000364303588867,,"[1.6256505250930786, 1.6210346221923828, 1.77227783203125, 1.9665284156799316, 2.0644516944885254, 2.272629499435425, 2.454012870788574, 2.665961742401123, 2.9136128425598145, 2.981394052505493, 3.120126247406006, 3.228123903274536, 3.414048910140991, 3.423107624053955, 3.4804728031158447, 3.5914220809936523, 3.5860114097595215, 3.570905923843384, 3.593202590942383, 3.538715362548828, 3.51021671295166, 3.6073355674743652, 3.662910223007202, 3.6904947757720947, 3.6544547080993652]",
2026-03-09T03:51:49Z,5a7205ccd714,trial,50,ok,3.6452717781066895,,clip_dino,0.41319783736927773,0.5868021626307223,0.050674549825639285,0.8301340451480007,0.08488378486533041,0.006508069467795007,,,,,25,3.6452717781066895,3.680889844894409,2.985752820968628,,"[1.625650405883789, 1.613016128540039, 1.760706901550293, 1.9478354454040527, 2.0508902072906494, 2.2582149505615234, 2.4348042011260986, 2.6464366912841797, 2.8911828994750977, 2.9614086151123047, 3.102555751800537, 3.210355281829834, 3.397073745727539, 3.407132863998413, 3.463235378265381, 3.575007915496826, 3.5699877738952637, 3.554936170578003, 3.5785069465637207, 3.524094820022583, 3.496147632598877, 3.5962374210357666, 3.6522397994995117, 3.680889844894409, 3.6452717781066895]",
2026-03-09T03:51:50Z,5a7205ccd714,trial,51,ok,3.6549079418182373,,clip_dino,0.36289236655232593,0.6371076334476741,0.04823562273276985,0.5961527888157062,0.03309424406999946,0.008728019097096201,,,,,25,3.6549079418182373,3.6906466484069824,3.000892400741577,,"[1.625650405883789, 1.6217459440231323, 1.7731646299362183, 1.967751383781433, 2.0650875568389893, 2.272792339324951, 2.4544453620910645, 2.66631817817688, 2.9141647815704346, 2.981318712234497, 3.1195011138916016, 3.227797269821167, 3.414106607437134, 3.4233932495117188, 3.480982542037964, 3.5926060676574707, 3.5873425006866455, 3.5719246864318848, 3.593864917755127, 3.5401999950408936, 3.5114059448242188, 3.6078367233276367, 3.663351058959961, 3.6906466484069824, 3.6549079418182373]",
2026-03-09T03:51:51Z,5a7205ccd714,trial,52,ok,3.651968002319336,,clip_dino,0.36449503029998787,0.6355049697000121,0.032683302065733964,0.36592353275416195,0.034020880338925225,0.008431398160884092,,,,,25,3.651968002319336,3.687398910522461,2.996126651763916,,"[1.625650405883789, 1.6194016933441162, 1.7695403099060059, 1.9613324403762817, 2.060365676879883, 2.26757550239563, 2.4474644660949707, 2.6593263149261475, 2.9063315391540527, 2.9741227626800537, 3.112983465194702, 3.2213802337646484, 3.408550500869751, 3.4183452129364014, 3.475656509399414, 3.5881752967834473, 3.5830492973327637, 3.567193031311035, 3.5893778800964355, 3.5362725257873535, 3.507378101348877, 3.6043598651885986, 3.6599669456481934, 3.687398910522461, 3.651968002319336]",
2026-03-09T03:51:52Z,5a7205ccd714,trial,53,ok,3.6534223556518555,,clip_dino,0.2974867220641459,0.702513277935854,0.05884989877717858,0.5429333417123735,0.027749883592308004,0.007853105583897398,,,,,25,3.6534223556518555,3.68804931640625,3.001800298690796,,"[1.625650405883789, 1.6240432262420654, 1.7759733200073242, 1.9721311330795288, 2.0671095848083496, 2.2733397483825684, 2.4561290740966797, 2.6679868698120117, 2.9168524742126465, 2.9813098907470703, 3.117530345916748, 3.226926326751709, 3.414092540740967, 3.423340320587158, 3.4815917015075684, 3.595730781555176, 3.590726375579834, 3.57342529296875, 3.594270706176758, 3.543393135070801, 3.5132863521575928, 3.606830358505249, 3.6618661880493164, 3.68804931640625, 3.6534223556518555]",
2026-03-09T03:51:53Z,5a7205ccd714,trial,54,ok,3.6487503051757812,,clip_dino,0.43899333113712957,0.5610066688628704,0.045371794545171255,0.8128272228861309,0.052261032751404354,0.005540394499970111,,,,,25,3.6487503051757812,3.684813976287842,2.9918434619903564,,"[1.6256506443023682, 1.6161986589431763, 1.7653388977050781, 1.9554203748703003, 2.0565857887268066, 2.26473069190979, 2.443251609802246, 2.655113697052002, 2.9010002613067627, 2.9706244468688965, 3.111137866973877, 3.2187628746032715, 3.404661178588867, 3.413917064666748, 3.4704365730285645, 3.5811994075775146, 3.575847625732422, 3.561039447784424, 3.584373712539673, 3.529141426086426, 3.5011956691741943, 3.600525379180908, 3.6563665866851807, 3.684813976287842, 3.6487503051757812]",
2026-03-09T03:51:55Z,5a7205ccd714,trial,55,ok,3.6516551971435547,,clip_dino,0.3476011356971283,0.6523988643028718,0.0348486189261736,0.641023374293211,0.040106941659872455,0.00783358183843745,,,,,25,3.6516551971435547,3.6875767707824707,2.9956905841827393,,"[1.625650405883789, 1.6185619831085205, 1.768615961074829, 1.9603843688964844, 2.0600385665893555, 2.2679789066314697, 2.4477109909057617, 2.659580707550049, 2.9062559604644775, 2.974926471710205, 3.1144986152648926, 3.222404956817627, 3.4086294174194336, 3.418001890182495, 3.4749999046325684, 3.5861873626708984, 3.580885887145996, 3.5658388137817383, 3.588578939437866, 3.5340473651885986, 3.5057477951049805, 3.6038882732391357, 3.659618854522705, 3.6875767707824707, 3.6516551971435547]",
2026-03-09T03:51:56Z,5a7205ccd714,trial,56,ok,3.649688720703125,,clip_dino,0.4909174930614496,0.5090825069385504,0.07348450890491919,0.44031135228099455,0.07145547562034615,0.009888136795790226,,,,,25,3.649688720703125,3.6846635341644287,2.9919800758361816,,"[1.6256506443023682, 1.6178088188171387, 1.7669893503189087, 1.9567363262176514, 2.056793212890625, 2.263226270675659, 2.441817045211792, 2.65340256690979, 2.8995728492736816, 2.9675824642181396, 3.106642723083496, 3.215233087539673, 3.4029722213745117, 3.4132750034332275, 3.4705066680908203, 3.5838639736175537, 3.5790481567382812, 3.563077211380005, 3.5853652954101562, 3.5330114364624023, 3.504077911376953, 3.6013851165771484, 3.6571106910705566, 3.6846635341644287, 3.649688720703125]",
2026-03-09T03:51:57Z,5a7205ccd714,trial,57,ok,3.605569839477539,,clip_dino,0.3013574788476723,0.6986425211523277,0.022982576469478804,0.28618310048498696,0.7862572850563568,0.007019557913510695,,,,,25,3.605569839477539,3.6379475593566895,2.932875633239746,,"[1.625650405883789, 1.5875215530395508, 1.7233995199203491, 1.8900806903839111, 2.006070613861084, 2.2071495056152344, 2.370832920074463, 2.578956365585327, 2.8153653144836426, 2.8885035514831543, 3.034149646759033, 3.142913818359375, 3.3327126502990723, 3.348148822784424, 3.398289680480957, 3.5165534019470215, 3.5144906044006348, 3.4966378211975098, 3.5220894813537598, 3.4737548828125, 3.445969820022583, 3.551298141479492, 3.607839584350586, 3.6379475593566895, 3.605569839477539]",
2026-03-09T03:51:59Z,5a7205ccd714,trial,58,ok,3.654796600341797,,clip_dino,0.3792508037233918,0.6207491962766082,0.0570688188560121,0.5368323294667419,0.03428338400564818,0.005507075297513627,,,,,25,3.654796600341797,3.6902964115142822,3.001424551010132,,"[1.6256505250930786, 1.6222922801971436, 1.7738418579101562, 1.9687265157699585, 2.0655698776245117, 2.2729668617248535, 2.4548768997192383, 2.666837215423584, 2.915037155151367, 2.981574058532715, 3.119328260421753, 3.227907180786133, 3.4146595001220703, 3.424025058746338, 3.481760025024414, 3.5941193103790283, 3.588876247406006, 3.5728278160095215, 3.594442844390869, 3.5415403842926025, 3.5123369693756104, 3.607971668243408, 3.663351535797119, 3.6902964115142822, 3.654796600341797]",
2026-03-09T03:52:00Z,5a7205ccd714,trial,59,ok,3.639528274536133,,clip_dino,0.25739757693052884,0.7426024230694712,0.059947217426234774,0.37835914150850036,0.03536996088434651,0.008674940917360471,,,,,25,3.639528274536133,3.67141056060791,2.990635395050049,,"[1.6256506443023682, 1.6244699954986572, 1.7739850282669067, 1.9670534133911133, 2.0606067180633545, 2.263625383377075, 2.44474196434021, 2.656442165374756, 2.905118227005005, 2.9656753540039062, 3.099921226501465, 3.2111093997955322, 3.3993234634399414, 3.4074089527130127, 3.4663758277893066, 3.5859498977661133, 3.581347942352295, 3.5601630210876465, 3.580723285675049, 3.534369707107544, 3.502322196960449, 3.592207908630371, 3.6463522911071777, 3.67141056060791, 3.639528274536133]",
2026-03-09T03:52:01Z,5a7205ccd714,trial,60,ok,3.6530532836914062,,clip_dino,0.18251423556633162,0.8174857644336684,0.015036042236005928,0.9890771537499057,0.02592232752140988,0.0005090026373114539,,,,,25,3.6530532836914062,3.6895601749420166,2.9994614124298096,,"[1.6256505250930786, 1.6200013160705566, 1.7709909677505493, 1.9648942947387695, 2.063598155975342, 2.2725653648376465, 2.4536306858062744, 2.665745258331299, 2.9131903648376465, 2.98181414604187, 3.121363639831543, 3.2289018630981445, 3.4140777587890625, 3.422553539276123, 3.4795589447021484, 3.589448928833008, 3.5837466716766357, 3.5689539909362793, 3.5918221473693848, 3.536013126373291, 3.5079002380371094, 3.6059489250183105, 3.661548614501953, 3.6895601749420166, 3.6530532836914062]",
2026-03-09T03:52:02Z,5a7205ccd714,trial,61,ok,3.6523633003234863,,clip_dino,0.38103485955486527,0.6189651404451347,0.040897290658038044,0.5509476276096218,0.03999940317263585,0.005547421548573264,,,,,25,3.6523633003234863,3.688185214996338,2.9968204498291016,,"[1.6256505250930786, 1.6192463636398315, 1.7695505619049072, 1.961771845817566, 2.060957431793213, 2.2687666416168213, 2.4488484859466553, 2.6607742309570312, 2.9077718257904053, 2.976043462753296, 3.115281581878662, 3.22334623336792, 3.4098639488220215, 3.4193239212036133, 3.476469039916992, 3.588028907775879, 3.5827341079711914, 3.567379951477051, 3.5898637771606445, 3.5357632637023926, 3.507228374481201, 3.60481858253479, 3.6604762077331543, 3.688185214996338, 3.6523633003234863]",
2026-03-09T03:52:04Z,5a7205ccd714,trial,62,ok,3.654745578765869,,clip_dino,0.45404789148933644,0.5459521085106636,0.05653311010619319,0.6785697282640173,0.03266452356235628,0.007100511997279323,,,,,25,3.654745578765869,3.690915107727051,3.0009512901306152,,"[1.6256505250930786, 1.6212594509124756, 1.7726795673370361, 1.9673476219177246, 2.0651137828826904, 2.273496150970459, 2.455122947692871, 2.6670584678649902, 2.914766788482666, 2.982604742050171, 3.1213572025299072, 3.2292449474334717, 3.4148333072662354, 3.4237027168273926, 3.4810619354248047, 3.591618776321411, 3.5861568450927734, 3.57127046585083, 3.593644618988037, 3.538794994354248, 3.510422706604004, 3.6076645851135254, 3.663245677947998, 3.690915107727051, 3.654745578765869]",
2026-03-09T03:52:05Z,5a7205ccd714,trial,63,ok,3.6534600257873535,,clip_dino,0.44325005183169225,0.5567499481683078,0.07047652742881547,0.83467333527096,0.05086821307325978,0.005874661875598967,,,,,25,3.6534600257873535,3.6894590854644775,2.998596429824829,,"[1.6256506443023682, 1.6201627254486084, 1.7709639072418213, 1.9642895460128784, 2.0628461837768555, 2.270932674407959, 2.4516963958740234, 2.6635847091674805, 2.9108290672302246, 2.978964328765869, 3.1180074214935303, 3.225955009460449, 3.4119277000427246, 3.4210896492004395, 3.478330612182617, 3.589303493499756, 3.5839474201202393, 3.5689516067504883, 3.5914340019226074, 3.536878824234009, 3.5084962844848633, 3.6060519218444824, 3.6617002487182617, 3.6894590854644775, 3.6534600257873535]",
2026-03-09T03:52:06Z,5a7205ccd714,trial,64,ok,3.6548705101013184,,clip_dino,0.4168395542961971,0.5831604457038029,0.05988621662137086,0.5002298835429353,0.03317360226412683,0.007224030440169048,,,,,25,3.6548705101013184,3.690399646759033,3.0012705326080322,,"[1.6256505250930786, 1.622206211090088, 1.7737295627593994, 1.9685523509979248, 2.065476179122925, 2.272895574569702, 2.454749345779419, 2.666659355163574, 2.9147541522979736, 2.981405019760132, 3.1192188262939453, 3.227747917175293, 3.4143972396850586, 3.423768997192383, 3.481489658355713, 3.5936994552612305, 3.5884780883789062, 3.5726077556610107, 3.5942835807800293, 3.541247606277466, 3.512144088745117, 3.6079535484313965, 3.66337251663208, 3.690399646759033, 3.6548705101013184]",
2026-03-09T03:52:08Z,5a7205ccd714,trial,65,ok,3.6472389698028564,,clip_dino,0.32862831184585395,0.671371688154146,0.08900197324775203,0.49301052310093313,0.02559011071800355,0.007565364738565112,,,,,25,3.6472389698028564,3.680453300476074,2.9978744983673096,,"[1.6256505250930786, 1.624906063079834, 1.7762120962142944, 1.9722051620483398, 2.065627098083496, 2.2701683044433594, 2.452920436859131, 2.6647162437438965, 2.913912296295166, 2.9758052825927734, 3.1105170249938965, 3.220977544784546, 3.408521890640259, 3.417140245437622, 3.4758493900299072, 3.592773914337158, 3.5879950523376465, 3.5685930252075195, 3.588973045349121, 3.5406861305236816, 3.509410858154297, 3.6005520820617676, 3.655055284500122, 3.680453300476074, 3.6472389698028564]",
2026-03-09T03:52:09Z,5a7205ccd714,trial,66,ok,3.6522200107574463,,clip_dino,0.5402487101237622,0.4597512898762378,0.06549171793197073,0.6930692520453287,0.04377783070080291,0.004695458884911378,,,,,25,3.6522200107574463,3.6884443759918213,2.997269868850708,,"[1.6256505250930786, 1.6191496849060059, 1.7696092128753662, 1.9623299837112427, 2.0616047382354736, 2.270062208175659, 2.4503698348999023, 2.6623282432556152, 2.9092841148376465, 2.978018283843994, 3.117640256881714, 3.2253310680389404, 3.4109444618225098, 3.4198577404022217, 3.476836681365967, 3.5872836112976074, 3.5817971229553223, 3.5669918060302734, 3.589855432510376, 3.534592628479004, 3.5064568519592285, 3.6046981811523438, 3.6603894233703613, 3.6884443759918213, 3.6522200107574463]",
2026-03-09T03:52:10Z,5a7205ccd714,trial,67,ok,3.6475534439086914,,clip_dino,0.40822685423833427,0.5917731457616657,0.036809965152130884,0.42709345500914386,0.05475901323465972,0.009273456595051055,,,,,25,3.6475534439086914,3.682929039001465,2.9886865615844727,,"[1.6256506443023682, 1.615016222000122, 1.7633576393127441, 1.9515300989151, 2.0533993244171143, 2.260387420654297, 2.437805414199829, 2.6494669914245605, 2.8948686122894287, 2.9642269611358643, 3.104537010192871, 3.212667465209961, 3.400001287460327, 3.410264492034912, 3.466848850250244, 3.5793542861938477, 3.574401617050171, 3.558906316757202, 3.581904411315918, 3.5283989906311035, 3.500004291534424, 3.5988922119140625, 3.654785394668579, 3.682929039001465, 3.6475534439086914]",
2026-03-09T03:52:11Z,5a7205ccd714,trial,68,ok,3.623109817504883,,clip_dino,0.36607971029970654,0.6339202897002935,0.12276778211129317,0.33874989158262575,0.10694316768818386,0.007181584156438172,,,,,25,3.623109817504883,3.6521496772766113,2.9744436740875244,,"[1.6256505250930786, 1.6232110261917114, 1.7688065767288208, 1.9555540084838867, 2.049471378326416, 2.2493624687194824, 2.42693829536438, 2.6381633281707764, 2.885432720184326, 2.943370819091797, 3.076786518096924, 3.189213991165161, 3.3783555030822754, 3.3850767612457275, 3.4447054862976074, 3.5694398880004883, 3.565237522125244, 3.5410499572753906, 3.5624823570251465, 3.51950740814209, 3.4863879680633545, 3.574096202850342, 3.627534866333008, 3.6521496772766113, 3.623109817504883]",
2026-03-09T03:52:12Z,5a7205ccd714,trial,69,ok,3.655730962753296,,clip_dino,0.26427537887534513,0.7357246211246549,0.042147547070039135,0.7783738828780707,0.03305417536344226,0.005215835655109709,,,,,25,3.655730962753296,3.6915159225463867,3.002707004547119,,"[1.6256505250930786, 1.6225569248199463, 1.7744429111480713, 1.9700515270233154, 2.066723346710205, 2.274543046951294, 2.4568698406219482, 2.668846607208252, 2.917171001434326, 2.983912467956543, 3.1217737197875977, 3.230135917663574, 3.416403293609619, 3.425549030303955, 3.4832377433776855, 3.5948805809020996, 3.589533567428589, 3.573894500732422, 3.595632314682007, 3.542064666748047, 3.51310396194458, 3.609020233154297, 3.664431571960449, 3.6915159225463867, 3.655730962753296]",
2026-03-09T03:52:13Z,5a7205ccd714,trial,70,ok,3.655386447906494,,clip_dino,0.2713965900366917,0.7286034099633083,0.0439935946225335,0.8123609758053376,0.03681876710921522,0.003603042880632285,,,,,25,3.655386447906494,3.691227912902832,3.0021896362304688,,"[1.625650405883789, 1.6221681833267212, 1.773879051208496, 1.9690968990325928, 2.0661025047302246, 2.274014472961426, 2.456089496612549, 2.668112277984619, 2.9163317680358887, 2.9833083152770996, 3.1213929653167725, 3.2296900749206543, 3.415996789932251, 3.4251458644866943, 3.4827489852905273, 3.5943329334259033, 3.588946580886841, 3.573302745819092, 3.5951461791992188, 3.541433334350586, 3.5125179290771484, 3.608644485473633, 3.6640748977661133, 3.691227912902832, 3.655386447906494]",
2026-03-09T03:52:15Z,5a7205ccd714,trial,71,ok,3.6537606716156006,,clip_dino,0.24135601469419715,0.7586439853058029,0.02915525517106358,0.8496111483184813,0.037259071485313024,0.0036639760605908355,,,,,25,3.6537606716156006,3.689845085144043,2.9994442462921143,,"[1.6256506443023682, 1.6203997135162354, 1.771369457244873, 1.9650462865829468, 2.063441753387451, 2.271697521209717, 2.452702760696411, 2.664715051651001, 2.9122114181518555, 2.9802732467651367, 3.119296073913574, 3.22723126411438, 3.413236379623413, 3.422309160232544, 3.479546546936035, 3.590493679046631, 3.585038185119629, 3.5698657035827637, 3.5922961235046387, 3.537686347961426, 3.5092198848724365, 3.6065902709960938, 3.6621809005737305, 3.689845085144043, 3.6537606716156006]",
2026-03-09T03:52:16Z,5a7205ccd714,trial,72,ok,3.6557633876800537,,clip_dino,0.2795076799760736,0.7204923200239264,0.044390533106173705,0.7057847660578299,0.0312062014954466,0.00434296087322391,,,,,25,3.6557633876800537,3.6914734840393066,3.0030484199523926,,"[1.6256506443023682, 1.6227984428405762, 1.7747735977172852, 1.9705865383148193, 2.0670323371887207, 2.274761438369751, 2.4572396278381348, 2.6692566871643066, 2.9177441596984863, 2.984239339828491, 3.121929168701172, 3.2303924560546875, 3.4167990684509277, 3.425957441329956, 3.4837002754211426, 3.5955874919891357, 3.5902395248413086, 3.5743703842163086, 3.5959813594818115, 3.5426759719848633, 3.5135631561279297, 3.6091694831848145, 3.6645255088806152, 3.6914734840393066, 3.6557633876800537]",
2026-03-09T03:52:17Z,5a7205ccd714,trial,73,ok,3.6570322513580322,,clip_dino,0.27586869228378724,0.7241313077162128,0.043635506536773,0.7614558141979764,0.02372125212240705,0.005082041604490697,,,,,25,3.6570322513580322,3.692941665649414,3.005133867263794,,"[1.6256506443023682, 1.623567819595337, 1.776151180267334, 1.9733014106750488, 2.0690793991088867, 2.2771148681640625, 2.4604105949401855, 2.6724276542663574, 2.9212746620178223, 2.987576961517334, 3.1250433921813965, 3.2334067821502686, 3.4193334579467773, 3.4282405376434326, 3.4860477447509766, 3.597391128540039, 3.5919642448425293, 3.576359987258911, 3.5979163646698, 3.5442159175872803, 3.5152082443237305, 3.6106834411621094, 3.6660091876983643, 3.692941665649414, 3.6570322513580322]",
2026-03-09T03:52:18Z,5a7205ccd714,trial,74,ok,3.654259443283081,,clip_dino,0.2891629406118022,0.7108370593881979,0.044571212664164736,0.9962646065725981,0.04405366823509407,0.005099797666669692,,,,,25,3.654259443283081,3.690308094024658,3.000044822692871,,"[1.6256505250930786, 1.6208572387695312, 1.7720180749893188, 1.9660985469818115, 2.064155101776123, 2.2723422050476074, 2.4536097049713135, 2.665553569793701, 2.9131288528442383, 2.9809987545013428, 3.119810104370117, 3.2277846336364746, 3.413698196411133, 3.422760009765625, 3.480093002319336, 3.591013193130493, 3.5856032371520996, 3.570528745651245, 3.592874050140381, 3.538334369659424, 3.5098681449890137, 3.6070916652679443, 3.6626806259155273, 3.690308094024658, 3.654259443283081]",
2026-03-09T03:52:19Z,5a7205ccd714,trial,75,ok,3.6568689346313477,,clip_dino,0.27966328804643015,0.7203367119535699,0.04023252477748415,0.7607704560740448,0.02401143172523557,0.004160099651212047,,,,,25,3.6568689346313477,3.692922592163086,3.0048210620880127,,"[1.6256505250930786, 1.6232243776321411, 1.7756787538528442, 1.9725342988967896, 2.068659543991089, 2.27691650390625, 2.460012435913086, 2.6720666885375977, 2.9207918643951416, 2.9874465465545654, 3.1252095699310303, 3.233424663543701, 3.4192276000976562, 3.4280638694763184, 3.4857659339904785, 3.5968070030212402, 3.591313362121582, 3.5758633613586426, 3.5975966453552246, 3.543508291244507, 3.5146470069885254, 3.610480546951294, 3.665846347808838, 3.692922592163086, 3.6568689346313477]",
2026-03-09T03:52:20Z,5a7205ccd714,trial,76,ok,3.656043529510498,,clip_dino,0.20205187499281235,0.7979481250071876,0.04257647713573068,0.790706012800393,0.0235312358662114,0.0036377435404893964,,,,,25,3.656043529510498,3.6913633346557617,3.005171775817871,,"[1.6256506443023682, 1.6243500709533691, 1.777070164680481, 1.9747267961502075, 2.069535732269287, 2.27677321434021, 2.4604530334472656, 2.672515392303467, 2.9218392372131348, 2.9868335723876953, 3.123391628265381, 3.2323532104492188, 3.4189229011535645, 3.42793607711792, 3.486018657684326, 3.5988194942474365, 3.593526840209961, 3.576821804046631, 3.59780216217041, 3.545661211013794, 3.5159189701080322, 3.6099443435668945, 3.6650280952453613, 3.6913633346557617, 3.656043529510498]",
2026-03-09T03:52:22Z,5a7205ccd714,trial,77,ok,3.6565117835998535,,clip_dino,0.18905830443422458,0.8109416955657754,0.029354240890515974,0.7479620846993927,0.02427814319029489,0.004329799004883846,,,,,25,3.6565117835998535,3.6922411918640137,3.0045931339263916,,"[1.6256505250930786, 1.623517632484436, 1.7759463787078857, 1.9727787971496582, 2.0685648918151855, 2.276346206665039, 2.4594717025756836, 2.6715192794799805, 2.9203834533691406, 2.986471176147461, 3.1238183975219727, 3.2323451042175293, 3.4186108112335205, 3.427640438079834, 3.4854862689971924, 3.5973358154296875, 3.5919530391693115, 3.5759963989257812, 3.5974297523498535, 3.5442054271698, 3.5149893760681152, 3.610171318054199, 3.6654510498046875, 3.6922411918640137, 3.6565117835998535]",
2026-03-09T03:52:23Z,5a7205ccd714,trial,78,ok,3.656431198120117,,clip_dino,0.18779629178215448,0.8122037082178455,0.025528684372505328,0.7112093238897923,0.023513760465195814,0.004413517839880636,,,,,25,3.656431198120117,3.6922764778137207,3.0042312145233154,,"[1.625650405883789, 1.6231863498687744, 1.77548348903656, 1.972001552581787, 2.0681233406066895, 2.2760677337646484, 2.4589805603027344, 2.6710331439971924, 2.919743061065674, 2.9861655235290527, 3.1237759590148926, 3.2321717739105225, 3.418337345123291, 3.427344799041748, 3.485103130340576, 3.5966849327087402, 3.5912671089172363, 3.575500249862671, 3.5970911979675293, 3.543536901473999, 3.5144710540771484, 3.610011100769043, 3.6653428077697754, 3.6922764778137207, 3.656431198120117]",
2026-03-09T03:52:24Z,5a7205ccd714,trial,79,ok,3.6552839279174805,,clip_dino,0.1991849058246161,0.8008150941753839,0.019561630817896573,0.8837013483165966,0.02318819186105214,0.004010306122261367,,,,,25,3.6552839279174805,3.691690444946289,3.0024631023406982,,"[1.6256506443023682, 1.6217156648635864, 1.773503303527832, 1.9689973592758179, 2.066434860229492, 2.2752346992492676, 2.457383155822754, 2.6694488525390625, 2.9175024032592773, 2.9853243827819824, 3.1240897178649902, 3.231841564178467, 3.4171018600463867, 3.4256515502929688, 3.4829893112182617, 3.5930981636047363, 3.5874621868133545, 3.572587490081787, 3.594996213912964, 3.5396878719329834, 3.511352062225342, 3.6085166931152344, 3.664034366607666, 3.691690444946289, 3.6552839279174805]",
2026-03-09T03:52:25Z,5a7205ccd714,trial,80,ok,3.6560096740722656,,clip_dino,0.11038145969088986,0.8896185403091101,0.014648649392144815,0.7140797421424134,0.024213963680619306,0.004346037063284371,,,,,25,3.6560096740722656,3.691732883453369,3.0036492347717285,,"[1.6256505250930786, 1.6230583190917969, 1.775195598602295, 1.9713711738586426, 2.067584991455078, 2.2753496170043945, 2.4580636024475098, 2.670116424560547, 2.918769359588623, 2.9851133823394775, 3.1226887702941895, 3.2311782836914062, 3.4175641536712646, 3.4266700744628906, 3.4844441413879395, 3.596342086791992, 3.59096622467041, 3.575014114379883, 3.596554756164551, 3.5432887077331543, 3.514115810394287, 3.6095404624938965, 3.664858818054199, 3.691732883453369, 3.6560096740722656]",
2026-03-09T03:52:26Z,5a7205ccd714,trial,81,ok,3.655726909637451,,clip_dino,0.1566220397849453,0.8433779602150547,0.016654508040331452,0.710537801841215,0.023497632282553055,0.004494889473640932,,,,,25,3.655726909637451,3.6917917728424072,3.002786636352539,,"[1.625650405883789, 1.6221915483474731, 1.7740520238876343, 1.969610333442688, 2.0666298866271973, 2.274888515472412, 2.4571475982666016, 2.669201135635376, 2.917459726333618, 2.9846720695495605, 3.122931957244873, 3.2310421466827393, 3.4169788360595703, 3.425922393798828, 3.483454704284668, 3.5944924354553223, 3.5890073776245117, 3.5736372470855713, 3.5956320762634277, 3.541360855102539, 3.512636661529541, 3.60904860496521, 3.6645002365112305, 3.6917917728424072, 3.655726909637451]",
2026-03-09T03:52:27Z,5a7205ccd714,trial,82,ok,3.6555097103118896,,clip_dino,0.1020709440458449,0.8979290559541551,0.010868128356981869,0.7284320916502546,0.024378089337473926,0.004330370517340383,,,,,25,3.6555097103118896,3.691511631011963,3.002413749694824,,"[1.6256506443023682, 1.622065782546997, 1.773821234703064, 1.969144582748413, 2.0662574768066406, 2.2744174003601074, 2.456535816192627, 2.668588161468506, 2.9167966842651367, 2.9839963912963867, 3.1222591400146484, 3.2304158210754395, 3.416490316390991, 3.4255104064941406, 3.4830427169799805, 3.594252347946167, 3.5887935161590576, 3.573333740234375, 3.5953073501586914, 3.541189670562744, 3.5124151706695557, 3.6087939739227295, 3.66424560546875, 3.691511631011963, 3.6555097103118896]",
2026-03-09T03:52:28Z,5a7205ccd714,trial,83,ok,3.6494624614715576,,clip_dino,0.20412202521057765,0.7958779747894223,0.01293548105400319,0.9382968614543411,0.028427962847037056,0.0035300553602803024,,,,,25,3.6494624614715576,3.6858296394348145,2.993941068649292,,"[1.625650405883789, 1.61713445186615, 1.7667908668518066, 1.9580446481704712, 2.0586299896240234, 2.2673232555389404, 2.446579933166504, 2.658578872680664, 2.904895544052124, 2.974454879760742, 3.1149215698242188, 3.222355842590332, 3.4076642990112305, 3.4163827896118164, 3.472942590713501, 3.583010196685791, 3.5774359703063965, 3.5627501010894775, 3.5861456394195557, 3.530226707458496, 3.5023622512817383, 3.601597309112549, 3.6573572158813477, 3.6858296394348145, 3.6494624614715576]",
2026-03-09T03:52:30Z,5a7205ccd714,trial,84,ok,3.655679702758789,,clip_dino,0.17169485375376886,0.8283051462462312,0.02385675851659188,0.6468358786587646,0.025449136566415342,0.003860543989688745,,,,,25,3.655679702758789,3.6912732124328613,3.0033669471740723,,"[1.6256506443023682, 1.6230945587158203, 1.775162696838379, 1.9712083339691162, 2.0673611164093018, 2.2749440670013428, 2.457597017288208, 2.66965913772583, 2.918342351913452, 2.984497547149658, 3.121953010559082, 3.2305593490600586, 3.417144775390625, 3.4263129234313965, 3.484128475189209, 3.5963640213012695, 3.5910215377807617, 3.574836254119873, 3.596283435821533, 3.5433478355407715, 3.5140295028686523, 3.6092207431793213, 3.6645026206970215, 3.6912732124328613, 3.655679702758789]",
2026-03-09T03:52:31Z,5a7205ccd714,trial,85,ok,3.6529297828674316,,clip_dino,0.1232840719197257,0.8767159280802743,0.029580950564614288,0.7451694517302198,0.023228783446557887,0.002880336894616017,,,,,25,3.6529297828674316,3.6874642372131348,3.003157377243042,,"[1.6256506443023682, 1.624706745147705, 1.7770569324493408, 1.974386215209961, 2.068507432937622, 2.274761438369751, 2.458306312561035, 2.670409679412842, 2.9199676513671875, 2.9835996627807617, 3.1193618774414062, 3.228980541229248, 3.416146755218506, 3.4250328540802, 3.4833521842956543, 3.597933769226074, 3.5927703380584717, 3.5746893882751465, 3.59527850151062, 3.5448203086853027, 3.5142788887023926, 3.6068739891052246, 3.6616644859313965, 3.6874642372131348, 3.6529297828674316]",
2026-03-09T03:52:32Z,5a7205ccd714,trial,86,ok,3.654944658279419,,clip_dino,0.23080417385087465,0.7691958261491254,0.025983731661591607,0.8858032760951772,0.028629862423129607,0.0031053039203729803,,,,,25,3.654944658279419,3.691241979598999,3.0017263889312744,,"[1.6256505250930786, 1.6214033365249634, 1.7729761600494385, 1.9679782390594482, 2.0656473636627197, 2.2742667198181152, 2.4561142921447754, 2.6681814193725586, 2.9161195755004883, 2.983959197998047, 3.1227598190307617, 3.230592727661133, 3.4161391258239746, 3.4248716831207275, 3.4821956157684326, 3.5926239490509033, 3.587040901184082, 3.572019577026367, 3.594392776489258, 3.539367198944092, 3.5109524726867676, 3.6080970764160156, 3.663625717163086, 3.691241979598999, 3.654944658279419]",
2026-03-09T03:52:33Z,5a7205ccd714,trial,87,ok,3.639166831970215,,clip_dino,0.20346568840418172,0.7965343115958183,0.038593717260387406,0.6686802243426889,0.20827502441419876,0.004844507439933203,,,,,25,3.639166831970215,3.6729516983032227,2.976583242416382,,"[1.6256506443023682, 1.610091209411621, 1.7556233406066895, 1.9380624294281006, 2.0426692962646484, 2.2471635341644287, 2.4211654663085938, 2.6321890354156494, 2.8758511543273926, 2.945073127746582, 3.0856480598449707, 3.194657325744629, 3.3844895362854004, 3.396247386932373, 3.4525208473205566, 3.568694591522217, 3.56455397605896, 3.547210931777954, 3.57015323638916, 3.5198974609375, 3.4906320571899414, 3.589144229888916, 3.645073652267456, 3.6729516983032227, 3.639166831970215]",
2026-03-09T03:52:34Z,5a7205ccd714,trial,88,ok,3.654479503631592,,clip_dino,0.13406815420835796,0.8659318457916421,0.031274748038181734,0.7847301039910245,0.020278098453228668,0.00431623192386858,,,,,25,3.654479503631592,3.689290761947632,3.004379987716675,,"[1.6256505250930786, 1.624783992767334, 1.7774592638015747, 1.97533118724823, 2.0694494247436523, 2.276022434234619, 2.459857940673828, 2.671893358230591, 2.921431541442871, 2.985417366027832, 3.121307849884033, 3.2307119369506836, 3.4175596237182617, 3.426502227783203, 3.48478364944458, 3.5986547470092773, 3.59348201751709, 3.5760016441345215, 3.5966603755950928, 3.545628547668457, 3.5153920650482178, 3.608419895172119, 3.6633195877075195, 3.689290761947632, 3.654479503631592]",
2026-03-09T03:52:35Z,5a7205ccd714,trial,89,ok,3.654268264770508,,clip_dino,0.17315073817987164,0.8268492618201284,0.020405730893669677,0.5543929866643494,0.02970581353152443,0.0025905958834433972,,,,,25,3.654268264770508,3.689788341522217,3.0008645057678223,,"[1.6256506443023682, 1.6218652725219727, 1.7732062339782715, 1.9676175117492676, 2.064811944961548, 2.2722668647766113, 2.4538934230804443, 2.665958881378174, 2.914126396179199, 2.980828285217285, 3.1187915802001953, 3.2273569107055664, 3.4143121242523193, 3.4237048625946045, 3.481351137161255, 3.593846321105957, 3.58854341506958, 3.5722789764404297, 3.59395170211792, 3.541059732437134, 3.5117928981781006, 3.607490062713623, 3.662853240966797, 3.689788341522217, 3.654268264770508]",
2026-03-09T03:52:36Z,5a7205ccd714,trial,90,ok,3.657426595687866,,clip_dino,0.10134036575085431,0.8986596342491457,0.017621808442673702,0.996290429454308,0.022284806966331956,0.002045937600761745,,,,,25,3.657426595687866,3.693389415740967,3.0063061714172363,,"[1.6256506443023682, 1.6239516735076904, 1.776837944984436, 1.9746599197387695, 2.0700573921203613, 2.2782156467437744, 2.461948871612549, 2.6740846633911133, 2.9232900142669678, 2.9893341064453125, 3.1266355514526367, 3.235039710998535, 3.4209718704223633, 3.429769992828369, 3.4876036643981934, 3.5989816188812256, 3.59346604347229, 3.5776219367980957, 3.5990519523620605, 3.545407772064209, 3.516258478164673, 3.6113762855529785, 3.666616201400757, 3.693389415740967, 3.657426595687866]",
2026-03-09T03:52:37Z,5a7205ccd714,trial,91,ok,3.656954526901245,,clip_dino,0.1082474824327171,0.8917525175672829,0.014216266586674634,0.9902418171886451,0.022339436168699184,0.0020983467749271143,,,,,25,3.656954526901245,3.693234443664551,3.0051822662353516,,"[1.6256505250930786, 1.623101830482483, 1.7756181955337524, 1.9726155996322632, 2.0688860416412354, 2.277508497238159, 2.460675001144409, 2.6728007793426514, 2.9215571880340576, 2.988503932952881, 3.1265196800231934, 3.234544277191162, 3.4200611114501953, 3.4286913871765137, 3.486292839050293, 3.596853256225586, 3.5912349224090576, 3.5759570598602295, 3.59786319732666, 3.5432281494140625, 3.5145246982574463, 3.6106512546539307, 3.6660284996032715, 3.693234443664551, 3.656954526901245]",
2026-03-09T03:52:39Z,5a7205ccd714,trial,92,ok,3.656644821166992,,clip_dino,0.11066564664672611,0.8893343533532739,0.014814010360093399,0.7943020444024499,0.022573063605178068,0.0020809980629234942,,,,,25,3.656644821166992,3.692607879638672,3.0047760009765625,,"[1.6256505250930786, 1.6232428550720215, 1.7756538391113281, 1.972413420677185, 2.068500518798828, 2.276644706726074, 2.4597089290618896, 2.671839952468872, 2.9206790924072266, 2.987161636352539, 3.12484073638916, 3.233168601989746, 3.419247627258301, 3.4281554222106934, 3.4858756065368652, 3.5972769260406494, 3.5917749404907227, 3.575995922088623, 3.59761643409729, 3.5438547134399414, 3.5148072242736816, 3.610363245010376, 3.6656746864318848, 3.692607879638672, 3.656644821166992]",
2026-03-09T03:52:40Z,5a7205ccd714,trial,93,ok,3.652000904083252,,clip_dino,0.1547736377638711,0.8452263622361289,0.01011164413557341,0.9930358719596761,0.022428681884904156,0.0017225176280542388,,,,,25,3.652000904083252,3.6885526180267334,2.9981300830841064,,"[1.6256505250930786, 1.6193170547485352, 1.7700010538101196, 1.9633454084396362, 2.062516450881958, 2.271554470062256, 2.452216625213623, 2.6643033027648926, 2.9114527702331543, 2.9803965091705322, 3.1202497482299805, 3.2276787757873535, 3.412656784057617, 3.421027183532715, 3.477898120880127, 3.587581157684326, 3.5818657875061035, 3.567211151123047, 3.590303897857666, 3.5341997146606445, 3.506229877471924, 3.6047022342681885, 3.6603434085845947, 3.6885526180267334, 3.652000904083252]",
2026-03-09T03:52:41Z,5a7205ccd714,trial,94,ok,3.588984966278076,,clip_dino,0.11659158872279338,0.8834084112772066,0.012676565628148184,0.8738546411273248,2.0406906901313153,0.0019169990578528303,,,,,25,3.588984966278076,3.621577262878418,2.9159481525421143,,"[1.6256505250930786, 1.5796699523925781, 1.712300419807434, 1.8745179176330566, 1.9938368797302246, 2.1945762634277344, 2.3548178672790527, 2.5619704723358154, 2.795867443084717, 2.8702597618103027, 3.0181193351745605, 3.1264264583587646, 3.313760280609131, 3.3297629356384277, 3.376129388809204, 3.4932327270507812, 3.4916653633117676, 3.4742050170898438, 3.500661849975586, 3.451552152633667, 3.4249491691589355, 3.5339159965515137, 3.59029483795166, 3.621577262878418, 3.588984966278076]",
2026-03-09T03:52:42Z,5a7205ccd714,trial,95,ok,3.6562681198120117,,clip_dino,0.13470265284067345,0.8652973471593266,0.01817987198234329,0.901820227844218,0.026550505306824488,0.00207704507763247,,,,,25,3.6562681198120117,3.6923813819885254,3.0039148330688477,,"[1.6256505250930786, 1.6226580142974854, 1.7748112678527832, 1.9710044860839844, 2.067638397216797, 2.275994062423706, 2.4586682319641113, 2.6707816123962402, 2.919322967529297, 2.986318349838257, 3.1244056224823, 3.232536792755127, 3.418419361114502, 3.4272711277008057, 3.4848544597625732, 3.5958518981933594, 3.5903115272521973, 3.574843168258667, 3.596731662750244, 3.542468309402466, 3.5136666297912598, 3.609806537628174, 3.6652016639709473, 3.6923813819885254, 3.6562681198120117]",
2026-03-09T03:52:43Z,5a7205ccd714,trial,96,ok,3.655970811843872,,clip_dino,0.13847743749595842,0.8615225625040416,0.017381992397166493,0.9030922932285356,0.026639618605411534,0.002090133148348871,,,,,25,3.655970811843872,3.692152738571167,3.0033936500549316,,"[1.625650405883789, 1.6223258972167969, 1.7743315696716309, 1.9702132940292358, 2.067136764526367, 2.2755932807922363, 2.458052158355713, 2.670161247253418, 2.9185478687286377, 2.9857962131500244, 3.1240944862365723, 3.232131004333496, 3.4179162979125977, 3.426730155944824, 3.484238862991333, 3.59505033493042, 3.5894885063171387, 3.574152708053589, 3.5961804389953613, 3.5416743755340576, 3.5129876136779785, 3.6094164848327637, 3.6648497581481934, 3.692152738571167, 3.655970811843872]",
2026-03-09T03:52:44Z,5a7205ccd714,trial,97,ok,3.565359354019165,,clip_dino,0.1561095394686712,0.8438904605313288,0.022635036026295616,0.09298726001868199,0.020206820290994305,0.0023479780466331545,,,,,25,3.565359354019165,3.5840442180633545,2.9271903038024902,,"[1.6256505250930786, 1.626568078994751, 1.759389042854309, 1.9376342296600342, 2.0215229988098145, 2.212681770324707, 2.3854427337646484, 2.597486734390259, 2.844158172607422, 2.8858203887939453, 3.013216495513916, 3.1297659873962402, 3.3155224323272705, 3.3124117851257324, 3.374765157699585, 3.5155200958251953, 3.5108213424682617, 3.478635787963867, 3.5046932697296143, 3.469789981842041, 3.43475341796875, 3.5124006271362305, 3.561704158782959, 3.5840442180633545, 3.565359354019165]",
2026-03-09T03:52:46Z,5a7205ccd714,trial,98,ok,3.449744939804077,,clip_dino,0.18232580397757456,0.8176741960224254,0.015696661121916824,0.022516046463552652,0.040229487925336295,0.0020353008922823087,,,,,25,3.449744939804077,3.449744939804077,2.8015499114990234,,"[1.6256505250930786, 1.6293704509735107, 1.7231496572494507, 1.8675436973571777, 1.9306873083114624, 2.097912311553955, 2.2484610080718994, 2.4626834392547607, 2.6972267627716064, 2.714989185333252, 2.832871437072754, 2.9512791633605957, 3.1405980587005615, 3.1225719451904297, 3.1984848976135254, 3.3672091960906982, 3.3645482063293457, 3.3320794105529785, 3.370922803878784, 3.344686269760132, 3.315157651901245, 3.3822689056396484, 3.4240145683288574, 3.4446346759796143, 3.449744939804077]",
2026-03-09T03:52:47Z,5a7205ccd714,trial,99,ok,3.654353618621826,,clip_dino,0.10021561889868952,0.8997843811013104,0.013658322467716491,0.6216810919234624,0.029848924532575406,0.0014457172827113916,,,,,25,3.654353618621826,3.6897192001342773,3.0017166137695312,,"[1.6256506443023682, 1.6225547790527344, 1.7741467952728271, 1.9691648483276367, 2.0657460689544678, 2.2730185985565186, 2.4550700187683105, 2.667182445526123, 2.915698766708374, 2.981825828552246, 3.1193666458129883, 3.228132486343384, 3.4152278900146484, 3.4245615005493164, 3.4823505878448486, 3.5952603816986084, 3.589961051940918, 3.5732975006103516, 3.594717502593994, 3.5423054695129395, 3.5127573013305664, 3.6077980995178223, 3.6630449295043945, 3.6897192001342773, 3.654353618621826]",
2026-03-09T03:52:48Z,5a7205ccd714,trial,100,ok,3.651853561401367,,clip_dino,0.24896849477043662,0.7510315052295634,0.018261110563436597,0.8834679423030496,0.0263018222175466,0.00177778370705818,,,,,25,3.651853561401367,3.68831729888916,2.997586727142334,,"[1.625650405883789, 1.6190543174743652, 1.769586205482483, 1.9625699520111084, 2.061918258666992, 2.270799160003662, 2.4512386322021484, 2.6633107662200928, 2.910360336303711, 2.979318380355835, 3.119187116622925, 3.226682424545288, 3.4118905067443848, 3.420440196990967, 3.4773011207580566, 3.587231397628784, 3.5815720558166504, 3.566838026046753, 3.589895009994507, 3.5340256690979004, 3.5060086250305176, 3.6044788360595703, 3.66013765335083, 3.68831729888916, 3.651853561401367]",
2026-03-09T03:52:49Z,5a7205ccd714,trial,101,ok,3.5942740440368652,,clip_dino,0.21953910780065783,0.7804608921993421,0.025265091674374972,0.7835912060703049,1.4172618125082448,0.0017350379667094113,,,,,25,3.5942740440368652,3.627025604248047,2.9214463233947754,,"[1.625650405883789, 1.5818184614181519, 1.7155096530914307, 1.879316806793213, 1.9977457523345947, 2.1989221572875977, 2.3602499961853027, 2.5678651332855225, 2.8025360107421875, 2.876803159713745, 3.02423095703125, 3.1325433254241943, 3.3202905654907227, 3.335952043533325, 3.3833425045013428, 3.500318765640259, 3.4984683990478516, 3.481123924255371, 3.5074219703674316, 3.4580345153808594, 3.431244373321533, 3.53951096534729, 3.5959558486938477, 3.627025604248047, 3.5942740440368652]",
2026-03-09T03:52:51Z,5a7205ccd714,trial,102,ok,3.6563663482666016,,clip_dino,0.12255125166350435,0.8774487483364957,0.02167970577185696,0.7936192105477529,0.02243413945326254,0.002728547875817755,,,,,25,3.6563663482666016,3.691891670227051,3.005284309387207,,"[1.6256506443023682, 1.6240785121917725, 1.7767456769943237, 1.974193811416626, 2.069354772567749, 2.276885747909546, 2.46043062210083, 2.672545909881592, 2.9217896461486816, 2.9872078895568848, 3.124089002609253, 3.2328710556030273, 3.4193530082702637, 3.428349494934082, 3.4863271713256836, 3.5987415313720703, 3.5933690071105957, 3.576880931854248, 3.598020553588867, 3.5454249382019043, 3.5158543586730957, 3.6102747917175293, 3.665414571762085, 3.691891670227051, 3.6563663482666016]",
2026-03-09T03:52:52Z,5a7205ccd714,trial,103,ok,3.657336950302124,,clip_dino,0.12849847792544514,0.8715015220745549,0.019645428390416646,0.9751467627850068,0.02245475397657951,0.002475765221213908,,,,,25,3.657336950302124,3.693464517593384,3.0058529376983643,,"[1.6256505250930786, 1.6235771179199219, 1.7763087749481201, 1.973770022392273, 2.069575071334839, 2.2779669761657715, 2.46144962310791, 2.6735658645629883, 2.92254638671875, 2.989043712615967, 3.1266870498657227, 3.2348954677581787, 3.420602798461914, 3.4293289184570312, 3.4870567321777344, 3.597993850708008, 3.592435359954834, 3.576920509338379, 3.598583459854126, 3.5444281101226807, 3.515519618988037, 3.6111526489257812, 3.666469097137451, 3.693464517593384, 3.657336950302124]",
2026-03-09T03:52:53Z,5a7205ccd714,trial,104,ok,3.6574816703796387,,clip_dino,0.12749328224377382,0.8725067177562262,0.021531644607893242,0.9778337489556964,0.022095279106728417,0.0027387031215800007,,,,,25,3.6574816703796387,3.6934852600097656,3.0062289237976074,,"[1.6256506443023682, 1.6238906383514404, 1.7767596244812012, 1.9745362997055054, 2.070007562637329, 2.2782161235809326, 2.461911201477051, 2.674018383026123, 2.9231526851654053, 2.989306926727295, 3.126676082611084, 3.2350263595581055, 3.420865774154663, 3.429647445678711, 3.487464427947998, 3.598696708679199, 3.593183755874634, 3.5774765014648438, 3.598965883255005, 3.5451767444610596, 3.516110420227051, 3.6113758087158203, 3.6666431427001953, 3.6934852600097656, 3.6574816703796387]",
2026-03-09T03:52:54Z,5a7205ccd714,trial,105,ok,3.657468557357788,,clip_dino,0.12280867026453429,0.8771913297354657,0.02074091734975333,0.9937215711020766,0.02242879426168291,0.002460376965234308,,,,,25,3.657468557357788,3.6934921741485596,3.0062127113342285,,"[1.625650405883789, 1.6238534450531006, 1.7767093181610107, 1.9744541645050049, 2.0699665546417236, 2.278207540512085, 2.4618821144104004, 2.673999071121216, 2.923126459121704, 2.989323377609253, 3.126730442047119, 3.2350621223449707, 3.420891761779785, 3.4296631813049316, 3.4874660968780518, 3.5986642837524414, 3.5931386947631836, 3.577441692352295, 3.5989508628845215, 3.545114517211914, 3.516062021255493, 3.61136531829834, 3.6666359901428223, 3.6934921741485596, 3.657468557357788]",
2026-03-09T03:52:55Z,5a7205ccd714,trial,106,ok,3.6513891220092773,,clip_dino,0.1530529540753195,0.8469470459246805,0.011998190715132433,0.9910485729689873,0.03011988991233551,0.0024516386248501303,,,,,25,3.6513891220092773,3.6877565383911133,2.9965872764587402,,"[1.625650405883789, 1.6185688972473145, 1.7688453197479248, 1.9612702131271362, 2.0609395503997803, 2.2696478366851807, 2.4497270584106445, 2.6617674827575684, 2.9086196422576904, 2.977670669555664, 3.1176297664642334, 3.225175380706787, 3.410592555999756, 3.4193203449249268, 3.4761362075805664, 3.586300849914551, 3.5807077884674072, 3.565920829772949, 3.5889947414398193, 3.5333261489868164, 3.5052919387817383, 3.603868007659912, 3.6595587730407715, 3.6877565383911133, 3.6513891220092773]",
2026-03-09T03:52:56Z,5a7205ccd714,trial,107,ok,3.6561670303344727,,clip_dino,0.17249945502248992,0.8275005449775101,0.019151849482482584,0.6375893275907322,0.02152715670171844,0.002226574140355535,,,,,25,3.6561670303344727,3.6921439170837402,3.00384521484375,,"[1.6256505250930786, 1.6227703094482422, 1.7749053239822388, 1.9710524082183838, 2.067566156387329, 2.27571964263916, 2.4583897590637207, 2.670513153076172, 2.9191231727600098, 2.9858882427215576, 3.1238088607788086, 3.2320773601531982, 3.418208599090576, 3.4271700382232666, 3.4848122596740723, 3.596184492111206, 3.590688467025757, 3.5749778747558594, 3.596728563308716, 3.5428566932678223, 3.513889789581299, 3.6097404956817627, 3.6650989055633545, 3.6921439170837402, 3.6561670303344727]",
2026-03-09T03:52:57Z,5a7205ccd714,trial,108,ok,3.6575164794921875,,clip_dino,0.1158382769173078,0.8841617230826921,0.01619055082106386,0.9951195632856371,0.020187268557825985,0.0030363724910257364,,,,,25,3.6575164794921875,3.6937665939331055,3.006103515625,,"[1.6256506443023682, 1.6235802173614502, 1.7763876914978027, 1.9740166664123535, 2.0698416233062744, 2.2784178256988525, 2.4619877338409424, 2.6740903854370117, 2.9230520725250244, 2.98970365524292, 3.1274499893188477, 3.235541820526123, 3.421001672744751, 3.42960786819458, 3.4873008728027344, 3.5978927612304688, 3.5922927856445312, 3.576991558074951, 3.5987586975097656, 3.5442590713500977, 3.515488386154175, 3.611326217651367, 3.6666672229766846, 3.6937665939331055, 3.6575164794921875]",
2026-03-09T03:52:59Z,5a7205ccd714,trial,109,ok,3.4871015548706055,,clip_dino,0.11366694090628916,0.8863330590937109,0.01407061551638935,0.04404262993651152,3.9451710902389983,0.003125370737174202,,,,,25,3.4871015548706055,3.4888603687286377,2.839320659637451,,"[1.625650405883789, 1.6247892379760742, 1.732301115989685, 1.883277416229248, 1.9574482440948486, 2.1317031383514404, 2.2875707149505615, 2.4988298416137695, 2.737107753753662, 2.7630562782287598, 2.8847901821136475, 3.0026960372924805, 3.1931848526000977, 3.18013596534729, 3.2526943683624268, 3.414914608001709, 3.412005662918091, 3.3784618377685547, 3.4141759872436523, 3.3859715461730957, 3.3542747497558594, 3.423907518386841, 3.468109607696533, 3.4888603687286377, 3.4871015548706055]",
2026-03-09T03:53:00Z,5a7205ccd714,trial,110,ok,3.6569371223449707,,clip_dino,0.13505743457882669,0.8649425654211733,0.016134450144008623,0.9949855768541218,0.02044845082483301,0.0027770171109833585,,,,,25,3.6569371223449707,3.693344831466675,3.005220890045166,,"[1.6256506443023682, 1.6230288743972778, 1.7755688428878784, 1.9726417064666748, 2.068995475769043, 2.2778162956237793, 2.4610071182250977, 2.6731157302856445, 2.9218087196350098, 2.9889559745788574, 3.127119779586792, 3.23500919342041, 3.4202380180358887, 3.428715229034424, 3.4862656593322754, 3.596446990966797, 3.5907821655273438, 3.575733184814453, 3.597783327102661, 3.5427510738372803, 3.5142056941986084, 3.6105966567993164, 3.6660022735595703, 3.693344831466675, 3.6569371223449707]",
2026-03-09T03:53:01Z,5a7205ccd714,trial,111,ok,3.656625747680664,,clip_dino,0.14488310410478045,0.8551168958952196,0.016128054413893315,0.9838912187834634,0.020364777292137384,0.0026990180416333557,,,,,25,3.656625747680664,3.693082094192505,3.00477933883667,,"[1.6256506443023682, 1.6227812767028809, 1.775195598602295, 1.9720137119293213, 2.0685887336730957, 2.2774863243103027, 2.460503578186035, 2.672614097595215, 2.9211905002593994, 2.988523483276367, 3.1268506050109863, 3.2346694469451904, 3.4198203086853027, 3.428250312805176, 3.485743522644043, 3.595791816711426, 3.5901060104370117, 3.5751376152038574, 3.5972981452941895, 3.5420823097229004, 3.5136160850524902, 3.610217571258545, 3.665646553039551, 3.693082094192505, 3.656625747680664]",
2026-03-09T03:53:02Z,5a7205ccd714,trial,112,ok,3.656911611557007,,clip_dino,0.14101628028616378,0.8589837197138362,0.01656919376579166,0.9162440950319074,0.020281030543908812,0.002712988266773797,,,,,25,3.656911611557007,3.6932578086853027,3.0051193237304688,,"[1.6256506443023682, 1.623025894165039, 1.77553129196167, 1.9725172519683838, 2.0688655376434326, 2.2775893211364746, 2.4607348442077637, 2.672847270965576, 2.9215471744537354, 2.9886221885681152, 3.1267333030700684, 3.234682559967041, 3.4200496673583984, 3.4286065101623535, 3.486176013946533, 3.5965335369110107, 3.5908937454223633, 3.5757484436035156, 3.5977416038513184, 3.54288911819458, 3.5142781734466553, 3.6105713844299316, 3.665968894958496, 3.6932578086853027, 3.656911611557007]",
2026-03-09T03:53:03Z,5a7205ccd714,trial,113,ok,3.6573026180267334,,clip_dino,0.12200148870118858,0.8779985112988115,0.016645451045682838,0.8590370231794993,0.02002900745086055,0.002488834972580869,,,,,25,3.6573026180267334,3.693408489227295,3.0058412551879883,,"[1.625650405883789, 1.6235871315002441, 1.7763121128082275, 1.973759412765503, 2.069550037384033, 2.27791166305542, 2.461390495300293, 2.673516273498535, 2.922515630722046, 2.9889731407165527, 3.1265926361083984, 3.2348263263702393, 3.420586347579956, 3.4293301105499268, 3.4870645999908447, 3.5980749130249023, 3.5925192832946777, 3.57694673538208, 3.5985844135284424, 3.5445008277893066, 3.515556812286377, 3.611133575439453, 3.666440963745117, 3.693408489227295, 3.6573026180267334]",
2026-03-09T03:53:04Z,5a7205ccd714,trial,114,ok,3.6539812088012695,,clip_dino,0.13294931064019672,0.8670506893598033,0.011979163428217194,0.8928707526978412,0.02622916709952267,0.002460450212568174,,,,,25,3.6539812088012695,3.6903252601623535,3.0003445148468018,,"[1.6256505250930786, 1.620609998703003, 1.7718148231506348, 1.9660707712173462, 2.0643341541290283, 2.273026943206787, 2.4543673992156982, 2.666447401046753, 2.914090156555176, 2.9823155403137207, 3.121481418609619, 3.2292115688323975, 3.414719820022583, 3.423433780670166, 3.4806067943573, 3.5909218788146973, 3.585315465927124, 3.5703611373901367, 3.5929503440856934, 3.537686347961426, 3.5093889236450195, 3.6069626808166504, 3.662537097930908, 3.6903252601623535, 3.6539812088012695]",
2026-03-09T03:53:05Z,5a7205ccd714,trial,115,ok,3.6559512615203857,,clip_dino,0.16195325922537657,0.8380467407746235,0.016735110443864373,0.9971405969717848,0.0214148703092272,0.0029685281970646144,,,,,25,3.6559512615203857,3.6924500465393066,3.003760576248169,,"[1.6256506443023682, 1.622272253036499, 1.774410605430603, 1.9706649780273438, 2.0676681995391846, 2.2766294479370117, 2.4592671394348145, 2.671365261077881, 2.9196937084198, 2.9873368740081787, 3.1259379386901855, 3.233663320541382, 3.418731927871704, 3.4271247386932373, 3.4845197200775146, 3.5944249629974365, 3.58872652053833, 3.573875665664673, 3.5962162017822266, 3.5407683849334717, 3.512421131134033, 3.6093835830688477, 3.664858102798462, 3.6924500465393066, 3.6559512615203857]",
2026-03-09T03:53:07Z,5a7205ccd714,trial,116,ok,3.6574530601501465,,clip_dino,0.12591845575276756,0.8740815442472325,0.02112256806546114,0.8937829699445274,0.020091427857066992,0.002337359816894515,,,,,25,3.6574530601501465,3.6933515071868896,3.006481885910034,,"[1.625650405883789, 1.6241059303283691, 1.777063250541687, 1.9750566482543945, 2.070277690887451, 2.2783451080322266, 2.4621920585632324, 2.674325704574585, 2.9236128330230713, 2.989474296569824, 3.1266348361968994, 3.2351112365722656, 3.421098232269287, 3.4299111366271973, 3.487788200378418, 3.5993151664733887, 3.5938196182250977, 3.577869176864624, 3.5992136001586914, 3.5457522869110107, 3.5165200233459473, 3.611445188522339, 3.666656494140625, 3.6933515071868896, 3.6574530601501465]",
2026-03-09T03:53:08Z,5a7205ccd714,trial,117,ok,3.655971050262451,,clip_dino,0.12532617595718182,0.8746738240428182,0.01984426109388951,0.8487437134479917,0.029588920339797906,0.0023246777247885753,,,,,25,3.655971050262451,3.6917426586151123,3.0036821365356445,,"[1.625650405883789, 1.6229726076126099, 1.7750917673110962, 1.9712193012237549, 2.0675175189971924, 2.2753658294677734, 2.4580516815185547, 2.6701512336730957, 2.918826103210449, 2.985245943069458, 3.1229031085968018, 3.231360673904419, 3.417757511138916, 3.4268388748168945, 3.4845781326293945, 3.596431255340576, 3.5910143852233887, 3.575028419494629, 3.596599578857422, 3.5432510375976562, 3.5140810012817383, 3.609548330307007, 3.6648614406585693, 3.6917426586151123, 3.655971050262451]",
2026-03-09T03:53:09Z,5a7205ccd714,trial,118,ok,3.657210111618042,,clip_dino,0.14316366322404983,0.8568363367759502,0.018014355101226426,0.9088578680835134,0.020011912633908786,0.0027717905772728082,,,,,25,3.657210111618042,3.6934971809387207,3.0055975914001465,,"[1.6256505250930786, 1.6233034133911133, 1.7759499549865723, 1.9732320308685303, 2.069321632385254, 2.2779550552368164, 2.4612998962402344, 2.673413038253784, 2.9222493171691895, 2.989100217819214, 3.127021551132202, 3.2350544929504395, 3.4205050468444824, 3.4291038513183594, 3.4867382049560547, 3.597254753112793, 3.5916378498077393, 3.5763864517211914, 3.5982537269592285, 3.543616771697998, 3.514908790588379, 3.6109509468078613, 3.6663174629211426, 3.6934971809387207, 3.657210111618042]",
2026-03-09T03:53:10Z,5a7205ccd714,trial,119,ok,3.6552810668945312,,clip_dino,0.10269276738069519,0.8973072326193048,0.02181833807973309,0.8440097260533029,0.02594857521036352,0.0025091644051561776,,,,,25,3.6552810668945312,3.6904637813568115,3.004471778869629,,"[1.6256506443023682, 1.6242287158966064, 1.7767406702041626, 1.9739911556243896, 2.0688939094543457, 2.27596378326416, 2.459419012069702, 2.671530246734619, 2.9208438396453857, 2.985713243484497, 3.1222469806671143, 3.23132061958313, 3.4181394577026367, 3.427180290222168, 3.4852700233459473, 3.5984721183776855, 3.5931854248046875, 3.576148509979248, 3.597085475921631, 3.5452663898468018, 3.515355110168457, 3.6091837882995605, 3.664220094680786, 3.6904637813568115, 3.6552810668945312]",
2026-03-09T03:53:11Z,5a7205ccd714,trial,120,ok,3.653064250946045,,clip_dino,0.1618205525577864,0.8381794474422136,0.01789795135905432,0.5975916197814315,0.036374289822182986,0.0022074634614283706,,,,,25,3.653064250946045,3.6886725425720215,2.9983866214752197,,"[1.625650405883789, 1.620330572128296, 1.7709965705871582, 1.9639190435409546, 2.062309980392456, 2.2698493003845215, 2.450479030609131, 2.6625051498413086, 2.910040855407715, 2.977564573287964, 3.116220712661743, 3.2245852947235107, 3.411583185195923, 3.4211292266845703, 3.478512763977051, 3.5907907485961914, 3.5855050086975098, 3.5695242881774902, 3.5915777683258057, 3.5382766723632812, 3.509291648864746, 3.6058900356292725, 3.6613969802856445, 3.6886725425720215, 3.653064250946045]",
2026-03-09T03:53:12Z,5a7205ccd714,trial,121,ok,3.6558737754821777,,clip_dino,0.14245036100352035,0.8575496389964796,0.01367447893074822,0.9237872702351355,0.020316538497320496,0.0027048522059104274,,,,,25,3.6558737754821777,3.692349910736084,3.0036067962646484,,"[1.6256505250930786, 1.6221966743469238, 1.7742838859558105, 1.970420479774475, 2.0674829483032227, 2.276409149169922, 2.4589757919311523, 2.671083688735962, 2.9193944931030273, 2.987043857574463, 3.1256587505340576, 3.233402729034424, 3.4185495376586914, 3.426985502243042, 3.484374523162842, 3.594359874725342, 3.58866810798645, 3.57376766204834, 3.5960984230041504, 3.540717601776123, 3.5123465061187744, 3.6092987060546875, 3.6647725105285645, 3.692349910736084, 3.6558737754821777]",
2026-03-09T03:53:13Z,5a7205ccd714,trial,122,ok,3.657174587249756,,clip_dino,0.12242522683412065,0.8775747731658794,0.015463655132339079,0.9183530686958503,0.020204446233360693,0.0033338750768328925,,,,,25,3.657174587249756,3.693427085876465,3.00547456741333,,"[1.6256505250930786, 1.6232938766479492, 1.7759135961532593, 1.9731357097625732, 2.0692293643951416, 2.277804374694824, 2.4611124992370605, 2.6732089519500732, 2.922018527984619, 2.988844633102417, 3.126741409301758, 3.2347984313964844, 3.4202880859375, 3.4289228916168213, 3.4865689277648926, 3.597149133682251, 3.591554880142212, 3.5762948989868164, 3.5981457233428955, 3.543581485748291, 3.5148603916168213, 3.610884666442871, 3.666254758834839, 3.693427085876465, 3.657174587249756]",
2026-03-09T03:53:15Z,5a7205ccd714,trial,123,ok,3.6566977500915527,,clip_dino,0.12280729999798662,0.8771927000020134,0.015103838861845237,0.9961257131616766,0.022316771214120585,0.003378492836832165,,,,,25,3.6566977500915527,3.6930274963378906,3.0046749114990234,,"[1.625650405883789, 1.6228548288345337, 1.7752450704574585, 1.9719843864440918, 2.068480968475342, 2.277170419692993, 2.4601540565490723, 2.6722402572631836, 2.920823574066162, 2.987987995147705, 3.1261682510375977, 3.234105348587036, 3.419477939605713, 3.4280619621276855, 3.485612630844116, 3.59597110748291, 3.590353012084961, 3.5752596855163574, 3.597299814224243, 3.5424304008483887, 3.513856887817383, 3.610267162322998, 3.6656882762908936, 3.6930274963378906, 3.6566977500915527]",
2026-03-09T03:53:16Z,5a7205ccd714,trial,124,ok,3.510833740234375,,clip_dino,0.12282157903635431,0.8771784209636457,0.23568926227545817,0.8219764836296027,0.3876962858105175,0.0029674214126561866,,,,,25,3.510833740234375,3.518481492996216,2.868479013442993,,"[1.625650405883789, 1.6279585361480713, 1.74357271194458, 1.9065191745758057, 1.9817312955856323, 2.1617937088012695, 2.3247673511505127, 2.5361146926879883, 2.7772374153137207, 2.8068504333496094, 2.9292259216308594, 3.0472700595855713, 3.2322568893432617, 3.22287654876709, 3.290079116821289, 3.4443178176879883, 3.4408950805664062, 3.4079091548919678, 3.439988613128662, 3.4107470512390137, 3.3779373168945312, 3.450373649597168, 3.4965884685516357, 3.518481492996216, 3.510833740234375]",
2026-03-09T03:53:17Z,5a7205ccd714,trial,125,ok,3.655506134033203,,clip_dino,0.1696974237174858,0.8303025762825142,0.021103777359805908,0.6879858729545737,0.02728155163247875,0.0019678778018669867,,,,,25,3.655506134033203,3.691370725631714,3.0027027130126953,,"[1.6256505250930786, 1.6223328113555908, 1.7741498947143555, 1.9695966243743896, 2.0664656162261963, 2.2744407653808594, 2.4566774368286133, 2.668785572052002, 2.9171884059906006, 2.9840543270111084, 3.1220855712890625, 3.2304089069366455, 3.41678524017334, 3.425891876220703, 3.483501434326172, 3.5951578617095947, 3.589715003967285, 3.5738883018493652, 3.5956671237945557, 3.542011260986328, 3.512998104095459, 3.608931064605713, 3.664310932159424, 3.691370725631714, 3.655506134033203]",
2026-03-09T03:53:18Z,5a7205ccd714,trial,126,ok,3.654240131378174,,clip_dino,0.1021945313702276,0.8978054686297724,0.02368257352011217,0.8522091507418199,0.030591696481047356,0.002312368770527653,,,,,25,3.654240131378174,3.689187526702881,3.003401756286621,,"[1.625650405883789, 1.6241315603256226, 1.7763757705688477, 1.9731309413909912, 2.068075656890869, 2.2748303413391113, 2.45800518989563, 2.6701085567474365, 2.9193506240844727, 2.9839859008789062, 3.1204071044921875, 3.2296500205993652, 3.416733741760254, 3.4258174896240234, 3.483952522277832, 3.597695827484131, 3.592468500137329, 3.5750763416290283, 3.5959482192993164, 3.5446066856384277, 3.5144991874694824, 3.6080617904663086, 3.6630477905273438, 3.689187526702881, 3.654240131378174]",
2026-03-09T03:53:19Z,5a7205ccd714,trial,127,ok,3.6563332080841064,,clip_dino,0.14845399277989943,0.8515460072201005,0.018792282574320876,0.9209651213734698,0.024912183821858825,0.0025438280219987437,,,,,25,3.6563332080841064,3.6925628185272217,3.004018783569336,,"[1.6256505250930786, 1.6226040124893188, 1.7747926712036133, 1.9710785150527954, 2.0677757263183594, 2.276308059692383, 2.4590187072753906, 2.671121597290039, 2.919618606567383, 2.986786365509033, 3.124997854232788, 3.2330124378204346, 3.418654441833496, 3.42738676071167, 3.484926223754883, 3.5955915451049805, 3.5900111198425293, 3.57474684715271, 3.5967514514923096, 3.5421462059020996, 3.5134825706481934, 3.6098484992980957, 3.6652698516845703, 3.6925628185272217, 3.6563332080841064]",
2026-03-09T03:53:20Z,5a7205ccd714,trial,128,ok,3.5280423164367676,,clip_dino,0.1002299735647271,0.8997700264352729,0.14945788546091954,0.7524451858188559,0.021939091749816106,0.0033605698000869935,,,,,25,3.5280423164367676,3.539637565612793,2.889601707458496,,"[1.6256506443023682, 1.6260473728179932, 1.748411774635315, 1.9212990999221802, 1.997668981552124, 2.1819651126861572, 2.350196361541748, 2.562208652496338, 2.8059048652648926, 2.838066577911377, 2.961332321166992, 3.079379081726074, 3.2621092796325684, 3.2545320987701416, 3.318981885910034, 3.468080759048462, 3.464064121246338, 3.4311652183532715, 3.460883617401123, 3.43013858795166, 3.396397352218628, 3.4703288078308105, 3.5175468921661377, 3.539637565612793, 3.5280423164367676]",
2026-03-09T03:53:21Z,5a7205ccd714,trial,129,ok,3.6544570922851562,,clip_dino,0.12403086648449133,0.8759691335155086,0.0125981338580352,0.6566966716526484,0.027926978411609776,0.0028335105062489313,,,,,25,3.6544570922851562,3.690356969833374,3.000664710998535,,"[1.6256506443023682, 1.6212191581726074, 1.772482991218567, 1.966726303100586, 2.0644924640655518, 2.272489547729492, 2.4539263248443604, 2.665989875793457, 2.913881540298462, 2.9813473224639893, 3.1198859214782715, 3.2280712127685547, 3.4144718647003174, 3.423680067062378, 3.481106758117676, 3.5926337242126465, 3.587216854095459, 3.5716023445129395, 3.593674659729004, 3.5397400856018066, 3.5109353065490723, 3.607544422149658, 3.6630330085754395, 3.690356969833374, 3.6544570922851562]",
2026-03-09T03:53:23Z,5a7205ccd714,trial,130,ok,3.6478047370910645,,clip_dino,0.21666390193884288,0.7833360980611571,0.010401277076932112,0.8220590102475399,0.02433059256753394,0.002203112032585786,,,,,25,3.6478047370910645,3.68416428565979,2.991743564605713,,"[1.6256506443023682, 1.615873098373413, 1.7650079727172852, 1.9552860260009766, 2.0566468238830566, 2.265319347381592, 2.4438939094543457, 2.6558871269226074, 2.9017996788024902, 2.971752166748047, 3.112638473510742, 3.220001459121704, 3.405292510986328, 3.414032220840454, 3.4703598022460938, 3.58042573928833, 3.5748581886291504, 3.5601654052734375, 3.5837998390197754, 3.527743101119995, 3.499976396560669, 3.599700689315796, 3.6555023193359375, 3.68416428565979, 3.6478047370910645]",
2026-03-09T03:53:24Z,5a7205ccd714,trial,131,ok,3.6569347381591797,,clip_dino,0.13857891636179123,0.8614210836382088,0.01619162982194903,0.9228998837413942,0.02005271023933592,0.0027745112467395337,,,,,25,3.6569347381591797,3.6932928562164307,3.005166530609131,,"[1.6256505250930786, 1.6230398416519165, 1.7755603790283203, 1.9725805521011353, 2.068918228149414, 2.277660369873047, 2.4608254432678223, 2.6729373931884766, 2.9216415882110596, 2.9887237548828125, 3.126838207244873, 3.2347772121429443, 3.4201159477233887, 3.428656578063965, 3.486224889755249, 3.596548318862915, 3.5909037590026855, 3.575777053833008, 3.597777843475342, 3.5428926944732666, 3.5142931938171387, 3.610598087310791, 3.665996551513672, 3.6932928562164307, 3.6569347381591797]",
2026-03-09T03:53:25Z,5a7205ccd714,trial,132,ok,3.65535306930542,,clip_dino,0.13403390280155275,0.8659660971984473,0.011662229490206344,0.912949762497176,0.020007655920605844,0.0024145394380083625,,,,,25,3.65535306930542,3.691862106323242,3.002875566482544,,"[1.625650405883789, 1.6218045949935913, 1.7736934423446655, 1.96942937374115, 2.066805839538574, 2.275785207748413, 2.458080768585205, 2.6701927185058594, 2.918339252471924, 2.9862067699432373, 3.1250240802764893, 3.23270320892334, 3.4178032875061035, 3.426208972930908, 3.4835205078125, 3.5934152603149414, 3.587707996368408, 3.5728631019592285, 3.595320224761963, 3.5397801399230957, 3.5114827156066895, 3.608680486679077, 3.6641809940338135, 3.691862106323242, 3.65535306930542]",
2026-03-09T03:53:26Z,5a7205ccd714,trial,133,ok,3.6547932624816895,,clip_dino,0.18688616076190753,0.8131138392380924,0.016573690665021172,0.9897183473767666,0.021806003490717506,0.0031558683742708288,,,,,25,3.6547932624816895,3.691347360610962,3.0021262168884277,,"[1.6256505250930786, 1.6214349269866943, 1.7731441259384155, 1.9685403108596802, 2.0662031173706055, 2.275251865386963, 2.457305908203125, 2.6693944931030273, 2.917351245880127, 2.9854464530944824, 3.1244640350341797, 3.2320563793182373, 3.417006015777588, 3.425333023071289, 3.4825682640075684, 3.592282772064209, 3.5865635871887207, 3.5718488693237305, 3.594460964202881, 3.538684129714966, 3.510500192642212, 3.607992649078369, 3.6635265350341797, 3.691347360610962, 3.6547932624816895]",
2026-03-09T03:53:27Z,5a7205ccd714,trial,134,ok,3.6551690101623535,,clip_dino,0.1495423602637584,0.8504576397362416,0.01406310206570823,0.8376653357701453,0.022952894546254068,0.002837304390133371,,,,,25,3.6551690101623535,3.691521167755127,3.002223014831543,,"[1.625650405883789, 1.6215925216674805, 1.773292899131775, 1.9685763120651245, 2.0661048889160156, 2.27482008934021, 2.4568469524383545, 2.6689393520355225, 2.9169838428497314, 2.984785556793213, 3.12355375289917, 3.2313599586486816, 3.416813850402832, 3.4254655838012695, 3.4827985763549805, 3.5931129455566406, 3.587491512298584, 3.5724823474884033, 3.5948479175567627, 3.5397214889526367, 3.511312484741211, 3.608407497406006, 3.6639182567596436, 3.691521167755127, 3.6551690101623535]",
2026-03-09T03:53:28Z,5a7205ccd714,trial,135,ok,3.513866662979126,,clip_dino,0.11559192734273113,0.8844080726572688,0.1927083827498806,0.7437405337515854,0.024812683127797525,0.0025265286775617442,,,,,25,3.513866662979126,3.522735595703125,2.8749866485595703,,"[1.6256506443023682, 1.626115322113037, 1.7437677383422852, 1.913076400756836, 1.9870178699493408, 2.168911933898926, 2.3348209857940674, 2.5472822189331055, 2.7898449897766113, 2.818904399871826, 2.941162109375, 3.0596022605895996, 3.242258310317993, 3.2327628135681152, 3.2982888221740723, 3.4508495330810547, 3.446841239929199, 3.4135549068450928, 3.444838523864746, 3.415207862854004, 3.3819117546081543, 3.4545464515686035, 3.500840902328491, 3.522735595703125, 3.513866662979126]",
2026-03-09T03:53:29Z,5a7205ccd714,trial,136,ok,3.652667760848999,,clip_dino,0.16209695405597627,0.8379030459440238,0.015203417421546354,0.9956026024280317,0.032024885613225806,0.0018695562539654494,,,,,25,3.652667760848999,3.6890065670013428,2.998354434967041,,"[1.6256506443023682, 1.6195346117019653, 1.7702330350875854, 1.9634642601013184, 2.062485694885254, 2.271157741546631, 2.451803684234619, 2.6638689041137695, 2.9110970497131348, 2.979750156402588, 3.1193270683288574, 3.226978063583374, 3.4125137329101562, 3.421279191970825, 3.4782721996307373, 3.588576316833496, 3.582984447479248, 3.568084239959717, 3.5909085273742676, 3.535494804382324, 3.5073139667510986, 3.6053872108459473, 3.6610236167907715, 3.6890065670013428, 3.652667760848999]",
2026-03-09T03:53:30Z,5a7205ccd714,trial,137,ok,3.1103782653808594,,clip_dino,0.1331456009338415,0.8668543990661585,0.019801238268660804,0.010046213919163001,0.026831981225876732,0.0026005113638423215,,,,,25,3.1103782653808594,3.1103782653808594,2.451521635055542,,"[1.625650405883789, 1.633075475692749, 1.639172911643982, 1.720306634902954, 1.703507661819458, 1.7816981077194214, 1.8349976539611816, 2.086012363433838, 2.2534823417663574, 2.2502827644348145, 2.335278272628784, 2.4391961097717285, 2.6485507488250732, 2.6043639183044434, 2.753955841064453, 2.943087100982666, 2.9538614749908447, 2.938682794570923, 2.982699394226074, 2.9710302352905273, 2.9629945755004883, 3.0185821056365967, 3.03865909576416, 3.05853533744812, 3.1103782653808594]",
2026-03-09T03:53:31Z,5a7205ccd714,trial,138,ok,3.6573400497436523,,clip_dino,0.17449070250328205,0.825509297496718,0.027525875926567307,0.8996315856486656,0.022358285242134582,0.002262507256155189,,,,,25,3.6573400497436523,3.693398952484131,3.0059542655944824,,"[1.6256505250930786, 1.6236903667449951, 1.7764558792114258, 1.973995566368103, 2.069676637649536, 2.277970314025879, 2.4615137577056885, 2.6736390590667725, 2.922691583633423, 2.9890294075012207, 3.1265549659729004, 3.2348411083221436, 3.4206595420837402, 3.4294276237487793, 3.4871931076049805, 3.5983195304870605, 3.5927793979644775, 3.577129364013672, 3.5987048149108887, 3.5447590351104736, 3.5157546997070312, 3.611199140548706, 3.6664881706237793, 3.693398952484131, 3.6573400497436523]",
2026-03-09T03:53:33Z,5a7205ccd714,trial,139,ok,3.6417477130889893,,clip_dino,0.691701926803951,0.30829807319604896,0.027976334736439585,0.6916543612800474,0.028519393309734773,0.0030321496130038166,,,,,25,3.6417477130889893,3.6780285835266113,2.9840140342712402,,"[1.6256505250930786, 1.6116408109664917, 1.7590484619140625, 1.9462743997573853, 2.0500595569610596, 2.258549690246582, 2.434948205947876, 2.646808624267578, 2.8913071155548096, 2.9624176025390625, 3.1045851707458496, 3.2117419242858887, 3.3967254161834717, 3.4054737091064453, 3.4609909057617188, 3.570985794067383, 3.5655055046081543, 3.550877571105957, 3.5752992630004883, 3.518817663192749, 3.4914045333862305, 3.5927674770355225, 3.648698329925537, 3.6780285835266113, 3.6417477130889893]",
2026-03-09T03:53:34Z,5a7205ccd714,trial,140,ok,3.65671443939209,,clip_dino,0.17783418473962953,0.8221658152603705,0.02349697505413059,0.790868117833446,0.022949887938648966,0.002236708214614245,,,,,25,3.65671443939209,3.6927926540374756,3.004760980606079,,"[1.625650405883789, 1.6231074333190918, 1.7755075693130493, 1.972238540649414, 2.0684711933135986, 2.276782989501953, 2.4598097801208496, 2.6719324588775635, 2.9206931591033936, 2.987398624420166, 3.1252405643463135, 3.2334492206573486, 3.4193403720855713, 3.4281716346740723, 3.485837459564209, 3.5969300270080566, 3.5913925170898438, 3.575820207595825, 3.597564697265625, 3.543473243713379, 3.5145692825317383, 3.610391139984131, 3.6657395362854004, 3.6927926540374756, 3.65671443939209]",
2026-03-09T03:53:35Z,5a7205ccd714,trial,141,ok,3.65743350982666,,clip_dino,0.11032443933155389,0.8896755606684461,0.017811642333126584,0.896005251439575,0.020075556402236273,0.0028263796718793715,,,,,25,3.65743350982666,3.6933512687683105,3.0063159465789795,,"[1.6256505250930786, 1.6240228414535522, 1.7769310474395752, 1.9748096466064453, 2.070124864578247, 2.278212547302246, 2.461982250213623, 2.6740970611572266, 2.923313617706299, 2.9892690181732178, 3.126492738723755, 3.234935760498047, 3.420889377593994, 3.4297077655792236, 3.4875693321228027, 3.5990240573883057, 3.593533992767334, 3.5776662826538086, 3.599055290222168, 3.5455129146575928, 3.516334056854248, 3.6113734245300293, 3.666606903076172, 3.6933512687683105, 3.65743350982666]",
2026-03-09T03:53:36Z,5a7205ccd714,trial,142,ok,3.6566741466522217,,clip_dino,0.11161887796446825,0.8883811220355318,0.018475437542310347,0.8685648088214466,0.024606558045183323,0.0023954317513364444,,,,,25,3.6566741466522217,3.6924545764923096,3.0051190853118896,,"[1.6256505250930786, 1.623650074005127, 1.776200771331787, 1.9733035564422607, 2.0689663887023926, 2.2768473625183105, 2.4601497650146484, 2.672266960144043, 2.9212899208068848, 2.9873123168945312, 3.1246323585510254, 3.233154773712158, 3.4194114208221436, 3.4283761978149414, 3.4862160682678223, 3.598038911819458, 3.5925984382629395, 3.576540231704712, 3.597940683364868, 3.5446815490722656, 3.5154151916503906, 3.610478401184082, 3.6657209396362305, 3.6924545764923096, 3.6566741466522217]",
2026-03-09T03:53:37Z,5a7205ccd714,trial,143,ok,3.6562306880950928,,clip_dino,0.12334217584315699,0.876657824156843,0.02124857189608531,0.7577463932626506,0.02196795561850669,0.0016167307869551734,,,,,25,3.6562306880950928,3.691746234893799,3.005308151245117,,"[1.6256505250930786, 1.6240774393081665, 1.776734471321106, 1.9741692543029785, 2.0693233013153076, 2.2768588066101074, 2.46040678024292, 2.672569513320923, 2.9218759536743164, 2.9872474670410156, 3.124124526977539, 3.232931137084961, 3.419485330581665, 3.428466796875, 3.4864377975463867, 3.5989468097686768, 3.5935487747192383, 3.576925754547119, 3.5980424880981445, 3.5455121994018555, 3.515875816345215, 3.610203981399536, 3.665316581726074, 3.691746234893799, 3.6562306880950928]",
2026-03-09T03:53:38Z,5a7205ccd714,trial,144,ok,3.656582832336426,,clip_dino,0.16183904818095338,0.8381609518190466,0.01763783633849656,0.9087293082067994,0.020246338672035465,0.002022167317573231,,,,,25,3.656582832336426,3.6930110454559326,3.004702091217041,,"[1.625650405883789, 1.622742772102356, 1.775122046470642, 1.971854567527771, 2.0684585571289062, 2.2773141860961914, 2.4602842330932617, 2.6724133491516113, 2.92099928855896, 2.988308906555176, 3.1266281604766846, 3.2344789505004883, 3.4197325706481934, 3.4282119274139404, 3.4857053756713867, 3.5958664417266846, 3.5901851654052734, 3.5751357078552246, 3.5972671508789062, 3.542151927947998, 3.5136404037475586, 3.6101884841918945, 3.6656105518341064, 3.6930110454559326, 3.656582832336426]",
2026-03-09T03:53:39Z,5a7205ccd714,trial,145,ok,3.65655255317688,,clip_dino,0.14890431212182975,0.8510956878781702,0.02493634377638449,0.8325641281351117,0.025456299622547474,0.002191392520729078,,,,,25,3.65655255317688,3.6923108100891113,3.0049571990966797,,"[1.6256506443023682, 1.623599886894226, 1.776102066040039, 1.973098635673523, 2.0688047409057617, 2.2766542434692383, 2.4598941802978516, 2.6720170974731445, 2.9210216999053955, 2.9870429039001465, 3.1243720054626465, 3.232910633087158, 3.419219732284546, 3.4282045364379883, 3.486042022705078, 3.5979318618774414, 3.592496395111084, 3.5763931274414062, 3.597789764404297, 3.544583797454834, 3.5152955055236816, 3.6103463172912598, 3.6655867099761963, 3.6923108100891113, 3.65655255317688]",
2026-03-09T03:53:40Z,5a7205ccd714,trial,146,ok,3.633746862411499,,clip_dino,0.617994316346617,0.38200568365338305,0.01320772393171022,0.7124928538701286,0.022728043234615088,0.0026026811412253915,,,,,25,3.633746862411499,3.669635772705078,2.972978115081787,,"[1.6256505250930786, 1.6055169105529785, 1.7504359483718872, 1.9332592487335205, 2.040323257446289, 2.2479982376098633, 2.421356201171875, 2.632909059524536, 2.8755111694335938, 2.9478232860565186, 3.0914440155029297, 3.1986196041107178, 3.3839149475097656, 3.3934125900268555, 3.447716474533081, 3.558481216430664, 3.5533528327941895, 3.538464307785034, 3.56360125541687, 3.507568359375, 3.480409622192383, 3.5836052894592285, 3.6397013664245605, 3.669635772705078, 3.633746862411499]",
2026-03-09T03:53:41Z,5a7205ccd714,trial,147,ok,3.6562371253967285,,clip_dino,0.10917316178085051,0.8908268382191495,0.019618636646380114,0.9913230356935266,0.03165062097600169,0.002908676139815416,,,,,25,3.6562371253967285,3.6920228004455566,3.0040361881256104,,"[1.6256505250930786, 1.6231544017791748, 1.7753920555114746, 1.971785068511963, 2.067923069000244, 2.2757859230041504, 2.4586315155029297, 2.670701026916504, 2.919419765472412, 2.9857757091522217, 3.123354196548462, 3.2318053245544434, 3.418097496032715, 3.4271469116210938, 3.484915018081665, 3.5966758728027344, 3.591268539428711, 3.575368881225586, 3.596919298171997, 3.543527841567993, 3.5143866539001465, 3.609825611114502, 3.665140151977539, 3.6920228004455566, 3.6562371253967285]",
2026-03-09T03:53:43Z,5a7205ccd714,trial,148,ok,3.5460457801818848,,clip_dino,0.10174502187914393,0.8982549781208561,0.02216139460381111,0.12535331262979515,0.027940308663393035,0.002359612015909346,,,,,25,3.5460457801818848,3.5609829425811768,2.908074140548706,,"[1.6256505250930786, 1.627007246017456, 1.754144549369812, 1.927947998046875, 2.0086727142333984, 2.1964821815490723, 2.366489887237549, 2.5786776542663574, 2.8240792751312256, 2.860997438430786, 2.9867138862609863, 3.1041409969329834, 3.289191722869873, 3.2833566665649414, 3.346968173980713, 3.492729663848877, 3.48812198638916, 3.4549129009246826, 3.4830334186553955, 3.4501700401306152, 3.4154622554779053, 3.490888833999634, 3.538977861404419, 3.5609829425811768, 3.5460457801818848]",
2026-03-09T03:53:44Z,5a7205ccd714,trial,149,ok,3.655336380004883,,clip_dino,0.13187416777555094,0.8681258322244491,0.02709157591149583,0.898917485510577,0.034806829468705704,0.0033370323339309053,,,,,25,3.655336380004883,3.6907081604003906,3.003269672393799,,"[1.625650405883789, 1.6234018802642822, 1.7754969596862793, 1.9716694355010986, 2.06748628616333, 2.2747583389282227, 2.4575157165527344, 2.6695523262023926, 2.9183473587036133, 2.984060287475586, 3.1211891174316406, 3.22999906539917, 3.4167747497558594, 3.4259839057922363, 3.483912467956543, 3.5966320037841797, 3.5913610458374023, 3.5748631954193115, 3.596123456954956, 3.54371976852417, 3.514177083969116, 3.6089048385620117, 3.6641178131103516, 3.6907081604003906, 3.655336380004883]",
2026-03-09T03:53:45Z,5a7205ccd714,trial,150,ok,3.6537046432495117,,clip_dino,0.1894659985960494,0.8105340014039506,0.015263474935999327,0.5756747743836395,0.025176027034168196,0.0018376339865623552,,,,,25,3.6537046432495117,3.689777135848999,2.999502658843994,,"[1.6256505250930786, 1.6203570365905762, 1.7713079452514648, 1.964925765991211, 2.063352346420288, 2.2716054916381836, 2.452589988708496, 2.664668560028076, 2.912242889404297, 2.980269432067871, 3.119297742843628, 3.2272679805755615, 3.4134321212768555, 3.422541618347168, 3.4797685146331787, 3.5908665657043457, 3.585383892059326, 3.5700321197509766, 3.5924181938171387, 3.537923812866211, 3.5093679428100586, 3.6066226959228516, 3.662184715270996, 3.689777135848999, 3.6537046432495117]",
2026-03-09T03:53:47Z,5a7205ccd714,trial,151,ok,3.642120838165283,,clip_dino,0.5687738057153241,0.4312261942846759,0.016887042552816627,0.920949946280501,0.020048352351318778,0.0028292160436728217,,,,,25,3.642120838165283,3.6784825325012207,2.9848849773406982,,"[1.6256506443023682, 1.6121314764022827, 1.7597532272338867, 1.9474254846572876, 2.050928831100464, 2.259575605392456, 2.4362637996673584, 2.648162603378296, 2.8928282260894775, 2.96386456489563, 3.1059560775756836, 3.213067054748535, 3.397867441177368, 3.406426429748535, 3.462007522583008, 3.571798801422119, 3.566251277923584, 3.5516622066497803, 3.576075553894043, 3.519404888153076, 3.491997241973877, 3.5932602882385254, 3.6491615772247314, 3.6784825325012207, 3.642120838165283]",
2026-03-09T03:53:48Z,5a7205ccd714,trial,152,ok,3.6566271781921387,,clip_dino,0.1422954577360397,0.8577045422639603,0.017183378628729713,0.8066995536564937,0.02190765165886242,0.0027197077574162695,,,,,25,3.6566271781921387,3.6927742958068848,3.0045347213745117,,"[1.625650405883789, 1.622934103012085, 1.7752699851989746, 1.9718639850616455, 2.068263530731201, 2.276674270629883, 2.4595999717712402, 2.6717095375061035, 2.920370101928711, 2.987262010574341, 3.125246524810791, 3.233370780944824, 3.4191408157348633, 3.427927017211914, 3.4855449199676514, 3.596438407897949, 3.590883493423462, 3.5754590034484863, 3.59730863571167, 3.542990207672119, 3.5141937732696533, 3.6102406978607178, 3.665620803833008, 3.6927742958068848, 3.6566271781921387]",
2026-03-09T03:53:49Z,5a7205ccd714,trial,153,ok,3.657197952270508,,clip_dino,0.12423595326995185,0.8757640467300482,0.0156919240545967,0.9126105019412968,0.02006870529466403,0.0031702617781592373,,,,,25,3.657197952270508,3.693451166152954,3.0055313110351562,,"[1.6256506443023682, 1.6233148574829102, 1.7759487628936768, 1.9732012748718262, 2.069275379180908, 2.277853012084961, 2.4611823558807373, 2.673283576965332, 2.9221105575561523, 2.988922595977783, 3.1268091201782227, 3.2348694801330566, 3.4203643798828125, 3.4289965629577637, 3.486644983291626, 3.5972328186035156, 3.591635227203369, 3.5763609409332275, 3.598203659057617, 3.5436482429504395, 3.514918565750122, 3.610922336578369, 3.666288375854492, 3.693451166152954, 3.657197952270508]",
2026-03-09T03:53:50Z,5a7205ccd714,trial,154,ok,3.6563305854797363,,clip_dino,0.11689385820895674,0.8831061417910433,0.014346576699691804,0.7702965781242073,0.02312777948092241,0.0032141073193139072,,,,,25,3.6563305854797363,3.6923282146453857,3.0040078163146973,,"[1.6256506443023682, 1.622855305671692, 1.7750523090362549, 1.9713375568389893, 2.067782163619995, 2.2759594917297363, 2.4587082862854004, 2.67080020904541, 2.9194045066833496, 2.986171007156372, 3.12406849861145, 3.232313632965088, 3.4183411598205566, 3.427273988723755, 3.4849283695220947, 3.5961899757385254, 3.5907020568847656, 3.5750977993011475, 3.596860408782959, 3.5429086685180664, 3.513991594314575, 3.6098833084106445, 3.6652536392211914, 3.6923282146453857, 3.6563305854797363]",
2026-03-09T03:53:51Z,5a7205ccd714,trial,155,ok,3.6552388668060303,,clip_dino,0.17230476359365765,0.8276952364063423,0.01887209494466121,0.8521313123338056,0.026718070714027323,0.00252207193288987,,,,,25,3.6552388668060303,3.69148588180542,3.0021750926971436,,"[1.6256505250930786, 1.6216528415679932, 1.7733314037322998, 1.9685337543487549, 2.066005229949951, 2.2745518684387207, 2.456547975540161, 2.668637990951538, 2.9167113304138184, 2.9843685626983643, 3.123019218444824, 3.230929374694824, 3.416612148284912, 3.4254021644592285, 3.4827816486358643, 3.593388557434082, 3.587815284729004, 3.5726571083068848, 3.594911813735962, 3.540098190307617, 3.5115785598754883, 3.6084842681884766, 3.6639821529388428, 3.69148588180542, 3.6552388668060303]",
2026-03-09T03:53:53Z,5a7205ccd714,trial,156,ok,3.655751943588257,,clip_dino,0.1517001270145015,0.8482998729854985,0.02130166550668675,0.6341780123921701,0.023425722772138374,0.003028523036026407,,,,,25,3.655751943588257,3.691288948059082,3.003875970840454,,"[1.6256506443023682, 1.6234080791473389, 1.775627613067627, 1.9720370769500732, 2.067880868911743, 2.275404930114746, 2.4583022594451904, 2.6704020500183105, 2.919283390045166, 2.9851574897766113, 3.122413158416748, 3.2311105728149414, 3.4177494049072266, 3.426877498626709, 3.484750747680664, 3.597163677215576, 3.5918099880218506, 3.5754215717315674, 3.596745014190674, 3.5440192222595215, 3.5145628452301025, 3.6094303131103516, 3.6646504402160645, 3.691288948059082, 3.655751943588257]",
2026-03-09T03:53:54Z,5a7205ccd714,trial,157,ok,3.6573262214660645,,clip_dino,0.1002994022155135,0.8997005977844865,0.013241932232425145,0.9341827435892646,0.02004263105520001,0.0021457249714910863,,,,,25,3.6573262214660645,3.6935551166534424,3.005856513977051,,"[1.625650405883789, 1.623460292816162, 1.7761764526367188, 1.9736034870147705, 2.0695366859436035, 2.2780861854553223, 2.4615368843078613, 2.673670768737793, 2.922614336013794, 2.989291191101074, 3.1270809173583984, 3.23519229888916, 3.4207663536071777, 3.429412841796875, 3.4870877265930176, 3.5977916717529297, 3.5921859741210938, 3.576786994934082, 3.598550796508789, 3.5441269874572754, 3.5153145790100098, 3.611140012741089, 3.6664750576019287, 3.6935551166534424, 3.6573262214660645]",
2026-03-09T03:53:55Z,5a7205ccd714,trial,158,ok,3.6536083221435547,,clip_dino,0.1181968883122558,0.8818031116877442,0.011136014488922914,0.7145189420497966,0.02985865113697771,0.0021533599356475122,,,,,25,3.6536083221435547,3.689635753631592,2.9992716312408447,,"[1.6256505250930786, 1.6202906370162964, 1.7711853981018066, 1.964674472808838, 2.0631446838378906, 2.2713229656219482, 2.4522292613983154, 2.6642906665802, 2.9118218421936035, 2.97983455657959, 3.1188507080078125, 3.226850986480713, 3.4130868911743164, 3.422250747680664, 3.4794843196868896, 3.5906801223754883, 3.5852246284484863, 3.5698461532592773, 3.592217206954956, 3.53782057762146, 3.509244918823242, 3.6064858436584473, 3.662053108215332, 3.689635753631592, 3.6536083221435547]",
2026-03-09T03:53:56Z,5a7205ccd714,trial,159,ok,3.459805488586426,,clip_dino,0.116910728157513,0.883089271842487,0.3131848820145934,0.8371139140265449,0.025038036620687532,0.0020120430295683155,,,,,25,3.459805488586426,3.459805488586426,2.815671920776367,,"[1.6256505250930786, 1.6261261701583862, 1.7249306440353394, 1.8802282810211182, 1.9438862800598145, 2.1150803565979004, 2.270724058151245, 2.4847066402435303, 2.7208704948425293, 2.7397191524505615, 2.857571601867676, 2.976323127746582, 3.1596274375915527, 3.144190788269043, 3.2152318954467773, 3.379216432571411, 3.376185894012451, 3.343736171722412, 3.3805363178253174, 3.3547253608703613, 3.3244712352752686, 3.3934948444366455, 3.4365530014038086, 3.458200454711914, 3.459805488586426]",
2026-03-09T03:53:57Z,5a7205ccd714,trial,160,ok,3.656686544418335,,clip_dino,0.10268107328248087,0.8973189267175191,0.012706166578487459,0.9200274193178961,0.02240955998011209,0.002329475794347843,,,,,25,3.656686544418335,3.692917823791504,3.004673957824707,,"[1.625650405883789, 1.6229099035263062, 1.7752807140350342, 1.9719581604003906, 2.0683913230895996, 2.2769336700439453, 2.4599006175994873, 2.6720190048217773, 2.9206769466400146, 2.987675666809082, 3.1257433891296387, 3.2337913513183594, 3.4194178581237793, 3.4281203746795654, 3.4857072830200195, 3.5963895320892334, 3.590797185897827, 3.5754780769348145, 3.597398042678833, 3.5428566932678223, 3.5141377449035645, 3.610311508178711, 3.665701389312744, 3.692917823791504, 3.656686544418335]",
2026-03-09T03:53:58Z,5a7205ccd714,trial,161,ok,3.657012462615967,,clip_dino,0.12795960451877417,0.8720403954812258,0.015541890459547443,0.9770032392189881,0.02044587840747442,0.0026357508485344147,,,,,25,3.657012462615967,3.6933844089508057,3.0053179264068604,,"[1.625650405883789, 1.6230981349945068, 1.7756619453430176, 1.9727784395217896, 2.069066286087036, 2.2778310775756836, 2.461056709289551, 2.673170566558838, 2.921905040740967, 2.9889698028564453, 3.1270675659179688, 3.2350006103515625, 3.420307159423828, 3.428825855255127, 3.4863991737365723, 3.5966877937316895, 3.591035842895508, 3.5759196281433105, 3.5979156494140625, 3.5430049896240234, 3.514409065246582, 3.6106975078582764, 3.6660914421081543, 3.6933844089508057, 3.657012462615967]",
2026-03-09T03:53:59Z,5a7205ccd714,trial,162,ok,3.6567068099975586,,clip_dino,0.1303923015157122,0.8696076984842878,0.014620725886155506,0.9995086252301547,0.020159467669946148,0.002450299345892614,,,,,25,3.6567068099975586,3.6931662559509277,3.0049328804016113,,"[1.6256505250930786, 1.622843861579895, 1.7752984762191772, 1.9722011089324951, 2.0687224864959717, 2.2776269912719727, 2.460700035095215, 2.6728179454803467, 2.921433448791504, 2.9887330532073975, 3.1270322799682617, 3.2348575592041016, 3.4200096130371094, 3.428433895111084, 3.4859354496002197, 3.5959882736206055, 3.590296745300293, 3.5753111839294434, 3.5974531173706055, 3.5422487258911133, 3.5137689113616943, 3.61032772064209, 3.6657493114471436, 3.6931662559509277, 3.6567068099975586]",
2026-03-09T03:54:00Z,5a7205ccd714,trial,163,ok,3.656031608581543,,clip_dino,0.10111452987878493,0.8988854701212151,0.01804718853158096,0.7821420100025626,0.022622326949275604,0.002112049843716301,,,,,25,3.656031608581543,3.691467761993408,3.0050864219665527,,"[1.625650405883789, 1.6241049766540527, 1.7767221927642822, 1.9740962982177734, 2.069202184677124, 2.276620864868164, 2.460134506225586, 2.672276258468628, 2.9215681552886963, 2.986833095550537, 3.1236319541931152, 3.232499361038208, 3.419114828109741, 3.428122043609619, 3.4861221313476562, 3.5987868309020996, 3.5934219360351562, 3.576724052429199, 3.5978007316589355, 3.5454354286193848, 3.515744209289551, 3.6099729537963867, 3.6650733947753906, 3.691467761993408, 3.656031608581543]",
2026-03-09T03:54:02Z,5a7205ccd714,trial,164,ok,3.5952253341674805,,clip_dino,0.15573372303980254,0.8442662769601974,0.013358756035137967,0.9208426528976037,0.652804306991865,0.0022546207904942123,,,,,25,3.5952253341674805,3.6284353733062744,2.923354148864746,,"[1.6256505250930786, 1.5822553634643555, 1.7164324522018433, 1.8812954425811768, 1.999462604522705, 2.2014057636260986, 2.363150119781494, 2.5712027549743652, 2.806124210357666, 2.8806662559509277, 3.0283403396606445, 3.136402130126953, 3.323282241821289, 3.3382349014282227, 3.3856592178344727, 3.5015714168548584, 3.4993555545806885, 3.482466697692871, 3.5089967250823975, 3.458451747894287, 3.4319381713867188, 3.5407278537750244, 3.597126007080078, 3.6284353733062744, 3.5952253341674805]",
2026-03-09T03:54:03Z,5a7205ccd714,trial,165,ok,3.656538963317871,,clip_dino,0.12679226030896099,0.873207739691039,0.020166998889076783,0.8563245826995721,0.025796855062806347,0.0026055559511305028,,,,,25,3.656538963317871,3.692363977432251,3.004692316055298,,"[1.6256505250930786, 1.6233978271484375, 1.7758145332336426, 1.9726041555404663, 2.068521022796631, 2.276456594467163, 2.4595541954040527, 2.6716580390930176, 2.9205379486083984, 2.9867775440216064, 3.124265670776367, 3.2327189445495605, 3.41894793510437, 3.4279298782348633, 3.485719680786133, 3.597423553466797, 3.5919809341430664, 3.576042652130127, 3.597543239593506, 3.544123888015747, 3.5149502754211426, 3.6102519035339355, 3.6655349731445312, 3.692363977432251, 3.656538963317871]",
2026-03-09T03:54:04Z,5a7205ccd714,trial,166,ok,3.655841588973999,,clip_dino,0.14476627102496817,0.8552337289750318,0.015402089332707501,0.6704770500087032,0.02266704127160344,0.0019355574712642022,,,,,25,3.655841588973999,3.6918721199035645,3.003214120864868,,"[1.6256506443023682, 1.6223832368850708, 1.7743322849273682, 1.9700723886489868, 2.066925525665283, 2.275153875350952, 2.457551956176758, 2.6696739196777344, 2.9181103706359863, 2.985142230987549, 3.1232869625091553, 3.2314720153808594, 3.4175658226013184, 3.426528215408325, 3.4840924739837646, 3.595332384109497, 3.589822769165039, 3.5742201805114746, 3.5961039066314697, 3.54203462600708, 3.513169765472412, 3.609311580657959, 3.6647109985351562, 3.6918721199035645, 3.655841588973999]",
2026-03-09T03:54:05Z,5a7205ccd714,trial,167,ok,3.540276050567627,,clip_dino,0.16620538652023792,0.833794613479762,0.024838294457347337,0.07600255949989727,0.02775897915378701,0.003801986883371479,,,,,25,3.540276050567627,3.5539631843566895,2.9013967514038086,,"[1.6256505250930786, 1.6271839141845703, 1.7523012161254883, 1.9233906269073486, 2.003735303878784, 2.190307855606079, 2.358832359313965, 2.570859432220459, 2.815553665161133, 2.8514699935913086, 2.9768850803375244, 3.094438076019287, 3.279928207397461, 3.273428201675415, 3.337721347808838, 3.485198736190796, 3.4807209968566895, 3.4473178386688232, 3.4761810302734375, 3.4438934326171875, 3.409381866455078, 3.4842705726623535, 3.532029151916504, 3.5539631843566895, 3.540276050567627]",
2026-03-09T03:54:06Z,5a7205ccd714,trial,168,ok,3.656881809234619,,clip_dino,0.12034982967178699,0.879650170328213,0.01818500215968869,0.762204946974374,0.02012710635132451,0.0030794994136472123,,,,,25,3.656881809234619,3.692628860473633,3.0055980682373047,,"[1.6256506443023682, 1.6239187717437744, 1.7766326665878296, 1.9741125106811523, 2.0694971084594727, 2.277334213256836, 2.460874080657959, 2.672985076904297, 2.922139883041382, 2.9879517555236816, 3.1250977516174316, 3.233675003051758, 3.4199023246765137, 3.4288382530212402, 3.4867310523986816, 3.598611354827881, 3.5931801795959473, 3.5770645141601562, 3.5983753204345703, 3.5452308654785156, 3.5159027576446533, 3.6107606887817383, 3.665971517562866, 3.692628860473633, 3.656881809234619]",
2026-03-09T03:54:07Z,5a7205ccd714,trial,169,ok,3.656519651412964,,clip_dino,0.10012083802359775,0.8998791619764023,0.02230554606116209,0.9970428182610798,0.024547817703685217,0.0034340729709536454,,,,,25,3.656519651412964,3.6919736862182617,3.0056021213531494,,"[1.6256505250930786, 1.6243445873260498, 1.777165174484253, 1.9749901294708252, 2.06984281539917, 2.2772626876831055, 2.461033344268799, 2.6730947494506836, 2.922417640686035, 2.98759126663208, 3.1242542266845703, 3.2331058979034424, 3.419520854949951, 3.4285011291503906, 3.4865493774414062, 3.599032402038574, 3.593705415725708, 3.5772171020507812, 3.5982649326324463, 3.5458221435546875, 3.516209363937378, 3.61043643951416, 3.665555477142334, 3.6919736862182617, 3.656519651412964]",
2026-03-09T03:54:08Z,5a7205ccd714,trial,170,ok,3.6309120655059814,,clip_dino,0.14048910191516742,0.8595108980848326,0.011787552087280714,0.8827764570464987,0.13021504159098274,0.0024344089374013235,,,,,25,3.6309120655059814,3.6657919883728027,2.9657256603240967,,"[1.625650405883789, 1.601759433746338, 1.7448649406433105, 1.9238605499267578, 2.032966375350952, 2.2387545108795166, 2.4098739624023438, 2.6208248138427734, 2.8621864318847656, 2.934612989425659, 3.07840895652771, 3.186234951019287, 3.3738226890563965, 3.385488748550415, 3.439303398132324, 3.552666187286377, 3.5483477115631104, 3.5326669216156006, 3.557499885559082, 3.5041019916534424, 3.4765660762786865, 3.5798263549804688, 3.6361489295959473, 3.6657919883728027, 3.6309120655059814]",
2026-03-09T03:54:09Z,5a7205ccd714,trial,171,ok,3.6572229862213135,,clip_dino,0.13368227291760273,0.8663177270823973,0.016915939799887616,0.9948024647480305,0.020172945250031066,0.002657289354158209,,,,,25,3.6572229862213135,3.6935935020446777,3.0056769847869873,,"[1.6256506443023682, 1.6232671737670898, 1.7759376764297485, 1.9732818603515625, 2.0694169998168945, 2.278181552886963, 2.4615540504455566, 2.673668146133423, 2.9224839210510254, 2.9894535541534424, 3.1274654865264893, 3.2354166507720947, 3.4207046031951904, 3.4292092323303223, 3.4868111610412598, 3.5971016883850098, 3.591449022293091, 3.5763182640075684, 3.5982680320739746, 3.543391227722168, 3.5147714614868164, 3.610959529876709, 3.66633939743042, 3.6935935020446777, 3.6572229862213135]",
2026-03-09T03:54:10Z,5a7205ccd714,trial,172,ok,3.657352924346924,,clip_dino,0.11745645020990231,0.8825435497900977,0.01585612896687984,0.9132528236452943,0.020142480861795875,0.0026683885746693775,,,,,25,3.657352924346924,3.6935412883758545,3.005861282348633,,"[1.625650405883789, 1.6235167980194092, 1.7762451171875, 1.9736990928649902, 2.0695724487304688, 2.2780566215515137, 2.461526870727539, 2.673644542694092, 2.922595500946045, 2.989201068878174, 3.126927375793457, 3.2350752353668213, 3.420687198638916, 3.4293644428253174, 3.487063407897949, 3.597846508026123, 3.5922646522521973, 3.576840877532959, 3.5985665321350098, 3.5442419052124023, 3.5154004096984863, 3.6111583709716797, 3.6664891242980957, 3.6935412883758545, 3.657352924346924]",
2026-03-09T03:54:11Z,5a7205ccd714,trial,173,ok,3.656871795654297,,clip_dino,0.13249647578236606,0.8675035242176339,0.017088625472538053,0.8499789137951621,0.021864867261606104,0.0026239919977376664,,,,,25,3.656871795654297,3.6930091381073,3.004988431930542,,"[1.6256505250930786, 1.6231610774993896, 1.775629997253418, 1.9725143909454346, 2.068709373474121, 2.2771096229553223, 2.4602231979370117, 2.672337055206299, 2.921109914779663, 2.9878623485565186, 3.125727653503418, 3.233884334564209, 3.4196434020996094, 3.428413152694702, 3.486070394515991, 3.596989631652832, 3.5914337635040283, 3.57597017288208, 3.597752094268799, 3.54349946975708, 3.514659881591797, 3.6105568408966064, 3.6659138202667236, 3.6930091381073, 3.656871795654297]",
2026-03-09T03:54:13Z,5a7205ccd714,trial,174,ok,3.656176805496216,,clip_dino,0.15557649262705864,0.8444235073729414,0.015616527096758962,0.9206288128966756,0.020093396113977296,0.0029192586478280834,,,,,25,3.656176805496216,3.692643165588379,3.004061698913574,,"[1.6256505250930786, 1.6224324703216553, 1.7746473550796509, 1.9710488319396973, 2.067917823791504, 2.2768285274505615, 2.4595704078674316, 2.671675443649292, 2.9200854301452637, 2.9876105785369873, 3.1261096000671387, 3.2338836193084717, 3.4190304279327393, 3.4274661540985107, 3.484898567199707, 3.5949079990386963, 3.589221715927124, 3.5743014812469482, 3.5965652465820312, 3.541250705718994, 3.5128445625305176, 3.609661817550659, 3.6651196479797363, 3.692643165588379, 3.656176805496216]",
2026-03-09T03:54:14Z,5a7205ccd714,trial,175,ok,3.6569528579711914,,clip_dino,0.11838776808443505,0.8816122319155649,0.01974148499294298,0.8067666059634239,0.020001316474304094,0.002690814814663114,,,,,25,3.6569528579711914,3.692646026611328,3.0059781074523926,,"[1.6256505250930786, 1.624150037765503, 1.7769949436187744, 1.9747912883758545, 2.069916248321533, 2.2776873111724854, 2.4614315032958984, 2.6735565662384033, 2.9228553771972656, 2.988431930541992, 3.1254019737243652, 3.234055995941162, 3.4203107357025146, 3.4292240142822266, 3.487165927886963, 3.599184036254883, 3.5937561988830566, 3.5775041580200195, 3.59871244430542, 3.545746088027954, 3.5163166522979736, 3.610922336578369, 3.666088819503784, 3.692646026611328, 3.6569528579711914]",
2026-03-09T03:54:15Z,5a7205ccd714,trial,176,ok,3.632744312286377,,clip_dino,0.1436740323827303,0.8563259676172696,0.015751620485463302,0.7270743701853387,0.17342173254708934,0.003228777518830633,,,,,25,3.632744312286377,3.6671862602233887,2.9671552181243896,,"[1.625650405883789, 1.6030162572860718, 1.7463786602020264, 1.925426959991455, 2.0339221954345703, 2.239057779312134, 2.410442590713501, 2.6212785243988037, 2.8629496097564697, 2.934718608856201, 3.077803611755371, 3.1860153675079346, 3.3746933937072754, 3.386867046356201, 3.4412195682525635, 3.555748462677002, 3.5516371726989746, 3.5354361534118652, 3.5597543716430664, 3.5076065063476562, 3.4795820713043213, 3.5817172527313232, 3.6380224227905273, 3.6671862602233887, 3.632744312286377]",
2026-03-09T03:54:17Z,5a7205ccd714,trial,177,ok,3.653005599975586,,clip_dino,0.17508700837246285,0.8249129916275372,0.013690971478492001,0.9221484686108022,0.024892066495795756,0.002499386366515709,,,,,25,3.653005599975586,3.6894633769989014,2.9992008209228516,,"[1.6256506443023682, 1.6199394464492798, 1.7708734273910522, 1.9646483659744263, 2.063392400741577, 2.272268772125244, 2.453251838684082, 2.665327548980713, 2.9127001762390137, 2.9813177585601807, 3.1208486557006836, 3.228414297103882, 3.413637161254883, 3.4221789836883545, 3.4791958332061768, 3.589160442352295, 3.583500862121582, 3.5687339305877686, 3.591592311859131, 3.535871982574463, 3.5077619552612305, 3.6058285236358643, 3.661445140838623, 3.6894633769989014, 3.653005599975586]",
2026-03-09T03:54:18Z,5a7205ccd714,trial,178,ok,3.656050682067871,,clip_dino,0.12661421009952623,0.8733857899004738,0.020605508530778374,0.8244853853735649,0.028163172995986408,0.0028797742720878374,,,,,25,3.656050682067871,3.6917357444763184,3.0039680004119873,,"[1.625650405883789, 1.6232476234436035, 1.7754731178283691, 1.9718570709228516, 2.0678863525390625, 2.2756106853485107, 2.458468437194824, 2.670553207397461, 2.919337272644043, 2.985503673553467, 3.122955560684204, 3.2315075397491455, 3.4179556369781494, 3.427046775817871, 3.484856605529785, 3.596890687942505, 3.591505527496338, 3.5754013061523438, 3.5968575477600098, 3.543743133544922, 3.5144705772399902, 3.609677791595459, 3.66495418548584, 3.6917357444763184, 3.656050682067871]",
2026-03-09T03:54:19Z,5a7205ccd714,trial,179,ok,3.6545119285583496,,clip_dino,0.19798107263273818,0.8020189273672618,0.018161903655149927,0.9965188899668656,0.023721911775683946,0.002322816832794927,,,,,25,3.6545119285583496,3.6910438537597656,3.001652240753174,,"[1.6256505250930786, 1.6211830377578735, 1.7727558612823486, 1.9678568840026855, 2.065708637237549, 2.274721145629883, 2.45658540725708, 2.668684244155884, 2.9165568351745605, 2.984732151031494, 3.1238341331481934, 3.2314324378967285, 3.416473388671875, 3.424856185913086, 3.4820556640625, 3.591853618621826, 3.586142063140869, 3.571382999420166, 3.5940229892730713, 3.5382909774780273, 3.5101001262664795, 3.607663154602051, 3.6632070541381836, 3.6910438537597656, 3.6545119285583496]",
2026-03-09T03:54:20Z,5a7205ccd714,trial,180,ok,3.65494966506958,,clip_dino,0.11473806940737738,0.8852619305926226,0.023821382228623414,0.7647907498284734,0.02213736352887755,0.0025595595259529707,,,,,25,3.65494966506958,3.689997434616089,3.004599094390869,,"[1.6256505250930786, 1.6244860887527466, 1.777090072631836, 1.9746465682983398, 2.069206953048706, 2.276113986968994, 2.4597673416137695, 2.67189359664917, 2.9213712215423584, 2.9858548641204834, 3.1221296787261963, 3.231344223022461, 3.418210983276367, 3.4271881580352783, 3.4853477478027344, 3.5988521575927734, 3.5935802459716797, 3.576272487640381, 3.5970797538757324, 3.5455918312072754, 3.515505075454712, 3.6089413166046143, 3.6638998985290527, 3.689997434616089, 3.65494966506958]",
2026-03-09T03:54:22Z,5a7205ccd714,trial,181,ok,3.6571877002716064,,clip_dino,0.10086940248486084,0.8991305975151391,0.014065543395222124,0.9997101353598242,0.022074657874208974,0.002170814958120471,,,,,25,3.6571877002716064,3.6934165954589844,3.0055832862854004,,"[1.625650405883789, 1.6233394145965576, 1.7759767770767212, 1.9732325077056885, 2.0692787170410156, 2.277825355529785, 2.461164951324463, 2.6732912063598633, 2.92216420173645, 2.9889168739318848, 3.126769542694092, 3.234865188598633, 3.4204447269439697, 3.429103374481201, 3.486759901046753, 3.597452402114868, 3.5918521881103516, 3.576481819152832, 3.598283290863037, 3.543827772140503, 3.5150418281555176, 3.610952615737915, 3.66630220413208, 3.6934165954589844, 3.6571877002716064]",
2026-03-09T03:54:23Z,5a7205ccd714,trial,182,ok,3.656526565551758,,clip_dino,0.13165160628185227,0.8683483937181478,0.01717814839575618,0.8897006461427194,0.024295108883812724,0.002248567267944686,,,,,25,3.656526565551758,3.6926803588867188,3.004373788833618,,"[1.625650405883789, 1.62284255027771, 1.7751281261444092, 1.9716124534606934, 2.0680928230285645, 2.2765140533447266, 2.459368944168091, 2.6714847087860107, 2.9201107025146484, 2.987055778503418, 3.1250898838043213, 3.2332019805908203, 3.418982982635498, 3.4277737140655518, 3.4853744506835938, 3.596261739730835, 3.590702533721924, 3.5752792358398438, 3.597153663635254, 3.5428104400634766, 3.5140252113342285, 3.6101226806640625, 3.6655080318450928, 3.6926803588867188, 3.656526565551758]",
2026-03-09T03:54:24Z,5a7205ccd714,trial,183,ok,3.657068967819214,,clip_dino,0.10070992284773253,0.8992900771522675,0.014586078577074384,0.9144263296261881,0.022470791911849492,0.0024100048006222745,,,,,25,3.657068967819214,3.693124771118164,3.0054244995117188,,"[1.6256505250930786, 1.6234524250030518, 1.7760565280914307, 1.973239541053772, 2.0691492557525635, 2.277432441711426, 2.460749626159668, 2.6728696823120117, 2.921794891357422, 2.988276481628418, 3.125925302505493, 3.234187602996826, 3.420051097869873, 3.4288554191589355, 3.4865834712982178, 3.5977187156677246, 3.5921859741210938, 3.5765621662139893, 3.5982017517089844, 3.544219970703125, 3.515251874923706, 3.610844612121582, 3.666158676147461, 3.693124771118164, 3.657068967819214]",
2026-03-09T03:54:25Z,5a7205ccd714,trial,184,ok,3.6557765007019043,,clip_dino,0.10137882686115053,0.8986211731388495,0.012423720922462378,0.8495685221781918,0.02673759773029076,0.0024212656278547453,,,,,25,3.6557765007019043,3.691843032836914,3.003009557723999,,"[1.625650405883789, 1.6222598552703857, 1.774161458015442, 1.9698033332824707, 2.066765785217285, 2.2750401496887207, 2.457362651824951, 2.6694607734680176, 2.91780948638916, 2.984961748123169, 3.123192310333252, 3.2313244342803955, 3.4173262119293213, 3.4262661933898926, 3.4838027954101562, 3.594909191131592, 3.589399814605713, 3.5739192962646484, 3.595874071121216, 3.5416619777679443, 3.512877941131592, 3.6091809272766113, 3.664607048034668, 3.691843032836914, 3.6557765007019043]",
2026-03-09T03:54:26Z,5a7205ccd714,trial,185,ok,3.212167978286743,,clip_dino,0.11188071503739645,0.8881192849626035,0.9910047284102019,0.9025478202935329,0.022175494277073507,0.0021058055744980733,,,,,25,3.212167978286743,3.212167978286743,2.5485780239105225,,"[1.625650405883789, 1.6261179447174072, 1.6512501239776611, 1.7525063753128052, 1.7614948749542236, 1.8720331192016602, 1.962703824043274, 2.19624924659729, 2.3852720260620117, 2.3844685554504395, 2.4796435832977295, 2.5872550010681152, 2.7840070724487305, 2.750570774078369, 2.8671789169311523, 3.0538413524627686, 3.0591912269592285, 3.039842367172241, 3.086660861968994, 3.07206130027771, 3.0594658851623535, 3.121752977371216, 3.150556802749634, 3.17250919342041, 3.212167978286743]",
2026-03-09T03:54:27Z,5a7205ccd714,trial,186,ok,3.6553709506988525,,clip_dino,0.10027824416416385,0.8997217558358361,0.013923138499095832,0.7847535867537113,0.03026152884901196,0.002277570717310694,,,,,25,3.6553709506988525,3.691131114959717,3.0025382041931152,,"[1.6256506443023682, 1.6224005222320557, 1.7741868495941162, 1.9695698022842407, 2.066364049911499, 2.2741823196411133, 2.4563937187194824, 2.668484926223755, 2.9168972969055176, 2.9836130142211914, 3.1215291023254395, 3.229942798614502, 3.4164557456970215, 3.425628662109375, 3.4832828044891357, 3.5951783657073975, 3.5897786617279053, 3.573824405670166, 3.5955238342285156, 3.5421226024627686, 3.5130157470703125, 3.608780860900879, 3.6641433238983154, 3.691131114959717, 3.6553709506988525]",
2026-03-09T03:54:28Z,5a7205ccd714,trial,187,ok,3.65670108795166,,clip_dino,0.1425207878049189,0.8574792121950812,0.019446814939781582,0.6894910708726646,0.0200651555387363,0.0027904225712963803,,,,,25,3.65670108795166,3.6924829483032227,3.005190134048462,,"[1.6256506443023682, 1.6236779689788818, 1.7762489318847656, 1.973396897315979, 2.0690317153930664, 2.2769174575805664, 2.4602484703063965, 2.672370433807373, 2.9214141368865967, 2.987417697906494, 3.1247243881225586, 3.2332499027252197, 3.419503688812256, 3.4284615516662598, 3.486304759979248, 3.5981292724609375, 3.5926852226257324, 3.576616048812866, 3.598008155822754, 3.5447537899017334, 3.515479564666748, 3.6105213165283203, 3.6657586097717285, 3.6924829483032227, 3.65670108795166]",
2026-03-09T03:54:29Z,5a7205ccd714,trial,188,ok,3.6252601146698,,clip_dino,0.8834419496078347,0.11655805039216527,0.014697053289763447,0.9234201253843468,0.02449951890669631,0.0024127606016909175,,,,,25,3.6252601146698,3.660801410675049,2.9622321128845215,,"[1.625650405883789, 1.5998315811157227, 1.7424100637435913, 1.921379804611206, 2.0312888622283936, 2.2381911277770996, 2.408872127532959, 2.620023727416992, 2.8608767986297607, 2.934133768081665, 3.0790460109710693, 3.1862294673919678, 3.3714611530303955, 3.381566047668457, 3.4345173835754395, 3.5458450317382812, 3.5410752296447754, 3.525941848754883, 3.551729679107666, 3.496077060699463, 3.469190835952759, 3.574105739593506, 3.6302924156188965, 3.660801410675049, 3.6252601146698]",
2026-03-09T03:54:30Z,5a7205ccd714,trial,189,ok,3.6530303955078125,,clip_dino,0.15802677641932156,0.8419732235806785,0.011265396309999492,0.8349824124098684,0.022752980186605945,0.003008968489843118,,,,,25,3.6530303955078125,3.6894664764404297,2.999163866043091,,"[1.6256505250930786, 1.6199359893798828, 1.7708590030670166, 1.9645991325378418, 2.063344717025757, 2.272183418273926, 2.4531474113464355, 2.665217876434326, 2.9125847816467285, 2.9811832904815674, 3.1206955909729004, 3.228280782699585, 3.4135520458221436, 3.422131299972534, 3.479156255722046, 3.589177131652832, 3.5835318565368652, 3.5687475204467773, 3.5915865898132324, 3.5359277725219727, 3.5078020095825195, 3.605844736099243, 3.6614630222320557, 3.6894664764404297, 3.6530303955078125]",
2026-03-09T03:54:31Z,5a7205ccd714,trial,190,ok,3.5919899940490723,,clip_dino,0.11735842272731929,0.8826415772726807,0.016562283516677146,0.997791058802272,2.573925185929175,0.001928520052148383,,,,,25,3.5919899940490723,3.6245198249816895,2.918776512145996,,"[1.6256505250930786, 1.5809239149093628, 1.7140655517578125, 1.8769487142562866, 1.995769739151001, 2.1965184211730957, 2.3573174476623535, 2.5646049976348877, 2.798898696899414, 2.87310791015625, 3.0205938816070557, 3.128988742828369, 3.31684947013855, 3.3328442573547363, 3.379875421524048, 3.4972457885742188, 3.4956250190734863, 3.4780988693237305, 3.5043857097625732, 3.455479145050049, 3.428666830062866, 3.5370044708251953, 3.5934433937072754, 3.6245198249816895, 3.5919899940490723]",
2026-03-09T03:54:32Z,5a7205ccd714,trial,191,ok,3.6569271087646484,,clip_dino,0.1275051316561553,0.8724948683438447,0.01483706919597735,0.9404738125114877,0.02000661098061228,0.002636134222840432,,,,,25,3.6569271087646484,3.69329833984375,3.0051767826080322,,"[1.6256505250930786, 1.623030185699463, 1.7755517959594727, 1.9725768566131592, 2.06892466545105, 2.2776880264282227, 2.460855007171631, 2.672970771789551, 2.9216747283935547, 2.988774299621582, 3.1269054412841797, 3.234832763671875, 3.420152187347412, 3.428678512573242, 3.486240863800049, 3.5965347290039062, 3.5908830165863037, 3.575766086578369, 3.597778558731079, 3.542860507965088, 3.514270305633545, 3.610593795776367, 3.6659927368164062, 3.69329833984375, 3.6569271087646484]",
2026-03-09T03:54:34Z,5a7205ccd714,trial,192,ok,3.6568899154663086,,clip_dino,0.13471718283873638,0.8652828171612637,0.01812037913561019,0.8739369735094328,0.022618263597921146,0.00215903984993015,,,,,25,3.6568899154663086,3.6930224895477295,3.005063056945801,,"[1.625650405883789, 1.6231911182403564, 1.7756766080856323, 1.9725961685180664, 2.0687618255615234, 2.277158737182617, 2.4602980613708496, 2.67242431640625, 2.9212279319763184, 2.987949848175049, 3.125795841217041, 3.233964681625366, 3.419747829437256, 3.4285192489624023, 3.4861812591552734, 3.597132682800293, 3.5915722846984863, 3.576068878173828, 3.597832679748535, 3.5436127185821533, 3.514749526977539, 3.6106009483337402, 3.6659488677978516, 3.6930224895477295, 3.6568899154663086]",
2026-03-09T03:54:35Z,5a7205ccd714,trial,193,ok,3.6564455032348633,,clip_dino,0.11852473956718845,0.8814752604328115,0.016775326496834587,0.9262686002612868,0.026405801041799206,0.002689580475868078,,,,,25,3.6564455032348633,3.6925103664398193,3.004187822341919,,"[1.6256506443023682, 1.622865080833435, 1.7751095294952393, 1.9715003967285156, 2.0679476261138916, 2.2762274742126465, 2.459033489227295, 2.671128511428833, 2.919740676879883, 2.9865803718566895, 3.1245291233062744, 3.2327158451080322, 3.4186267852783203, 3.4274988174438477, 3.485133647918701, 3.5962235927581787, 3.5907087326049805, 3.575198173522949, 3.597007989883423, 3.54288387298584, 3.514029026031494, 3.6100120544433594, 3.665390968322754, 3.6925103664398193, 3.6564455032348633]",
2026-03-09T03:54:36Z,5a7205ccd714,trial,194,ok,3.6552891731262207,,clip_dino,0.1472200790873378,0.8527799209126622,0.013421282601667065,0.8076976603148459,0.021819081010849943,0.0025001628381198025,,,,,25,3.6552891731262207,3.691649913787842,3.0024492740631104,,"[1.6256505250930786, 1.6216896772384644, 1.7734463214874268, 1.9688479900360107, 2.0663022994995117, 2.275034189224243, 2.4571399688720703, 2.669243812561035, 2.9173436164855957, 2.9851036071777344, 3.1238372325897217, 3.2316484451293945, 3.4170985221862793, 3.425736904144287, 3.483081817626953, 3.593392848968506, 3.5877609252929688, 3.5727322101593018, 3.5950751304626465, 3.539954423904419, 3.5115296840667725, 3.608569622039795, 3.664069890975952, 3.691649913787842, 3.6552891731262207]",
2026-03-09T03:54:37Z,5a7205ccd714,trial,195,ok,3.656614303588867,,clip_dino,0.10026861974973371,0.8997313802502663,0.015605302365607953,0.7490528365114536,0.020049312524830467,0.002300461878087332,,,,,25,3.656614303588867,3.692251443862915,3.0055432319641113,,"[1.6256506443023682, 1.6240235567092896, 1.7767329216003418, 1.9742389917373657, 2.069484233856201, 2.277179002761841, 2.4607534408569336, 2.6728947162628174, 2.922145366668701, 2.9877259731292725, 3.1247265338897705, 3.2334189414978027, 3.4198076725006104, 3.428765296936035, 3.486699104309082, 3.5988874435424805, 3.5934693813323975, 3.5770974159240723, 3.5983026027679443, 3.5454647541046143, 3.5159788131713867, 3.6105566024780273, 3.6657156944274902, 3.692251443862915, 3.656614303588867]",
2026-03-09T03:54:38Z,5a7205ccd714,trial,196,ok,3.657167434692383,,clip_dino,0.12142224405914318,0.8785777559408569,0.021252518827310805,0.993005306314572,0.024676645964582838,0.0028903448404247033,,,,,25,3.657167434692383,3.693098545074463,3.005671977996826,,"[1.6256506443023682, 1.623733639717102, 1.7764445543289185, 1.9738779067993164, 2.0694923400878906, 2.2775869369506836, 2.461073160171509, 2.673166275024414, 2.922199249267578, 2.9883739948272705, 3.1257705688476562, 3.234161853790283, 3.4201316833496094, 3.4289913177490234, 3.4868059158325195, 3.598206043243408, 3.59272837638855, 3.576958656311035, 3.598447561264038, 3.5448007583618164, 3.5157015323638916, 3.610980987548828, 3.6662580966949463, 3.693098545074463, 3.657167434692383]",
2026-03-09T03:54:39Z,5a7205ccd714,trial,197,ok,3.6561872959136963,,clip_dino,0.11628531459853779,0.8837146854014623,0.021978853933371054,0.849340204781631,0.0251501907800712,0.003144927394815557,,,,,25,3.6561872959136963,3.691669464111328,3.0048999786376953,,"[1.6256505250930786, 1.6239839792251587, 1.7765507698059082, 1.9737796783447266, 2.069033622741699, 2.2764906883239746, 2.4598991870880127, 2.6719837188720703, 2.921135425567627, 2.9865846633911133, 3.123485565185547, 3.2322816848754883, 3.4188098907470703, 3.427851676940918, 3.4858312606811523, 3.5983123779296875, 3.5929718017578125, 3.5764975547790527, 3.5976505279541016, 3.5451135635375977, 3.515549659729004, 3.610016345977783, 3.6651718616485596, 3.691669464111328, 3.6561872959136963]",
2026-03-09T03:54:40Z,5a7205ccd714,trial,198,ok,3.6555471420288086,,clip_dino,0.16520381291242653,0.8347961870875735,0.020382258112733784,0.9948774921218267,0.0283547208264652,0.003564086447797248,,,,,25,3.6555471420288086,3.691822052001953,3.002641201019287,,"[1.625650405883789, 1.6219124794006348, 1.7737383842468262, 1.9692678451538086, 2.0665383338928223, 2.2751245498657227, 2.4573233127593994, 2.6693811416625977, 2.917515993118286, 2.985103130340576, 3.123666524887085, 3.2315590381622314, 3.417095184326172, 3.425818920135498, 3.4832353591918945, 3.5937066078186035, 3.5881338119506836, 3.573080539703369, 3.5953211784362793, 3.5404233932495117, 3.5119407176971436, 3.608814239501953, 3.664310932159424, 3.691822052001953, 3.6555471420288086]",
2026-03-09T03:54:41Z,5a7205ccd714,trial,199,ok,3.6432998180389404,,clip_dino,0.4931364359983473,0.5068635640016528,0.018543634074287708,0.9993351147867344,0.024033430322814627,0.002857616097833658,,,,,25,3.6432998180389404,3.6796703338623047,2.986297369003296,,"[1.6256506443023682, 1.6129074096679688, 1.7608399391174316, 1.949042797088623, 2.052114963531494, 2.2607836723327637, 2.437854766845703, 2.649771213531494, 2.8946821689605713, 2.965517520904541, 3.107375144958496, 3.2145256996154785, 3.3994014263153076, 3.407979965209961, 3.4637181758880615, 3.573530912399292, 3.5679752826690674, 3.5533905029296875, 3.577660083770752, 3.521076202392578, 3.4936108589172363, 3.594583749771118, 3.6504693031311035, 3.6796703338623047, 3.6432998180389404]",
2026-03-09T03:54:41Z,5a7205ccd714,best_summary,33,ok,3.6580276489257812,,clip_dino,0.5913735456374828,0.4086264543625172,0.17392955514866384,0.7508090208834363,0.02885457255148477,0.0023543092401027846,,,,,25,3.6580276489257812,,,,,