2026-03-10T12:01:09Z,57c2449ca649,trial,0,ok,2.334808588027954,graph,clip_dino,0.27547650794153833,0.7245234920584617,,,,0.0033496040893752402,32,0.17034154716308847,0.5693539808678304,1e-06,25,2.334808588027954,2.334808588027954,1.9929258823394775,0.545015811920166,"[1.6256506443023682, 1.646344780921936, 1.6849110126495361, 1.7206435203552246, 1.7466766834259033, 1.776865839958191, 1.7995538711547852, 1.8296475410461426, 1.8653466701507568, 1.8899644613265991, 1.9401696920394897, 1.982155442237854, 2.0142972469329834, 2.0431690216064453, 2.075070381164551, 2.1014273166656494, 2.136627674102783, 2.1676113605499268, 2.1887502670288086, 2.204291820526123, 2.217076539993286, 2.2459731101989746, 2.275491714477539, 2.3106236457824707, 2.334808588027954]",
2026-03-10T12:01:12Z,57c2449ca649,trial,1,ok,2.4997286796569824,graph,clip_dino,0.890040395390136,0.10995960460986398,,,,0.0012452374756347698,30,2.835308298812533,2.662574245215505,1e-06,25,2.4997286796569824,2.4997286796569824,2.0907771587371826,0.15104210376739502,"[1.625650405883789, 1.641563892364502, 1.6974437236785889, 1.7516441345214844, 1.7818584442138672, 1.8252112865447998, 1.8631045818328857, 1.9051661491394043, 1.9490320682525635, 1.974029541015625, 2.0373244285583496, 2.095607280731201, 2.135192394256592, 2.160506248474121, 2.191349506378174, 2.2311758995056152, 2.272425889968872, 2.31003737449646, 2.33359694480896, 2.3421669006347656, 2.351175546646118, 2.393726110458374, 2.429539203643799, 2.47116756439209, 2.4997286796569824]",
2026-03-10T12:01:16Z,57c2449ca649,trial,2,ok,2.6999659538269043,graph,clip_dino,0.3419812716956394,0.6580187283043606,,,,0.0031158173501005535,12,21.206637518118676,0.06384894283051462,1e-06,25,2.6999659538269043,2.6999659538269043,2.250528335571289,0.09705212712287903,"[1.6256506443023682, 1.6333775520324707, 1.683912754058838, 1.7982324361801147, 1.8451071977615356, 1.9253287315368652, 1.9830749034881592, 2.050262689590454, 2.1215438842773438, 2.1476941108703613, 2.2373571395874023, 2.3240811824798584, 2.3715648651123047, 2.3961610794067383, 2.411245584487915, 2.462433099746704, 2.4907703399658203, 2.53765869140625, 2.542701482772827, 2.5437912940979004, 2.531482696533203, 2.5932769775390625, 2.6315674781799316, 2.6749629974365234, 2.6999659538269043]",
2026-03-10T12:01:20Z,57c2449ca649,trial,3,ok,2.4157378673553467,graph,clip_dino,0.4560541142108684,0.5439458857891316,,,,0.006649022196151401,14,6.41375930289395,5.422306282140324,1e-06,25,2.4157378673553467,2.4157378673553467,2.071788787841797,0.14645728468894958,"[1.6256505250930786, 1.6435670852661133, 1.6971776485443115, 1.7566115856170654, 1.782859444618225, 1.8294169902801514, 1.8690087795257568, 1.908740520477295, 1.9523594379425049, 1.9697157144546509, 2.0513129234313965, 2.108874797821045, 2.1438310146331787, 2.163644313812256, 2.1834516525268555, 2.2189724445343018, 2.2522411346435547, 2.277806520462036, 2.291069269180298, 2.2885475158691406, 2.2865285873413086, 2.3266282081604004, 2.358407974243164, 2.39255952835083, 2.4157378673553467]",
2026-03-10T12:01:25Z,57c2449ca649,trial,4,ok,2.7120957374572754,graph,clip_dino,0.12447445403377388,0.8755255459662261,,,,0.0008745424231769706,10,4.708216571237801,0.16557545927813924,1e-06,25,2.7120957374572754,2.7120957374572754,2.217550754547119,0.21737423539161682,"[1.6256505250930786, 1.641524076461792, 1.6917283535003662, 1.793774962425232, 1.8384089469909668, 1.8867878913879395, 1.9197717905044556, 1.9623119831085205, 2.0388870239257812, 2.0798065662384033, 2.1723155975341797, 2.2595295906066895, 2.3078653812408447, 2.3390865325927734, 2.3726933002471924, 2.408813953399658, 2.449733257293701, 2.486217498779297, 2.5063698291778564, 2.5339529514312744, 2.5344605445861816, 2.5817174911499023, 2.6124138832092285, 2.6828489303588867, 2.7120957374572754]",
2026-03-10T12:01:30Z,57c2449ca649,trial,5,ok,2.4396071434020996,graph,clip_dino,0.8734926156171888,0.12650738438281117,,,,0.0009938120779361668,5,1.6754910275337689,1.5975434344490738,1e-06,25,2.4396071434020996,2.4396071434020996,2.0913453102111816,0.4158039093017578,"[1.6256505250930786, 1.6493029594421387, 1.7159416675567627, 1.7708991765975952, 1.79262113571167, 1.8432468175888062, 1.8869166374206543, 1.9198176860809326, 1.983839511871338, 1.9984147548675537, 2.063817024230957, 2.128666877746582, 2.156442642211914, 2.168731927871704, 2.1935338973999023, 2.2265663146972656, 2.285353422164917, 2.3047986030578613, 2.331155776977539, 2.3140735626220703, 2.3161964416503906, 2.3572988510131836, 2.3854284286499023, 2.425313949584961, 2.4396071434020996]",
2026-03-10T12:01:37Z,57c2449ca649,trial,6,ok,2.710096836090088,graph,clip_dino,0.8035065273510372,0.19649347264896277,,,,0.011609426028682592,19,1.6412565773718508,0.1846340561296713,1e-06,25,2.710096836090088,2.710096836090088,2.2359559535980225,0.26635560393333435,"[1.6256505250930786, 1.6378458738327026, 1.7074501514434814, 1.801398515701294, 1.8379402160644531, 1.9090099334716797, 1.9645359516143799, 2.022984504699707, 2.0871524810791016, 2.1070995330810547, 2.200019121170044, 2.276825428009033, 2.328096389770508, 2.3550751209259033, 2.38059401512146, 2.433040142059326, 2.4712729454040527, 2.5207839012145996, 2.5371737480163574, 2.539356231689453, 2.5360872745513916, 2.5940072536468506, 2.6346840858459473, 2.6807193756103516, 2.710096836090088]",
2026-03-10T12:01:40Z,57c2449ca649,trial,7,ok,2.484551191329956,graph,clip_dino,0.5064226245598669,0.49357737544013314,,,,0.007045463828381569,18,0.3460148911525001,0.49291435915240206,1e-06,25,2.484551191329956,2.484551191329956,2.103666067123413,0.529384434223175,"[1.6256506443023682, 1.642560362815857, 1.7068500518798828, 1.7679193019866943, 1.7950901985168457, 1.8452937602996826, 1.8841421604156494, 1.9259642362594604, 1.9753875732421875, 1.9937622547149658, 2.0719287395477295, 2.131371021270752, 2.167055130004883, 2.192274332046509, 2.2137560844421387, 2.2497408390045166, 2.2898168563842773, 2.3244757652282715, 2.341097593307495, 2.345435857772827, 2.348109245300293, 2.3886687755584717, 2.4210355281829834, 2.459713935852051, 2.484551191329956]",
2026-03-10T12:01:42Z,57c2449ca649,trial,8,ok,2.6740641593933105,graph,clip_dino,0.8519430885671622,0.14805691143283783,,,,0.002101248678046875,4,0.4447974853683111,0.14588237412023194,1e-06,25,2.6740641593933105,2.6740641593933105,2.241197347640991,1.0416622161865234,"[1.6256505250930786, 1.6477432250976562, 1.7315059900283813, 1.8192126750946045, 1.8473165035247803, 1.9233745336532593, 1.9930930137634277, 2.0316429138183594, 2.1316561698913574, 2.139742136001587, 2.2488350868225098, 2.3087520599365234, 2.3303656578063965, 2.338494300842285, 2.3711001873016357, 2.4191153049468994, 2.495710849761963, 2.509763717651367, 2.5482301712036133, 2.5282299518585205, 2.521855592727661, 2.5744428634643555, 2.607511281967163, 2.662527561187744, 2.6740641593933105]",
2026-03-10T12:01:44Z,57c2449ca649,trial,9,ok,2.0261616706848145,graph,clip_dino,0.26210137782928977,0.7378986221707102,,,,0.010989164673818972,25,16.733873395906283,0.0767158054579591,1e-06,25,2.0261616706848145,2.0261616706848145,1.8345019817352295,0.07725312560796738,"[1.6256506443023682, 1.6306300163269043, 1.6455373764038086, 1.6682201623916626, 1.687362551689148, 1.7057344913482666, 1.725327730178833, 1.7507284879684448, 1.7704014778137207, 1.7883036136627197, 1.8073103427886963, 1.8354768753051758, 1.8552651405334473, 1.867729663848877, 1.8880510330200195, 1.9066438674926758, 1.9159467220306396, 1.928136944770813, 1.9392879009246826, 1.9484503269195557, 1.9526443481445312, 1.9790141582489014, 1.9993667602539062, 2.0151662826538086, 2.0261616706848145]",
2026-03-10T12:01:46Z,57c2449ca649,trial,10,ok,1.8048804998397827,graph,clip_dino,0.11989294036329606,0.880107059636704,,,,0.041830637404927186,10,37.913114788337786,0.2591496588118704,1e-06,25,1.8048804998397827,1.8048804998397827,1.7173285484313965,0.08979467302560806,"[1.6256505250930786, 1.6312341690063477, 1.6363123655319214, 1.6447123289108276, 1.6530121564865112, 1.6598896980285645, 1.6674035787582397, 1.6776409149169922, 1.6852636337280273, 1.6951489448547363, 1.7047297954559326, 1.719317078590393, 1.7269368171691895, 1.7319858074188232, 1.741091251373291, 1.746936321258545, 1.7516454458236694, 1.7561345100402832, 1.7607908248901367, 1.768383502960205, 1.769576072692871, 1.7831236124038696, 1.7919225692749023, 1.7994894981384277, 1.8048804998397827]",
2026-03-10T12:01:48Z,57c2449ca649,trial,11,ok,2.765308380126953,graph,clip_dino,0.6724691299047683,0.32753087009523174,,,,0.0005810340432740875,22,1.229566594676987,0.20250887719822971,1e-06,25,2.765308380126953,2.765308380126953,2.2635693550109863,0.27768808603286743,"[1.6256506443023682, 1.6375486850738525, 1.708071231842041, 1.798140525817871, 1.8384010791778564, 1.9126904010772705, 1.9669523239135742, 2.0294902324676514, 2.0996146202087402, 2.125215530395508, 2.22039532661438, 2.3036279678344727, 2.355029344558716, 2.3853554725646973, 2.41434907913208, 2.4684629440307617, 2.5128653049468994, 2.5671088695526123, 2.5854477882385254, 2.592346429824829, 2.5955817699432373, 2.6509971618652344, 2.6921095848083496, 2.7384729385375977, 2.765308380126953]",
2026-03-10T12:01:50Z,57c2449ca649,trial,12,ok,2.775322914123535,graph,clip_dino,0.6123124690131986,0.3876875309868014,,,,0.0005411653671724418,23,4.583368926886107,0.3074156399155716,1e-06,25,2.775322914123535,2.775322914123535,2.2705576419830322,0.14225776493549347,"[1.6256506443023682, 1.6377108097076416, 1.7027567625045776, 1.7984869480133057, 1.843793272972107, 1.920230746269226, 1.9750778675079346, 2.042536973953247, 2.1161885261535645, 2.144536018371582, 2.227066993713379, 2.309502124786377, 2.360200881958008, 2.390564441680908, 2.422926187515259, 2.4756898880004883, 2.514585256576538, 2.572157144546509, 2.5920321941375732, 2.600564479827881, 2.6036133766174316, 2.660243511199951, 2.7032463550567627, 2.7492551803588867, 2.775322914123535]",
2026-03-10T12:01:52Z,57c2449ca649,trial,13,ok,2.475907325744629,graph,clip_dino,0.6781721054178173,0.32182789458218275,,,,0.0006381069864990534,24,0.798675189412766,1.2557036967561035,1e-06,25,2.475907325744629,2.475907325744629,2.08677339553833,0.3038548231124878,"[1.6256506443023682, 1.6412625312805176, 1.7019315958023071, 1.7553505897521973, 1.7825775146484375, 1.8283751010894775, 1.866804838180542, 1.9067540168762207, 1.952194094657898, 1.9733991622924805, 2.0420403480529785, 2.1010074615478516, 2.1364049911499023, 2.1595921516418457, 2.1868739128112793, 2.224745750427246, 2.2657580375671387, 2.3042683601379395, 2.326040267944336, 2.3316667079925537, 2.3388829231262207, 2.3784241676330566, 2.4134089946746826, 2.4500155448913574, 2.475907325744629]",
2026-03-10T12:01:54Z,57c2449ca649,trial,14,ok,2.7326159477233887,graph,clip_dino,0.6162992734569563,0.38370072654304366,,,,0.0005713403371360881,25,8.023757547992338,0.34239850462201876,1e-06,25,2.7326159477233887,2.7326159477233887,2.239915609359741,0.10365387052297592,"[1.6256506443023682, 1.6387531757354736, 1.6955358982086182, 1.7878925800323486, 1.8326237201690674, 1.9038653373718262, 1.956046223640442, 2.021052360534668, 2.092118740081787, 2.1220474243164062, 2.1938982009887695, 2.271973133087158, 2.3199150562286377, 2.347691059112549, 2.381822109222412, 2.433980703353882, 2.469423294067383, 2.525296688079834, 2.5448131561279297, 2.5556397438049316, 2.560628890991211, 2.6174941062927246, 2.660055637359619, 2.707052230834961, 2.7326159477233887]",
2026-03-10T12:01:56Z,57c2449ca649,trial,15,ok,2.510730266571045,graph,clip_dino,0.7116187527168216,0.2883812472831784,,,,0.0014459200163617191,21,0.9260294720733693,1.1203061317909764,1e-06,25,2.510730266571045,2.510730266571045,2.112657308578491,0.3058813214302063,"[1.625650405883789, 1.6384034156799316, 1.70498788356781, 1.76814866065979, 1.795151948928833, 1.8445935249328613, 1.887571096420288, 1.9294016361236572, 1.9769246578216553, 1.996280312538147, 2.0748140811920166, 2.1353368759155273, 2.173574447631836, 2.197951316833496, 2.2193946838378906, 2.2587544918060303, 2.30260968208313, 2.342416763305664, 2.3600001335144043, 2.36362361907959, 2.3694875240325928, 2.4115421772003174, 2.4459543228149414, 2.4831290245056152, 2.510730266571045]",
2026-03-10T12:01:57Z,57c2449ca649,trial,16,ok,2.71536922454834,graph,clip_dino,0.5541479021972413,0.4458520978027587,,,,0.0005088852260175082,28,3.296499845234185,0.09485203455571006,1e-06,25,2.71536922454834,2.71536922454834,2.222914695739746,0.151638925075531,"[1.6256505250930786, 1.6367276906967163, 1.6852384805679321, 1.777252197265625, 1.8233578205108643, 1.8901245594024658, 1.9386703968048096, 2.0040535926818848, 2.0737576484680176, 2.1057798862457275, 2.1686079502105713, 2.2441749572753906, 2.2907798290252686, 2.3237757682800293, 2.3621015548706055, 2.4127488136291504, 2.450047016143799, 2.50478458404541, 2.525022506713867, 2.5377721786499023, 2.5469396114349365, 2.5996294021606445, 2.640530824661255, 2.689972400665283, 2.71536922454834]",
2026-03-10T12:02:00Z,57c2449ca649,trial,17,ok,2.330688953399658,graph,clip_dino,0.7339039084306375,0.26609609156936254,,,,0.02926550732417287,18,0.12681858073713076,0.40701272560379154,1e-06,25,2.330688953399658,2.330688953399658,2.0155718326568604,0.7960403561592102,"[1.6256505250930786, 1.645156979560852, 1.7039252519607544, 1.747465968132019, 1.7704815864562988, 1.8099817037582397, 1.8425425291061401, 1.8749879598617554, 1.9137171506881714, 1.9324194192886353, 1.9862158298492432, 2.0297398567199707, 2.059144973754883, 2.074948787689209, 2.097409725189209, 2.126631498336792, 2.159506320953369, 2.1904239654541016, 2.2042362689971924, 2.210832357406616, 2.217771291732788, 2.2501468658447266, 2.277926445007324, 2.3073456287384033, 2.330688953399658]",
2026-03-10T12:02:02Z,57c2449ca649,trial,18,ok,2.6394381523132324,graph,clip_dino,0.40775427661178676,0.5922457233882132,,,,0.0018594334365665975,22,8.915868783351419,0.7783066046044703,1e-06,25,2.6394381523132324,2.6394381523132324,2.183624505996704,0.10580236464738846,"[1.6256505250930786, 1.6404345035552979, 1.6906551122665405, 1.7681857347488403, 1.8102918863296509, 1.8703150749206543, 1.9189242124557495, 1.9768978357315063, 2.0363264083862305, 2.0633761882781982, 2.1378087997436523, 2.2147350311279297, 2.2595558166503906, 2.2881662845611572, 2.3199400901794434, 2.3646397590637207, 2.3980295658111572, 2.443723678588867, 2.462056875228882, 2.473816394805908, 2.4773337841033936, 2.5288209915161133, 2.567871570587158, 2.613615036010742, 2.6394381523132324]",
2026-03-10T12:02:05Z,57c2449ca649,trial,19,ok,2.863844633102417,graph,clip_dino,0.5950958884511817,0.40490411154881834,,,,0.0008349966198233644,15,1.4954567236956826,0.24798616861291786,1e-06,25,2.863844633102417,2.863844633102417,2.341632843017578,0.3071639835834503,"[1.625650405883789, 1.6349984407424927, 1.721132755279541, 1.8340373039245605, 1.8734066486358643, 1.9612199068069458, 2.025745391845703, 2.089512825012207, 2.1719064712524414, 2.190488338470459, 2.3297481536865234, 2.4200210571289062, 2.4672741889953613, 2.491931676864624, 2.5169620513916016, 2.575186252593994, 2.6271445751190186, 2.677468776702881, 2.693721055984497, 2.691523551940918, 2.6838159561157227, 2.7479679584503174, 2.78897762298584, 2.8371338844299316, 2.863844633102417]",
2026-03-10T12:02:07Z,57c2449ca649,trial,20,ok,2.8368067741394043,graph,clip_dino,0.5893024674693228,0.4106975325306772,,,,0.002723838957179646,15,0.5119796822122896,0.10453538074079013,1e-06,25,2.8368067741394043,2.8368067741394043,2.323395013809204,0.5227821469306946,"[1.6256505250930786, 1.6351368427276611, 1.7204099893569946, 1.8288575410842896, 1.8665696382522583, 1.9506890773773193, 2.0131688117980957, 2.0745508670806885, 2.15408992767334, 2.172264337539673, 2.3106014728546143, 2.399228096008301, 2.4449503421783447, 2.4693405628204346, 2.4931390285491943, 2.549896478652954, 2.6033859252929688, 2.652092218399048, 2.669003486633301, 2.666471242904663, 2.658079147338867, 2.720583438873291, 2.7611517906188965, 2.8087615966796875, 2.8368067741394043]",
2026-03-10T12:02:10Z,57c2449ca649,trial,21,ok,2.8390166759490967,graph,clip_dino,0.5687055535673686,0.4312944464326314,,,,0.0028106500841494,15,0.5174943214876173,0.1079236608020499,1e-06,25,2.8390166759490967,2.8390166759490967,2.3254706859588623,0.5200106501579285,"[1.6256505250930786, 1.6344102621078491, 1.7185628414154053, 1.8260606527328491, 1.8638081550598145, 1.949747920036316, 2.012044906616211, 2.0772461891174316, 2.1565799713134766, 2.1756844520568848, 2.314265727996826, 2.402677297592163, 2.4478845596313477, 2.474547863006592, 2.4984207153320312, 2.5528790950775146, 2.607975959777832, 2.6548655033111572, 2.671818256378174, 2.6706299781799316, 2.66257905960083, 2.723715305328369, 2.7643802165985107, 2.8113155364990234, 2.8390166759490967]",
2026-03-10T12:02:13Z,57c2449ca649,trial,22,ok,2.907470941543579,graph,clip_dino,0.5728065261570029,0.4271934738429971,,,,0.003343926775292271,15,0.47483774004658713,0.0502173154988211,1e-06,25,2.907470941543579,2.907470941543579,2.3708159923553467,0.5497899055480957,"[1.6256506443023682, 1.634047269821167, 1.7193137407302856, 1.8402955532073975, 1.88302743434906, 1.9765310287475586, 2.043215274810791, 2.1156506538391113, 2.2033958435058594, 2.2249748706817627, 2.359677314758301, 2.4523916244506836, 2.5023138523101807, 2.5287585258483887, 2.5548906326293945, 2.614426374435425, 2.6655750274658203, 2.719547748565674, 2.734389305114746, 2.7345352172851562, 2.7254228591918945, 2.791476011276245, 2.832658290863037, 2.880767345428467, 2.907470941543579]",
2026-03-10T12:02:16Z,57c2449ca649,trial,23,ok,2.7869255542755127,graph,clip_dino,0.4964264275390727,0.5035735724609274,,,,0.0044097566432976815,15,0.23533305310988764,0.06618387251666705,1e-06,25,2.7869255542755127,2.7869255542755127,2.291822910308838,0.762968122959137,"[1.625650405883789, 1.636182188987732, 1.7146862745285034, 1.8188389539718628, 1.8544100522994995, 1.929789423942566, 1.9876737594604492, 2.047940731048584, 2.1219091415405273, 2.1409099102020264, 2.273602247238159, 2.357308864593506, 2.404737710952759, 2.4352951049804688, 2.457859516143799, 2.510500431060791, 2.5651440620422363, 2.609109401702881, 2.626948833465576, 2.6243715286254883, 2.6167659759521484, 2.673884391784668, 2.713491678237915, 2.7616324424743652, 2.7869255542755127]",
2026-03-10T12:02:19Z,57c2449ca649,trial,24,ok,3.0121853351593018,graph,clip_dino,0.5420632859809738,0.45793671401902625,,,,0.0047335699289428644,8,0.6302571983067431,0.05510956069999806,1e-06,25,3.0121853351593018,3.0121853351593018,2.4479405879974365,0.6725687384605408,"[1.6256505250930786, 1.6472666263580322, 1.734234094619751, 1.8746196031570435, 1.9135310649871826, 2.018480062484741, 2.0980958938598633, 2.171729564666748, 2.273240566253662, 2.2861499786376953, 2.482394218444824, 2.5835211277008057, 2.628932237625122, 2.632294178009033, 2.645704507827759, 2.7143611907958984, 2.7854366302490234, 2.8295249938964844, 2.8432440757751465, 2.807194709777832, 2.799971103668213, 2.8823161125183105, 2.922895908355713, 2.985546827316284, 3.0121853351593018]",
2026-03-10T12:02:22Z,57c2449ca649,trial,25,ok,3.003448963165283,graph,clip_dino,0.3713887984888403,0.6286112015111597,,,,0.015524349308345937,7,0.8641242931946578,0.052170064419714675,1e-06,25,3.003448963165283,3.003448963165283,2.439694881439209,0.6230624914169312,"[1.625650405883789, 1.6384551525115967, 1.721879005432129, 1.8503782749176025, 1.8976874351501465, 2.002258777618408, 2.0848917961120605, 2.1540231704711914, 2.2579569816589355, 2.2784013748168945, 2.4729812145233154, 2.582176923751831, 2.6277194023132324, 2.6486082077026367, 2.6605491638183594, 2.708367347717285, 2.779805898666382, 2.814204216003418, 2.827263116836548, 2.814566135406494, 2.799159049987793, 2.864391565322876, 2.902254581451416, 2.975295066833496, 3.003448963165283]",
2026-03-10T12:02:25Z,57c2449ca649,trial,26,ok,2.93253755569458,graph,clip_dino,0.3941206951000852,0.6058793048999148,,,,0.0187302275084956,8,0.7435308865505769,0.0529959583721937,1e-06,25,2.93253755569458,2.93253755569458,2.4007558822631836,0.6221179962158203,"[1.6256506443023682, 1.643086314201355, 1.7241857051849365, 1.8584280014038086, 1.9012962579727173, 1.992154836654663, 2.0637388229370117, 2.132976770401001, 2.2284598350524902, 2.2450404167175293, 2.430809259414673, 2.525975227355957, 2.569741725921631, 2.5863771438598633, 2.6026391983032227, 2.658050775527954, 2.725904941558838, 2.7605020999908447, 2.772876262664795, 2.755401134490967, 2.7368996143341064, 2.802323341369629, 2.841778039932251, 2.9020607471466064, 2.93253755569458]",
2026-03-10T12:02:28Z,57c2449ca649,trial,27,ok,2.9865293502807617,graph,clip_dino,0.3715793112594681,0.6284206887405319,,,,0.017175247898857958,7,0.7715920820710477,0.05329792185206635,1e-06,25,2.9865293502807617,2.9865293502807617,2.427766799926758,0.6574150323867798,"[1.6256506443023682, 1.6385109424591064, 1.721206784248352, 1.846536636352539, 1.892669439315796, 1.99473237991333, 2.0759589672088623, 2.143348217010498, 2.2452313899993896, 2.26517391204834, 2.45945405960083, 2.5677902698516846, 2.6122608184814453, 2.6334609985351562, 2.6447160243988037, 2.6916685104370117, 2.7650089263916016, 2.798093795776367, 2.8118531703948975, 2.7989554405212402, 2.7837748527526855, 2.847877025604248, 2.8856258392333984, 2.9580793380737305, 2.9865293502807617]",
2026-03-10T12:02:31Z,57c2449ca649,trial,28,ok,2.4583864212036133,graph,clip_dino,0.21098422682659157,0.7890157731734084,,,,0.016859114209935258,7,0.2725828434472376,0.13746871562578855,1e-06,25,2.4583864212036133,2.4583864212036133,2.0981075763702393,0.9854392409324646,"[1.6256505250930786, 1.6401320695877075, 1.6972522735595703, 1.7719426155090332, 1.8048725128173828, 1.843106746673584, 1.8804826736450195, 1.9118691682815552, 1.9753906726837158, 2.0009751319885254, 2.078486919403076, 2.154665231704712, 2.1943209171295166, 2.206977367401123, 2.2162322998046875, 2.242191791534424, 2.2954392433166504, 2.3156790733337402, 2.322585105895996, 2.3260560035705566, 2.3201050758361816, 2.3553032875061035, 2.3793649673461914, 2.435224771499634, 2.4583864212036133]",
2026-03-10T12:02:34Z,57c2449ca649,trial,29,ok,2.5514883995056152,graph,clip_dino,0.3256345030997357,0.6743654969002644,,,,0.025660971903410212,7,0.15984617533172935,0.09379451771233031,1e-06,25,2.5514883995056152,2.5514883995056152,2.157374620437622,1.2707982063293457,"[1.6256505250930786, 1.6431593894958496, 1.7095327377319336, 1.7854561805725098, 1.8131794929504395, 1.8695635795593262, 1.9134604930877686, 1.954862356185913, 2.0210022926330566, 2.039240598678589, 2.152587413787842, 2.229696035385132, 2.2617666721343994, 2.277132987976074, 2.294565200805664, 2.3200316429138184, 2.3797948360443115, 2.3992104530334473, 2.417654275894165, 2.4129600524902344, 2.4089202880859375, 2.4523284435272217, 2.4750373363494873, 2.5260839462280273, 2.5514883995056152]",
2026-03-10T12:02:37Z,57c2449ca649,trial,30,ok,2.772944450378418,graph,clip_dino,0.23824035333603816,0.7617596466639618,,,,0.010872952056137164,10,2.630003278931346,0.07448869238433135,1e-06,25,2.772944450378418,2.772944450378418,2.296703338623047,0.2967831492424011,"[1.625650405883789, 1.6424144506454468, 1.6985554695129395, 1.8239554166793823, 1.8725216388702393, 1.946814775466919, 2.0049023628234863, 2.061931848526001, 2.1444575786590576, 2.1763527393341064, 2.298762321472168, 2.387300491333008, 2.4392848014831543, 2.457575798034668, 2.472838878631592, 2.5176544189453125, 2.5597023963928223, 2.601442813873291, 2.605602741241455, 2.6103131771087646, 2.6024439334869385, 2.659409523010254, 2.6903152465820312, 2.744431972503662, 2.772944450378418]",
2026-03-10T12:02:41Z,57c2449ca649,trial,31,ok,2.9959583282470703,graph,clip_dino,0.3838356689520761,0.6161643310479239,,,,0.017532986178522923,7,0.8043911805304963,0.05535407211503573,1e-06,25,2.9959583282470703,2.9959583282470703,2.4286136627197266,0.6442158222198486,"[1.6256506443023682, 1.6365383863449097, 1.7183330059051514, 1.847674012184143, 1.8933229446411133, 1.9911919832229614, 2.072117805480957, 2.1399741172790527, 2.2415292263031006, 2.2602930068969727, 2.4549026489257812, 2.563732862472534, 2.6074142456054688, 2.6290524005889893, 2.639341354370117, 2.6957850456237793, 2.7693543434143066, 2.8023762702941895, 2.8161606788635254, 2.8025286197662354, 2.7929186820983887, 2.8569564819335938, 2.894728660583496, 2.967501640319824, 2.9959583282470703]",
2026-03-10T12:02:44Z,57c2449ca649,trial,32,ok,3.066359519958496,graph,clip_dino,0.3912430170247068,0.6087569829752932,,,,0.0074993028786634434,6,1.038377713772497,0.05803368421949819,1e-06,25,3.066359519958496,3.066359519958496,2.4823808670043945,0.6165750026702881,"[1.6256505250930786, 1.6429530382156372, 1.7313936948776245, 1.8607351779937744, 1.908096432685852, 2.023174285888672, 2.116849899291992, 2.1872000694274902, 2.299612045288086, 2.317686080932617, 2.5149807929992676, 2.6360530853271484, 2.68274188041687, 2.6981377601623535, 2.7094779014587402, 2.767961025238037, 2.8434300422668457, 2.874931573867798, 2.885991096496582, 2.8655731678009033, 2.8601179122924805, 2.9302382469177246, 2.965102195739746, 3.0450727939605713, 3.066359519958496]",
2026-03-10T12:02:47Z,57c2449ca649,trial,33,ok,2.9093358516693115,graph,clip_dino,0.439371533900797,0.560628466099203,,,,0.00919866023947719,5,1.1659056870446662,0.12329944225936958,1e-06,25,2.9093358516693115,2.9093358516693115,2.385533094406128,0.6341235637664795,"[1.6256506443023682, 1.6353371143341064, 1.7141833305358887, 1.853501558303833, 1.8959040641784668, 1.9949743747711182, 2.080393075942993, 2.146596908569336, 2.2518863677978516, 2.253068685531616, 2.401463270187378, 2.5032870769500732, 2.5373270511627197, 2.5442538261413574, 2.5595862865448, 2.612736701965332, 2.7009167671203613, 2.7289533615112305, 2.7543435096740723, 2.7246780395507812, 2.7177541255950928, 2.7814056873321533, 2.822791814804077, 2.887995719909668, 2.9093358516693115]",
2026-03-10T12:02:50Z,57c2449ca649,trial,34,ok,2.8842062950134277,graph,clip_dino,0.3176313976435188,0.6823686023564812,,,,0.00496101981620052,12,2.3749846981912883,0.07807061064990799,1e-06,25,2.8842062950134277,2.8842062950134277,2.3608524799346924,0.2811831533908844,"[1.6256506443023682, 1.6438734531402588, 1.7065322399139404, 1.8376076221466064, 1.8859243392944336, 1.9798794984817505, 2.04223370552063, 2.1094110012054443, 2.1931939125061035, 2.22212553024292, 2.349152088165283, 2.442281484603882, 2.4974653720855713, 2.528186321258545, 2.543872117996216, 2.6083333492279053, 2.6520724296569824, 2.7073380947113037, 2.7137084007263184, 2.7145514488220215, 2.706223964691162, 2.7639553546905518, 2.8064494132995605, 2.857086181640625, 2.8842062950134277]",
2026-03-10T12:02:53Z,57c2449ca649,trial,35,ok,2.242065191268921,graph,clip_dino,0.48931222398418195,0.510687776015818,,,,0.007920657114892055,12,0.6399208035820917,3.0090491101470773,1e-06,25,2.242065191268921,2.242065191268921,1.9673048257827759,0.3729049563407898,"[1.6256506443023682, 1.6478300094604492, 1.7000079154968262, 1.7315735816955566, 1.751559853553772, 1.7844467163085938, 1.809543251991272, 1.8368083238601685, 1.8725370168685913, 1.8930668830871582, 1.9373708963394165, 1.9758867025375366, 2.002307891845703, 2.018299102783203, 2.042278289794922, 2.066326379776001, 2.09690260887146, 2.1201696395874023, 2.1337502002716064, 2.1424331665039062, 2.1507060527801514, 2.1778292655944824, 2.1999964714050293, 2.223276138305664, 2.242065191268921]",
2026-03-10T12:02:57Z,57c2449ca649,trial,36,ok,2.9855613708496094,graph,clip_dino,0.44621081658581235,0.5537891834141877,,,,0.013239308623462384,9,1.1024462003593194,0.06856883200345698,1e-06,25,2.9855613708496094,2.9855613708496094,2.4321303367614746,0.4821484088897705,"[1.625650405883789, 1.6446702480316162, 1.7344903945922852, 1.8818116188049316, 1.9246125221252441, 2.019651174545288, 2.095212936401367, 2.1664397716522217, 2.2613720893859863, 2.2785050868988037, 2.4574317932128906, 2.552955389022827, 2.5998356342315674, 2.6153526306152344, 2.6332459449768066, 2.691582202911377, 2.752105712890625, 2.795908212661743, 2.80721378326416, 2.7916035652160645, 2.778747320175171, 2.8568103313446045, 2.8964896202087402, 2.955998420715332, 2.9855613708496094]",
2026-03-10T12:03:00Z,57c2449ca649,trial,37,ok,2.074960947036743,graph,clip_dino,0.2993050636061847,0.7006949363938153,,,,0.005788029320724267,4,0.3078939884644026,7.220371876357565,1e-06,25,2.074960947036743,2.074960947036743,1.8585646152496338,0.33957499265670776,"[1.6256505250930786, 1.6482113599777222, 1.6790482997894287, 1.6949827671051025, 1.7122904062271118, 1.7271246910095215, 1.7403266429901123, 1.7589298486709595, 1.7808517217636108, 1.803645133972168, 1.8218812942504883, 1.8413424491882324, 1.86090087890625, 1.8769503831863403, 1.9003043174743652, 1.9146099090576172, 1.938637137413025, 1.9641265869140625, 1.9760329723358154, 1.9930782318115234, 2.005455255508423, 2.0241522789001465, 2.0417520999908447, 2.0588645935058594, 2.074960947036743]",
2026-03-10T12:03:03Z,57c2449ca649,trial,38,ok,2.948295831680298,graph,clip_dino,0.36956111663972685,0.6304388833602732,,,,0.04958612433748891,6,1.7709225860782365,0.05109818891078693,1e-06,25,2.948295831680298,2.948295831680298,2.405597448348999,0.4876774549484253,"[1.625650405883789, 1.640061855316162, 1.7199525833129883, 1.839798927307129, 1.888126254081726, 1.9850026369094849, 2.075712203979492, 2.1448912620544434, 2.2400684356689453, 2.259572982788086, 2.4304418563842773, 2.5437023639678955, 2.591817617416382, 2.6124935150146484, 2.622143268585205, 2.6664657592773438, 2.7241547107696533, 2.7577157020568848, 2.7627367973327637, 2.744358539581299, 2.737788438796997, 2.8089468479156494, 2.8466720581054688, 2.923367977142334, 2.948295831680298]",
2026-03-10T12:03:07Z,57c2449ca649,trial,39,ok,2.616210460662842,graph,clip_dino,0.19863403540777802,0.801365964592222,,,,0.023665660825802255,13,0.2341296873518788,0.09010664312831494,1e-06,25,2.616210460662842,2.616210460662842,2.1776392459869385,0.812620997428894,"[1.6256506443023682, 1.6449496746063232, 1.6925146579742432, 1.7827210426330566, 1.814704418182373, 1.8679211139678955, 1.9076159000396729, 1.947239637374878, 2.006661891937256, 2.034205436706543, 2.1418380737304688, 2.219247817993164, 2.26648211479187, 2.2983641624450684, 2.328200340270996, 2.3605074882507324, 2.4052867889404297, 2.4375202655792236, 2.460214376449585, 2.4708504676818848, 2.470850944519043, 2.511075973510742, 2.5404052734375, 2.5897445678710938, 2.616210460662842]",
2026-03-10T12:03:10Z,57c2449ca649,trial,40,ok,2.694678783416748,graph,clip_dino,0.5245077740060857,0.4754922259939143,,,,0.0038431967918424394,9,0.3786019734201153,0.16018029112092155,1e-06,25,2.694678783416748,2.694678783416748,2.253146171569824,0.7586312294006348,"[1.6256506443023682, 1.6442185640335083, 1.731545329093933, 1.8329118490219116, 1.8624244928359985, 1.9305942058563232, 1.9891942739486694, 2.0390143394470215, 2.1058506965637207, 2.119493246078491, 2.2629921436309814, 2.3463382720947266, 2.3782269954681396, 2.3854079246520996, 2.3982362747192383, 2.44425106048584, 2.5100901126861572, 2.536769151687622, 2.5543036460876465, 2.5318307876586914, 2.527717113494873, 2.5870962142944336, 2.6199612617492676, 2.6698522567749023, 2.694678783416748]",
2026-03-10T12:03:13Z,57c2449ca649,trial,41,ok,2.963846206665039,graph,clip_dino,0.364621016356647,0.635378983643353,,,,0.014912000003922518,6,0.6532189151354367,0.05637739542549023,1e-06,25,2.963846206665039,2.963846206665039,2.4103243350982666,0.7668277621269226,"[1.625650405883789, 1.6396547555923462, 1.721536636352539, 1.8368985652923584, 1.881526231765747, 1.9736442565917969, 2.0618209838867188, 2.123351573944092, 2.223306655883789, 2.2431604862213135, 2.434642791748047, 2.5514981746673584, 2.592756748199463, 2.6189537048339844, 2.6275722980499268, 2.6704936027526855, 2.751232624053955, 2.773710012435913, 2.7850208282470703, 2.7660298347473145, 2.762877941131592, 2.8259122371673584, 2.861438035964966, 2.941572666168213, 2.963846206665039]",
2026-03-10T12:03:17Z,57c2449ca649,trial,42,ok,3.0049524307250977,graph,clip_dino,0.42194872349982016,0.5780512765001798,,,,0.020090369582539847,7,0.9421884923775463,0.06409609061985197,1e-06,25,3.0049524307250977,3.0049524307250977,2.437671184539795,0.5980549454689026,"[1.625650405883789, 1.6451882123947144, 1.7317357063293457, 1.8624634742736816, 1.9071253538131714, 2.006150007247925, 2.0884740352630615, 2.1571879386901855, 2.2570548057556152, 2.272575855255127, 2.467712163925171, 2.576888084411621, 2.6216375827789307, 2.637479782104492, 2.64892840385437, 2.7046139240264893, 2.7714004516601562, 2.804478406906128, 2.8198351860046387, 2.799391508102417, 2.7926526069641113, 2.86362886428833, 2.900902271270752, 2.97367262840271, 3.0049524307250977]",
2026-03-10T12:03:20Z,57c2449ca649,trial,43,ok,2.816378593444824,graph,clip_dino,0.4226728975571923,0.5773271024428077,,,,0.03163955831013828,11,1.0370266062076003,0.0695533160036176,1e-06,25,2.816378593444824,2.816378593444824,2.324645757675171,0.4499417841434479,"[1.625650405883789, 1.640660285949707, 1.7164807319641113, 1.8384884595870972, 1.8779791593551636, 1.962807536125183, 2.0285069942474365, 2.091805934906006, 2.1674141883850098, 2.1897659301757812, 2.329479217529297, 2.4202849864959717, 2.466292142868042, 2.4823107719421387, 2.498777151107788, 2.5532054901123047, 2.6003146171569824, 2.644615650177002, 2.653667688369751, 2.6478219032287598, 2.632791042327881, 2.7028050422668457, 2.740204095840454, 2.787637710571289, 2.816378593444824]",
2026-03-10T12:03:24Z,57c2449ca649,trial,44,ok,3.0183780193328857,graph,clip_dino,0.4755997978518584,0.5244002021481415,,,,0.009029768584644396,4,2.0502285217077167,0.12147027704107193,1e-06,25,3.0183780193328857,3.0183780193328857,2.465317964553833,0.5587795376777649,"[1.6256506443023682, 1.6410841941833496, 1.729643702507019, 1.898047924041748, 1.942862629890442, 2.059863567352295, 2.156982898712158, 2.2189273834228516, 2.3386199474334717, 2.3342409133911133, 2.514026165008545, 2.6005096435546875, 2.6299428939819336, 2.6442198753356934, 2.662790060043335, 2.7102723121643066, 2.8009426593780518, 2.8319153785705566, 2.86696457862854, 2.8155360221862793, 2.8019704818725586, 2.8707079887390137, 2.9159135818481445, 3.0029349327087402, 3.0183780193328857]",
2026-03-10T12:03:27Z,57c2449ca649,trial,45,ok,2.970155954360962,graph,clip_dino,0.4705053025037912,0.5294946974962088,,,,0.008502019588887997,4,1.4939182904571462,0.11348570334843894,1e-06,25,2.970155954360962,2.970155954360962,2.4332993030548096,0.6458102464675903,"[1.6256506443023682, 1.6413609981536865, 1.7293437719345093, 1.88457453250885, 1.926741123199463, 2.036954879760742, 2.1360394954681396, 2.193319082260132, 2.3083877563476562, 2.3049561977386475, 2.4756855964660645, 2.563136100769043, 2.590071678161621, 2.6046102046966553, 2.6223344802856445, 2.66823148727417, 2.7600998878479004, 2.785440444946289, 2.820830821990967, 2.77250337600708, 2.760519027709961, 2.8255786895751953, 2.8707504272460938, 2.955204486846924, 2.970155954360962]",
2026-03-10T12:03:30Z,57c2449ca649,trial,46,ok,2.9895970821380615,graph,clip_dino,0.5307840954848446,0.4692159045151554,,,,0.006339313939297688,5,2.099862766750113,0.19246937665758088,1e-06,25,2.9895970821380615,2.9895970821380615,2.4352192878723145,0.4768354296684265,"[1.6256506443023682, 1.6383204460144043, 1.7275207042694092, 1.8799128532409668, 1.921325445175171, 2.0148491859436035, 2.1070749759674072, 2.1696853637695312, 2.2829091548919678, 2.28131103515625, 2.460232734680176, 2.561307430267334, 2.5967111587524414, 2.609013080596924, 2.6259119510650635, 2.685333013534546, 2.773488998413086, 2.8024911880493164, 2.82971453666687, 2.7950615882873535, 2.784839630126953, 2.853738307952881, 2.895160675048828, 2.969320774078369, 2.9895970821380615]",
2026-03-10T12:03:34Z,57c2449ca649,trial,47,ok,2.9271178245544434,graph,clip_dino,0.4622979129887541,0.5377020870112459,,,,0.021731558717815697,8,3.114257864058613,0.08748944601787834,1e-06,25,2.9271178245544434,2.9271178245544434,2.397142171859741,0.31460848450660706,"[1.625650405883789, 1.6437021493911743, 1.7250099182128906, 1.858506441116333, 1.9033411741256714, 1.999603509902954, 2.075535535812378, 2.149637460708618, 2.243135929107666, 2.26137638092041, 2.4190516471862793, 2.515336751937866, 2.5622518062591553, 2.572549343109131, 2.590993881225586, 2.6533970832824707, 2.70227313041687, 2.7474465370178223, 2.7558302879333496, 2.738076686859131, 2.727639675140381, 2.7965402603149414, 2.8386895656585693, 2.8958616256713867, 2.9271178245544434]",
2026-03-10T12:03:37Z,57c2449ca649,trial,48,ok,2.7795286178588867,graph,clip_dino,0.2722515429144285,0.7277484570855715,,,,0.010218163941655806,9,4.694315100064185,0.13596252338600928,1e-06,25,2.7795286178588867,2.7795286178588867,2.3068578243255615,0.237257182598114,"[1.6256505250930786, 1.6428223848342896, 1.7029328346252441, 1.8266916275024414, 1.8733718395233154, 1.953805923461914, 2.0136780738830566, 2.071972370147705, 2.150057554244995, 2.1784281730651855, 2.3184022903442383, 2.4079878330230713, 2.45713472366333, 2.4742422103881836, 2.4908461570739746, 2.5366573333740234, 2.5809197425842285, 2.620387554168701, 2.621023178100586, 2.618894100189209, 2.6086325645446777, 2.668422222137451, 2.6980764865875244, 2.750880479812622, 2.7795286178588867]",
2026-03-10T12:03:40Z,57c2449ca649,trial,49,ok,2.6290040016174316,graph,clip_dino,0.6487383599774781,0.3512616400225219,,,,0.012604841116480327,6,1.552019157931663,0.6608559116445702,1e-06,25,2.6290040016174316,2.6290040016174316,2.206132411956787,0.45650696754455566,"[1.6256505250930786, 1.6466318368911743, 1.7264337539672852, 1.8124480247497559, 1.8374500274658203, 1.902451753616333, 1.9634251594543457, 2.008340358734131, 2.0757083892822266, 2.0840275287628174, 2.1902432441711426, 2.2801284790039062, 2.311418294906616, 2.320096731185913, 2.3349342346191406, 2.375579833984375, 2.446624517440796, 2.47548246383667, 2.4947104454040527, 2.4680328369140625, 2.4652490615844727, 2.5187878608703613, 2.551632881164551, 2.6088151931762695, 2.6290040016174316]",
2026-03-10T12:03:43Z,57c2449ca649,trial,50,ok,2.5608572959899902,graph,clip_dino,0.41710043471133695,0.582899565288663,,,,0.007480861411228318,32,1.249844685028255,0.07853277942362573,1e-06,25,2.5608572959899902,2.5608572959899902,2.128251552581787,0.23247475922107697,"[1.6256506443023682, 1.6414813995361328, 1.6815358400344849, 1.7471269369125366, 1.788307785987854, 1.8387210369110107, 1.8785390853881836, 1.930180311203003, 1.9856644868850708, 2.0172972679138184, 2.0717525482177734, 2.136240243911743, 2.179070472717285, 2.210723400115967, 2.2474942207336426, 2.291097640991211, 2.323535442352295, 2.3645737171173096, 2.384916305541992, 2.400852680206299, 2.4119338989257812, 2.4584970474243164, 2.493891716003418, 2.5363497734069824, 2.5608572959899902]",
2026-03-10T12:03:47Z,57c2449ca649,trial,51,ok,2.971364974975586,graph,clip_dino,0.384688469853573,0.6153115301464269,,,,0.03461539031257798,4,0.8854161274402537,0.060686601771420406,1e-06,25,2.971364974975586,2.971364974975586,2.434147357940674,0.8421657085418701,"[1.625650405883789, 1.6384086608886719, 1.7231709957122803, 1.872390627861023, 1.9134521484375, 2.0080888271331787, 2.115738868713379, 2.1877944469451904, 2.3091769218444824, 2.308899402618408, 2.475324869155884, 2.5737385749816895, 2.6093180179595947, 2.6128506660461426, 2.6350021362304688, 2.678494691848755, 2.763338327407837, 2.787261962890625, 2.8188061714172363, 2.7823662757873535, 2.7717642784118652, 2.8503623008728027, 2.87009859085083, 2.950821876525879, 2.971364974975586]",
2026-03-10T12:03:50Z,57c2449ca649,trial,52,ok,2.909358501434326,graph,clip_dino,0.3342520953934527,0.6657479046065473,,,,0.0053406327048598655,8,0.6168694699073872,0.06286527989955988,1e-06,25,2.909358501434326,2.909358501434326,2.384235143661499,0.6719847321510315,"[1.6256506443023682, 1.6418675184249878, 1.7135794162750244, 1.8453290462493896, 1.884544849395752, 1.9762763977050781, 2.0507781505584717, 2.1141357421875, 2.2062313556671143, 2.2281455993652344, 2.416337728500366, 2.509091377258301, 2.551154375076294, 2.5707859992980957, 2.589921712875366, 2.6340930461883545, 2.705423355102539, 2.7381157875061035, 2.750744104385376, 2.7385454177856445, 2.7218713760375977, 2.7838592529296875, 2.818725109100342, 2.8813095092773438, 2.909358501434326]",
2026-03-10T12:03:53Z,57c2449ca649,trial,53,ok,2.7816810607910156,graph,clip_dino,0.5333630327491691,0.4666369672508309,,,,0.01981082375318862,5,0.3821149174383288,0.08438715578323328,1e-06,25,2.7816810607910156,2.7816810607910156,2.3069584369659424,1.0563968420028687,"[1.625650405883789, 1.641311526298523, 1.7302868366241455, 1.8464510440826416, 1.88045334815979, 1.9550235271453857, 2.029754161834717, 2.078568935394287, 2.1721131801605225, 2.174865245819092, 2.3085756301879883, 2.4057505130767822, 2.435971260070801, 2.446882724761963, 2.463136672973633, 2.5104169845581055, 2.590327739715576, 2.612414836883545, 2.638089656829834, 2.6135754585266113, 2.606550455093384, 2.6632564067840576, 2.6994810104370117, 2.7633771896362305, 2.7816810607910156]",
2026-03-10T12:03:56Z,57c2449ca649,trial,54,ok,2.883129119873047,graph,clip_dino,0.4894537647445133,0.5105462352554867,,,,0.015406606132589052,10,3.5383719089158268,0.06373984993889036,1e-06,25,2.883129119873047,2.883129119873047,2.372713088989258,0.26131346821784973,"[1.625650405883789, 1.6403555870056152, 1.7195039987564087, 1.8534626960754395, 1.8982306718826294, 1.997673749923706, 2.0718088150024414, 2.1466734409332275, 2.230243682861328, 2.2501065731048584, 2.382331371307373, 2.478346586227417, 2.529359817504883, 2.540969133377075, 2.5613389015197754, 2.617237091064453, 2.6595675945281982, 2.70919132232666, 2.714895248413086, 2.70348858833313, 2.686088800430298, 2.762270927429199, 2.8021833896636963, 2.8537211418151855, 2.883129119873047]",
2026-03-10T12:04:00Z,57c2449ca649,trial,55,ok,2.968238353729248,graph,clip_dino,0.3531180290239499,0.64688197097605,,,,0.013710243206059727,6,2.166192265823045,0.10954380205783203,1e-06,25,2.968238353729248,2.968238353729248,2.414841890335083,0.4304831027984619,"[1.625650405883789, 1.6389265060424805, 1.7207001447677612, 1.8427114486694336, 1.8919026851654053, 1.984183430671692, 2.0612287521362305, 2.128687858581543, 2.229219436645508, 2.2516794204711914, 2.438504219055176, 2.554412603378296, 2.5994832515716553, 2.624417781829834, 2.636969566345215, 2.6821863651275635, 2.752786874771118, 2.781074047088623, 2.791851043701172, 2.772434711456299, 2.760082244873047, 2.8289308547973633, 2.8608946800231934, 2.943892002105713, 2.968238353729248]",
2026-03-10T12:04:03Z,57c2449ca649,trial,56,ok,2.3544986248016357,graph,clip_dino,0.42292953068626404,0.577070469313736,,,,0.00891047106856654,11,1.3243653948501062,2.4187899189189546,1e-06,25,2.3544986248016357,2.3544986248016357,2.038149356842041,0.3223370313644409,"[1.6256506443023682, 1.646586298942566, 1.7070140838623047, 1.7553114891052246, 1.776810646057129, 1.819296956062317, 1.8537144660949707, 1.8863321542739868, 1.9285050630569458, 1.9479999542236328, 2.0189168453216553, 2.072162628173828, 2.101776361465454, 2.1134862899780273, 2.1314659118652344, 2.160460948944092, 2.199537754058838, 2.2219977378845215, 2.2366549968719482, 2.239283561706543, 2.242525100708008, 2.2783889770507812, 2.303164005279541, 2.332195281982422, 2.3544986248016357]",
2026-03-10T12:04:05Z,57c2449ca649,trial,57,ok,2.666609287261963,graph,clip_dino,0.4532040050120272,0.5467959949879728,,,,0.004259794916449023,29,0.55761330717731,0.05000633983856993,1e-06,25,2.666609287261963,2.666609287261963,2.193861484527588,0.360902339220047,"[1.6256505250930786, 1.6401605606079102, 1.6910226345062256, 1.7702996730804443, 1.813812255859375, 1.872638463973999, 1.918643832206726, 1.9754064083099365, 2.039886951446533, 2.071896553039551, 2.138106346130371, 2.2119271755218506, 2.2567243576049805, 2.2917919158935547, 2.328213930130005, 2.3762097358703613, 2.414091110229492, 2.462519884109497, 2.483842372894287, 2.4970948696136475, 2.507765293121338, 2.5560922622680664, 2.5944604873657227, 2.641671657562256, 2.666609287261963]",
2026-03-10T12:04:08Z,57c2449ca649,trial,58,ok,2.7754409313201904,graph,clip_dino,0.3095450674227209,0.6904549325772791,,,,0.006803258422916984,8,0.9271052390085206,0.16921682036393249,1e-06,25,2.7754409313201904,2.7754409313201904,2.2961435317993164,0.5381970405578613,"[1.625650405883789, 1.6417720317840576, 1.7093853950500488, 1.8205339908599854, 1.8540860414505005, 1.928044319152832, 1.9887909889221191, 2.041445016860962, 2.1220760345458984, 2.1422815322875977, 2.3126378059387207, 2.401454448699951, 2.4474828243255615, 2.46490740776062, 2.4820780754089355, 2.521477699279785, 2.5863664150238037, 2.6113178730010986, 2.624946117401123, 2.613480806350708, 2.600614070892334, 2.6533780097961426, 2.686722993850708, 2.747223377227783, 2.7754409313201904]",
2026-03-10T12:04:11Z,57c2449ca649,trial,59,ok,2.823906421661377,graph,clip_dino,0.40416804498937037,0.5958319550106297,,,,0.026433003454407918,7,1.7965398456059543,0.2282515538219764,1e-06,25,2.823906421661377,2.823906421661377,2.3218984603881836,0.42905110120773315,"[1.6256505250930786, 1.6453163623809814, 1.7240126132965088, 1.8287675380706787, 1.866611361503601, 1.9472841024398804, 2.01635479927063, 2.07308292388916, 2.1568613052368164, 2.1708474159240723, 2.338322162628174, 2.4362528324127197, 2.4750375747680664, 2.491147518157959, 2.4988532066345215, 2.547006130218506, 2.614281177520752, 2.640385866165161, 2.657186985015869, 2.6365160942077637, 2.627578020095825, 2.689692735671997, 2.725827693939209, 2.790679454803467, 2.823906421661377]",
2026-03-10T12:04:13Z,57c2449ca649,trial,60,ok,2.6998448371887207,graph,clip_dino,0.2849468836774127,0.7150531163225873,,,,0.011524305038354509,5,0.44691881278218565,0.09777894922005784,1e-06,25,2.6998448371887207,2.6998448371887207,2.2472851276397705,0.9705708026885986,"[1.6256506443023682, 1.6235568523406982, 1.7103047370910645, 1.786541223526001, 1.8204693794250488, 1.8863781690597534, 1.9515312910079956, 2.002105474472046, 2.096099853515625, 2.1182594299316406, 2.2433760166168213, 2.358926296234131, 2.391880512237549, 2.4112677574157715, 2.421332359313965, 2.4561054706573486, 2.531137704849243, 2.548482894897461, 2.5588576793670654, 2.5419812202453613, 2.533630847930908, 2.5822055339813232, 2.6056203842163086, 2.676583766937256, 2.6998448371887207]",
2026-03-10T12:04:16Z,57c2449ca649,trial,61,ok,2.877333879470825,graph,clip_dino,0.5343367525904442,0.4656632474095558,,,,0.005763709317786308,5,1.999101373660345,0.2969114458839495,1e-06,25,2.877333879470825,2.877333879470825,2.365614652633667,0.4760470688343048,"[1.6256506443023682, 1.6398978233337402, 1.729633092880249, 1.8624110221862793, 1.8995652198791504, 1.9823896884918213, 2.065471649169922, 2.1201906204223633, 2.222670555114746, 2.2228927612304688, 2.3783955574035645, 2.4776246547698975, 2.5092673301696777, 2.520982265472412, 2.536529064178467, 2.58944034576416, 2.674583911895752, 2.6993699073791504, 2.726341724395752, 2.696317672729492, 2.687363862991333, 2.7496469020843506, 2.7885992527008057, 2.8577966690063477, 2.877333879470825]",
2026-03-10T12:04:19Z,57c2449ca649,trial,62,ok,3.042703628540039,graph,clip_dino,0.5133280720483384,0.4866719279516616,,,,0.006097704256823745,4,3.747655080924518,0.18238748743656455,1e-06,25,3.042703628540039,3.042703628540039,2.478773832321167,0.41779983043670654,"[1.625650405883789, 1.640712857246399, 1.7277476787567139, 1.8966630697250366, 1.9393177032470703, 2.0547571182250977, 2.1548783779144287, 2.215459108352661, 2.338172197341919, 2.3327364921569824, 2.5259318351745605, 2.6201529502868652, 2.6536335945129395, 2.669417381286621, 2.687868595123291, 2.739887237548828, 2.830355644226074, 2.858269691467285, 2.894646167755127, 2.836367130279541, 2.8181087970733643, 2.8958992958068848, 2.9407615661621094, 3.0292515754699707, 3.042703628540039]",
2026-03-10T12:04:21Z,57c2449ca649,trial,63,ok,3.289130687713623,graph,clip_dino,0.6240536782699473,0.3759463217300527,,,,0.0101093554789998,4,3.776322592934898,0.06233221985978191,1e-06,25,3.289130687713623,3.289130687713623,2.641914129257202,0.4321838319301605,"[1.6256505250930786, 1.646632194519043, 1.7331128120422363, 1.9350343942642212, 1.9832661151885986, 2.149183750152588, 2.2818546295166016, 2.3626749515533447, 2.5057501792907715, 2.4936509132385254, 2.698627471923828, 2.7993178367614746, 2.8425512313842773, 2.843517541885376, 2.8776957988739014, 2.96856689453125, 3.0438733100891113, 3.1034982204437256, 3.1410369873046875, 3.0706729888916016, 3.05039644241333, 3.142091751098633, 3.186727285385132, 3.273343086242676, 3.289130687713623]",
2026-03-10T12:04:24Z,57c2449ca649,trial,64,ok,3.243809700012207,graph,clip_dino,0.6173988407292857,0.38260115927071425,,,,0.010314444421401845,4,6.4092891564229415,0.12220559208161745,1e-06,25,3.243809700012207,3.243809700012207,2.6098248958587646,0.3324783444404602,"[1.625650405883789, 1.647159218788147, 1.731183648109436, 1.9238308668136597, 1.9718406200408936, 2.130002975463867, 2.258653163909912, 2.335282802581787, 2.4722771644592285, 2.4609711170196533, 2.662487268447876, 2.7627360820770264, 2.8039560317993164, 2.806589126586914, 2.837916851043701, 2.926015853881836, 3.00185489654541, 3.055492401123047, 3.093890905380249, 3.0258498191833496, 3.005471706390381, 3.0954298973083496, 3.140751838684082, 3.226518154144287, 3.243809700012207]",
2026-03-10T12:04:26Z,57c2449ca649,trial,65,ok,3.2444512844085693,graph,clip_dino,0.6311250309249793,0.3688749690750207,,,,0.009777820118154552,4,12.140192419960039,0.1283507672269311,1e-06,25,3.2444512844085693,3.2444512844085693,2.6210083961486816,0.2459298074245453,"[1.625650405883789, 1.648921012878418, 1.7387856245040894, 1.94025719165802, 1.9876539707183838, 2.1540894508361816, 2.284372329711914, 2.3659353256225586, 2.5005810260772705, 2.4897804260253906, 2.676811695098877, 2.7768664360046387, 2.8202505111694336, 2.819101333618164, 2.8514280319213867, 2.937809944152832, 3.0032126903533936, 3.066020965576172, 3.099842071533203, 3.025374412536621, 3.004232168197632, 3.0971832275390625, 3.1409945487976074, 3.225599527359009, 3.2444512844085693]",
2026-03-10T12:04:29Z,57c2449ca649,trial,66,ok,3.2494277954101562,graph,clip_dino,0.6169902217807691,0.3830097782192309,,,,0.009670112375790433,4,13.7097741723947,0.13016815923622696,1e-06,25,3.2494277954101562,3.2494277954101562,2.6200311183929443,0.2320874035358429,"[1.625650405883789, 1.6468429565429688, 1.7371182441711426, 1.9390807151794434, 1.98856782913208, 2.1525936126708984, 2.283148765563965, 2.3655710220336914, 2.497091770172119, 2.4858312606811523, 2.672058343887329, 2.771967649459839, 2.8175220489501953, 2.8174638748168945, 2.8497564792633057, 2.9367361068725586, 3.0009756088256836, 3.060642719268799, 3.0939793586730957, 3.027561902999878, 3.0063586235046387, 3.0996437072753906, 3.1451640129089355, 3.230026960372925, 3.2494277954101562]",
2026-03-10T12:04:32Z,57c2449ca649,trial,67,ok,3.1904516220092773,graph,clip_dino,0.631277027088193,0.368722972911807,,,,0.009813038481404945,4,13.96395325362543,0.21749840382280727,1e-06,25,3.1904516220092773,3.1904516220092773,2.5795254707336426,0.2286253422498703,"[1.6256506443023682, 1.649048089981079, 1.734025239944458, 1.922094702720642, 1.967055320739746, 2.1218433380126953, 2.247457504272461, 2.3225345611572266, 2.4522812366485596, 2.4417805671691895, 2.630018711090088, 2.729506015777588, 2.768899917602539, 2.7706243991851807, 2.7996716499328613, 2.8834147453308105, 2.9522361755371094, 3.009462594985962, 3.045595645904541, 2.973118543624878, 2.9521560668945312, 3.0421066284179688, 3.0866243839263916, 3.1704821586608887, 3.1904516220092773]",
2026-03-10T12:04:34Z,57c2449ca649,trial,68,ok,3.0721707344055176,graph,clip_dino,0.7545053356606564,0.24549466433934364,,,,0.010336341757781475,4,13.478764096270117,0.45149406545348253,1e-06,25,3.0721707344055176,3.0721707344055176,2.5017523765563965,0.2306087613105774,"[1.6256505250930786, 1.644385814666748, 1.7430813312530518, 1.9048148393630981, 1.9456603527069092, 2.068014144897461, 2.1803297996520996, 2.2457547187805176, 2.372157096862793, 2.3683078289031982, 2.5525219440460205, 2.634397029876709, 2.6663670539855957, 2.6638851165771484, 2.694394111633301, 2.7785634994506836, 2.8570287227630615, 2.8918581008911133, 2.9398412704467773, 2.8754539489746094, 2.855787515640259, 2.9337754249572754, 2.9780385494232178, 3.0515758991241455, 3.0721707344055176]",
2026-03-10T12:04:36Z,57c2449ca649,trial,69,ok,3.034731864929199,graph,clip_dino,0.7747560901347199,0.2252439098652801,,,,0.01001984037285674,5,13.580790301243146,0.41961939897068246,1e-06,25,3.034731864929199,3.034731864929199,2.4854331016540527,0.20089900493621826,"[1.6256505250930786, 1.6442313194274902, 1.7393746376037598, 1.8984161615371704, 1.9363291263580322, 2.056462287902832, 2.1626245975494385, 2.2339391708374023, 2.3599162101745605, 2.354135036468506, 2.541985034942627, 2.631577491760254, 2.6735455989837646, 2.67325496673584, 2.691293716430664, 2.7604293823242188, 2.829895496368408, 2.877887725830078, 2.9091334342956543, 2.8354172706604004, 2.8122787475585938, 2.898625135421753, 2.94340181350708, 3.011289119720459, 3.034731864929199]",
2026-03-10T12:04:38Z,57c2449ca649,trial,70,ok,3.1084022521972656,graph,clip_dino,0.6302858309975672,0.3697141690024328,,,,0.007088261782559757,4,26.937619407436067,0.5450542081864719,1e-06,25,3.1084022521972656,3.1084022521972656,2.521324872970581,0.1648339480161667,"[1.6256505250930786, 1.6488546133041382, 1.7300423383712769, 1.9029943943023682, 1.9446903467178345, 2.08530855178833, 2.204383134841919, 2.272374391555786, 2.392498016357422, 2.3824589252471924, 2.564180850982666, 2.662029266357422, 2.6973371505737305, 2.7015981674194336, 2.7263221740722656, 2.8055038452148438, 2.8740978240966797, 2.925281286239624, 2.962630271911621, 2.8938777446746826, 2.8728299140930176, 2.959054470062256, 3.004354953765869, 3.086369514465332, 3.1084022521972656]",
2026-03-10T12:04:41Z,57c2449ca649,trial,71,ok,3.0257444381713867,graph,clip_dino,0.6447384104889301,0.3552615895110699,,,,0.007276495820211835,4,24.86674323138447,0.886077393544007,1e-06,25,3.0257444381713867,3.0257444381713867,2.4640297889709473,0.16888068616390228,"[1.625650405883789, 1.649090051651001, 1.7277984619140625, 1.884461522102356, 1.9227222204208374, 2.0479249954223633, 2.1604971885681152, 2.220792770385742, 2.3345301151275635, 2.325176239013672, 2.5031425952911377, 2.593855619430542, 2.623215913772583, 2.6300737857818604, 2.6511263847351074, 2.726674795150757, 2.8007678985595703, 2.8433828353881836, 2.883782148361206, 2.818204641342163, 2.7974629402160645, 2.8777122497558594, 2.9233124256134033, 3.003638505935669, 3.0257444381713867]",
2026-03-10T12:04:43Z,57c2449ca649,trial,72,ok,2.9189984798431396,graph,clip_dino,0.7071543977817426,0.2928456022182574,,,,0.012110999890677874,6,11.810040291970104,0.5210598734127583,1e-06,25,2.9189984798431396,2.9189984798431396,2.387744188308716,0.19201698899269104,"[1.6256506443023682, 1.6466667652130127, 1.7261152267456055, 1.872542142868042, 1.9065593481063843, 2.0026707649230957, 2.0926713943481445, 2.1588330268859863, 2.2443161010742188, 2.247220516204834, 2.4090380668640137, 2.5078139305114746, 2.5482993125915527, 2.552823066711426, 2.56693959236145, 2.6232447624206543, 2.687380313873291, 2.729994297027588, 2.753544807434082, 2.7059614658355713, 2.6897969245910645, 2.7687151432037354, 2.8195650577545166, 2.888240098953247, 2.9189984798431396]",
2026-03-10T12:04:45Z,57c2449ca649,trial,73,ok,3.1645188331604004,graph,clip_dino,0.8322150408101511,0.16778495918984893,,,,0.009844647864520278,4,6.352343059072017,0.23126527556889098,1e-06,25,3.1645188331604004,3.1645188331604004,2.5635805130004883,0.3308476209640503,"[1.625650405883789, 1.6454262733459473, 1.7467279434204102, 1.9180042743682861, 1.9611499309539795, 2.0977630615234375, 2.219913959503174, 2.2858424186706543, 2.423203945159912, 2.421257495880127, 2.63808536529541, 2.712308168411255, 2.74446964263916, 2.742274284362793, 2.7769999504089355, 2.86155104637146, 2.950688362121582, 2.9841673374176025, 3.027221202850342, 2.959679126739502, 2.9389870166778564, 3.024935007095337, 3.071099281311035, 3.1475911140441895, 3.1645188331604004]",
2026-03-10T12:04:47Z,57c2449ca649,trial,74,ok,3.042109489440918,graph,clip_dino,0.8238762468191206,0.17612375318087936,,,,0.010568580116051097,4,6.558110053301684,0.3961010077918143,1e-06,25,3.042109489440918,3.042109489440918,2.4810783863067627,0.3197143077850342,"[1.6256506443023682, 1.645787000656128, 1.7443480491638184, 1.8956998586654663, 1.9339414834976196, 2.0517547130584717, 2.16276216506958, 2.2184834480285645, 2.3426923751831055, 2.3407835960388184, 2.5395801067352295, 2.6115238666534424, 2.637887477874756, 2.6377413272857666, 2.669069290161133, 2.7460696697235107, 2.838118553161621, 2.8647851943969727, 2.9122090339660645, 2.8516178131103516, 2.832540273666382, 2.905808210372925, 2.9511802196502686, 3.024815082550049, 3.042109489440918]",
2026-03-10T12:04:50Z,57c2449ca649,trial,75,ok,3.0976271629333496,graph,clip_dino,0.8932559029782641,0.10674409702173593,,,,0.008223422813794524,5,23.470517877795725,0.27654171102603653,1e-06,25,3.0976271629333496,3.0976271629333496,2.5374627113342285,0.15600937604904175,"[1.625650405883789, 1.6471450328826904, 1.7494508028030396, 1.9243505001068115, 1.9642752408981323, 2.09985089302063, 2.2173686027526855, 2.2969770431518555, 2.427306652069092, 2.4265589714050293, 2.597771167755127, 2.6942179203033447, 2.740790843963623, 2.739152431488037, 2.766000986099243, 2.835155963897705, 2.890028953552246, 2.9323480129241943, 2.965057849884033, 2.890380859375, 2.8676795959472656, 2.9594528675079346, 3.007394790649414, 3.0745790004730225, 3.0976271629333496]",
2026-03-10T12:04:52Z,57c2449ca649,trial,76,ok,3.0854642391204834,graph,clip_dino,0.8637524940695164,0.13624750593048363,,,,0.008929513308209423,5,23.90156573995839,0.22302296263656468,1e-06,25,3.0854642391204834,3.0854642391204834,2.5273115634918213,0.1552017331123352,"[1.6256506443023682, 1.6441569328308105, 1.7413973808288574, 1.9159245491027832, 1.9573538303375244, 2.097015142440796, 2.213214874267578, 2.2941808700561523, 2.420914649963379, 2.417651653289795, 2.5831375122070312, 2.683159351348877, 2.7292275428771973, 2.7254555225372314, 2.752002239227295, 2.8200621604919434, 2.870850086212158, 2.918306827545166, 2.9497621059417725, 2.876251220703125, 2.853640556335449, 2.9496703147888184, 2.995957851409912, 3.0623791217803955, 3.0854642391204834]",
2026-03-10T12:04:55Z,57c2449ca649,trial,77,ok,2.1997523307800293,graph,clip_dino,0.6220453696580318,0.3779546303419682,,,,0.006711075790537508,17,35.31800697998097,0.30845797071060754,1e-06,25,2.1997523307800293,2.1997523307800293,1.9388504028320312,0.06525225937366486,"[1.6256505250930786, 1.6316723823547363, 1.6559476852416992, 1.6995272636413574, 1.723694086074829, 1.7576258182525635, 1.791518211364746, 1.828060269355774, 1.8581863641738892, 1.8743438720703125, 1.9137825965881348, 1.9620075225830078, 1.9898715019226074, 2.000823497772217, 2.0210752487182617, 2.049328327178955, 2.0603721141815186, 2.0817341804504395, 2.0919060707092285, 2.093123435974121, 2.090308904647827, 2.1284003257751465, 2.1593849658966064, 2.1831603050231934, 2.1997523307800293]",
2026-03-10T12:04:58Z,57c2449ca649,trial,78,ok,3.091116189956665,graph,clip_dino,0.8827004634124146,0.1172995365875854,,,,0.008114644160502562,6,9.301660679424574,0.26825695811327005,1e-06,25,3.091116189956665,3.091116189956665,2.5154733657836914,0.21636182069778442,"[1.6256505250930786, 1.6462509632110596, 1.7332074642181396, 1.90426766872406, 1.9410498142242432, 2.0667152404785156, 2.181258201599121, 2.2539634704589844, 2.3615827560424805, 2.363253593444824, 2.5562095642089844, 2.665585994720459, 2.717059373855591, 2.720759391784668, 2.746889114379883, 2.8091788291931152, 2.876253128051758, 2.9235169887542725, 2.9516944885253906, 2.8820619583129883, 2.860628604888916, 2.9476566314697266, 2.9962823390960693, 3.0647380352020264, 3.091116189956665]",
2026-03-10T12:05:00Z,57c2449ca649,trial,79,ok,2.9893455505371094,graph,clip_dino,0.6784412397646518,0.32155876023534824,,,,0.014027600098242839,5,18.186426235261365,0.2228309855742408,1e-06,25,2.9893455505371094,2.9893455505371094,2.4503326416015625,0.17750883102416992,"[1.6256505250930786, 1.646325945854187, 1.7327340841293335, 1.8890448808670044, 1.928032398223877, 2.0471200942993164, 2.147022247314453, 2.2211685180664062, 2.323641777038574, 2.3200418949127197, 2.4832048416137695, 2.5834152698516846, 2.632011890411377, 2.6301429271698, 2.652553081512451, 2.7193832397460938, 2.7667713165283203, 2.8138837814331055, 2.831569194793701, 2.7886056900024414, 2.7712697982788086, 2.8543314933776855, 2.8977468013763428, 2.963297128677368, 2.9893455505371094]",
2026-03-10T12:05:03Z,57c2449ca649,trial,80,ok,1.922377109527588,graph,clip_dino,0.8298421127057255,0.1701578872942745,,,,0.011311937809657056,26,30.16025013523586,0.3525105327845706,1e-06,25,1.922377109527588,1.922377109527588,1.7806761264801025,0.05861400440335274,"[1.625650405883789, 1.6294828653335571, 1.6408419609069824, 1.658482551574707, 1.6706438064575195, 1.6854090690612793, 1.70255446434021, 1.7212257385253906, 1.7346361875534058, 1.7472913265228271, 1.761518955230713, 1.7845962047576904, 1.8004248142242432, 1.8065664768218994, 1.8213292360305786, 1.8352656364440918, 1.8412561416625977, 1.8504289388656616, 1.8584301471710205, 1.8612120151519775, 1.8629506826400757, 1.8816664218902588, 1.8992491960525513, 1.91341233253479, 1.922377109527588]",
2026-03-10T12:05:06Z,57c2449ca649,trial,81,ok,3.130218505859375,graph,clip_dino,0.8907620139992669,0.10923798600073309,,,,0.00797158820228226,6,10.181062183645876,0.15882757946951656,1e-06,25,3.130218505859375,3.130218505859375,2.550149440765381,0.2086489349603653,"[1.6256505250930786, 1.6455835103988647, 1.7378671169281006, 1.9237661361694336, 1.962526559829712, 2.100468158721924, 2.220362663269043, 2.2993907928466797, 2.4101667404174805, 2.413278818130493, 2.5976357460021973, 2.7078585624694824, 2.7643556594848633, 2.7613062858581543, 2.7904696464538574, 2.8539328575134277, 2.9112329483032227, 2.9631056785583496, 2.987943410873413, 2.9196557998657227, 2.8971118927001953, 2.9885168075561523, 3.0365264415740967, 3.1048078536987305, 3.130218505859375]",
2026-03-10T12:05:08Z,57c2449ca649,trial,82,ok,3.226597309112549,graph,clip_dino,0.892761466164666,0.107238533835334,,,,0.007740048831519457,4,5.999472112581166,0.1585244115106646,1e-06,25,3.226597309112549,3.226597309112549,2.6118128299713135,0.34342700242996216,"[1.6256506443023682, 1.6458033323287964, 1.7507209777832031, 1.9194540977478027, 1.9669657945632935, 2.114487648010254, 2.2433924674987793, 2.31809139251709, 2.47798490524292, 2.4791269302368164, 2.701089382171631, 2.78619647026062, 2.8230414390563965, 2.8108603954315186, 2.8470113277435303, 2.9375054836273193, 3.019723415374756, 3.055485248565674, 3.0938639640808105, 3.023151159286499, 2.9986236095428467, 3.0873725414276123, 3.1322553157806396, 3.210862874984741, 3.226597309112549]",
2026-03-10T12:05:11Z,57c2449ca649,trial,83,ok,3.2079081535339355,graph,clip_dino,0.5959155429566224,0.4040844570433776,,,,0.009508643094465264,4,5.65846155562867,0.1542212035149864,1e-06,25,3.2079081535339355,3.2079081535339355,2.587027072906494,0.350608229637146,"[1.6256505250930786, 1.647005319595337, 1.737717628479004, 1.9183664321899414, 1.9656951427459717, 2.114183187484741, 2.238595485687256, 2.3101110458374023, 2.444854736328125, 2.4335501194000244, 2.634756565093994, 2.7354090213775635, 2.773742437362671, 2.7831578254699707, 2.8110499382019043, 2.895580768585205, 2.9753010272979736, 3.0231919288635254, 3.063936233520508, 2.995941162109375, 2.975883960723877, 3.0635337829589844, 3.108739137649536, 3.1918187141418457, 3.2079081535339355]",
2026-03-10T12:05:14Z,57c2449ca649,trial,84,ok,3.1269328594207764,graph,clip_dino,0.5807579365955887,0.4192420634044113,,,,0.009601295093657048,6,6.221599163582127,0.1474939941689812,1e-06,25,3.1269328594207764,3.1269328594207764,2.5276734828948975,0.2622758448123932,"[1.6256505250930786, 1.6450469493865967, 1.7343502044677734, 1.9096872806549072, 1.9556652307510376, 2.0805962085723877, 2.183765411376953, 2.2709643840789795, 2.376692533493042, 2.378587245941162, 2.561422348022461, 2.668593645095825, 2.718714475631714, 2.7212352752685547, 2.742158889770508, 2.8083415031433105, 2.875232696533203, 2.926830291748047, 2.9428226947784424, 2.917313814163208, 2.905590534210205, 2.983675479888916, 3.029359817504883, 3.1026084423065186, 3.1269328594207764]",
2026-03-10T12:05:16Z,57c2449ca649,trial,85,ok,3.1946234703063965,graph,clip_dino,0.5963414287249457,0.40365857127505433,,,,0.01146844953170965,4,5.5557231910035005,0.15422788411349925,1e-06,25,3.1946234703063965,3.1946234703063965,2.577763557434082,0.35433733463287354,"[1.625650405883789, 1.647053599357605, 1.7374494075775146, 1.9160343408584595, 1.9628021717071533, 2.109160900115967, 2.232604503631592, 2.3031675815582275, 2.43595290184021, 2.4247326850891113, 2.6241424083709717, 2.724452257156372, 2.7621941566467285, 2.7719264030456543, 2.799118757247925, 2.8828444480895996, 2.9620821475982666, 3.0094332695007324, 3.050187587738037, 2.982728958129883, 2.9626035690307617, 3.0498692989349365, 3.095238208770752, 3.178034782409668, 3.1946234703063965]",
2026-03-10T12:05:19Z,57c2449ca649,trial,86,ok,3.199038028717041,graph,clip_dino,0.6071266410615886,0.39287335893841135,,,,0.013445229083305622,4,5.542237914109197,0.13271931503082018,1e-06,25,3.199038028717041,3.199038028717041,2.5801427364349365,0.3564406633377075,"[1.6256506443023682, 1.6467385292053223, 1.7294836044311523, 1.9139747619628906, 1.9604578018188477, 2.1105427742004395, 2.2355172634124756, 2.308204174041748, 2.4411814212799072, 2.4299049377441406, 2.62945818901062, 2.7294139862060547, 2.7684011459350586, 2.7733864784240723, 2.8028440475463867, 2.886493682861328, 2.96280574798584, 3.0125632286071777, 3.0524396896362305, 2.985607862472534, 2.965439558029175, 3.0532522201538086, 3.0987789630889893, 3.1819920539855957, 3.199038028717041]",
2026-03-10T12:05:21Z,57c2449ca649,trial,87,ok,3.1172518730163574,graph,clip_dino,0.5601895987018802,0.43981040129811977,,,,0.01280064474796195,5,8.107420735058044,0.1254637788890041,1e-06,25,3.1172518730163574,3.1172518730163574,2.5278618335723877,0.2593850791454315,"[1.6256506443023682, 1.6420012712478638, 1.7287518978118896, 1.9096581935882568, 1.9601600170135498, 2.073366403579712, 2.187788963317871, 2.270698308944702, 2.392589569091797, 2.3893845081329346, 2.5647964477539062, 2.671265125274658, 2.7203805446624756, 2.727250099182129, 2.753358840942383, 2.8186588287353516, 2.8784475326538086, 2.926309823989868, 2.9454398155212402, 2.9051058292388916, 2.8904476165771484, 2.9797744750976562, 3.0228781700134277, 3.0951309204101562, 3.1172518730163574]",
2026-03-10T12:05:23Z,57c2449ca649,trial,88,ok,2.9970028400421143,graph,clip_dino,0.5944279869697702,0.4055720130302298,,,,0.01517425890506251,7,5.165819353636526,0.13861258098602056,1e-06,25,2.9970028400421143,2.9970028400421143,2.4540648460388184,0.26521992683410645,"[1.625650405883789, 1.6444792747497559, 1.7319087982177734, 1.893180012702942, 1.9362143278121948, 2.0480475425720215, 2.1313533782958984, 2.2142953872680664, 2.3136563301086426, 2.320672035217285, 2.487632989883423, 2.5901007652282715, 2.642470121383667, 2.643448829650879, 2.6599068641662598, 2.7229232788085938, 2.776502847671509, 2.821786880493164, 2.8337693214416504, 2.7969157695770264, 2.7839488983154297, 2.858696460723877, 2.9059383869171143, 2.971118927001953, 2.9970028400421143]",
2026-03-10T12:05:25Z,57c2449ca649,trial,89,ok,3.0757763385772705,graph,clip_dino,0.6686088777379848,0.33139112226201517,,,,0.01709569510678636,4,4.07072288166278,0.1974511863523272,1e-06,25,3.0757763385772705,3.0757763385772705,2.496847152709961,0.40723350644111633,"[1.6256505250930786, 1.6510367393493652, 1.7297766208648682, 1.8853576183319092, 1.9271084070205688, 2.059399127960205, 2.1749563217163086, 2.236546277999878, 2.3629631996154785, 2.354384183883667, 2.5405220985412598, 2.626863956451416, 2.6546735763549805, 2.661041498184204, 2.6871886253356934, 2.7646453380584717, 2.851135730743408, 2.894087553024292, 2.9366164207458496, 2.8827967643737793, 2.863124132156372, 2.936713933944702, 2.9807186126708984, 3.0580949783325195, 3.0757763385772705]",
2026-03-10T12:05:27Z,57c2449ca649,trial,90,ok,2.9975380897521973,graph,clip_dino,0.6131330952912186,0.3868669047087814,,,,0.011486895613772963,7,7.053794393379845,0.16458811528726322,1e-06,25,2.9975380897521973,2.9975380897521973,2.458033561706543,0.2273302525281906,"[1.6256506443023682, 1.6439874172210693, 1.7322057485580444, 1.8962074518203735, 1.9393386840820312, 2.053067445755005, 2.1382644176483154, 2.2188477516174316, 2.320533514022827, 2.328411340713501, 2.4907565116882324, 2.5932579040527344, 2.6465673446655273, 2.648822784423828, 2.6674678325653076, 2.7310192584991455, 2.7819416522979736, 2.8291215896606445, 2.8407695293426514, 2.7995171546936035, 2.7865681648254395, 2.8612985610961914, 2.9076595306396484, 2.972020149230957, 2.9975380897521973]",
2026-03-10T12:05:29Z,57c2449ca649,trial,91,ok,3.185999870300293,graph,clip_dino,0.7032001778596891,0.29679982214031086,,,,0.013084865977053413,4,5.597302570951959,0.1293496244227988,1e-06,25,3.185999870300293,3.185999870300293,2.5848214626312256,0.35627037286758423,"[1.625650405883789, 1.6459195613861084, 1.7541104555130005, 1.9333443641662598, 1.9810080528259277, 2.122210741043091, 2.248164415359497, 2.324885368347168, 2.465301752090454, 2.4602723121643066, 2.6527719497680664, 2.734511375427246, 2.774104118347168, 2.768850326538086, 2.7977395057678223, 2.8825011253356934, 2.9583778381347656, 3.0103530883789062, 3.0491678714752197, 2.9820563793182373, 2.9606966972351074, 3.0439810752868652, 3.089796543121338, 3.1687655448913574, 3.185999870300293]",
2026-03-10T12:05:31Z,57c2449ca649,trial,92,ok,3.1792943477630615,graph,clip_dino,0.7117866657950356,0.2882133342049644,,,,0.013654585844683436,4,17.873673195897734,0.09888273499565861,1e-06,25,3.1792943477630615,3.1792943477630615,2.5876009464263916,0.208076611161232,"[1.6256505250930786, 1.6436471939086914, 1.7508416175842285, 1.9424464702606201, 1.9918882846832275, 2.146728992462158, 2.2751145362854004, 2.3608241081237793, 2.490096092224121, 2.4886529445648193, 2.64927077293396, 2.7356529235839844, 2.781728744506836, 2.7721176147460938, 2.8084278106689453, 2.888381004333496, 2.9404847621917725, 3.0004172325134277, 3.0326335430145264, 2.9665350914001465, 2.945687770843506, 3.0347445011138916, 3.081216812133789, 3.1575427055358887, 3.1792943477630615]",
2026-03-10T12:05:34Z,57c2449ca649,trial,93,ok,3.16982102394104,graph,clip_dino,0.6558340904252281,0.3441659095747719,,,,0.012048840236209621,5,4.958814051861337,0.12174728622482736,1e-06,25,3.16982102394104,3.16982102394104,2.5552806854248047,0.32724130153656006,"[1.6256505250930786, 1.6474010944366455, 1.7382687330245972, 1.9106663465499878, 1.953315258026123, 2.0826828479766846, 2.194020986557007, 2.2746224403381348, 2.3979759216308594, 2.391007423400879, 2.5968081951141357, 2.703390121459961, 2.7529358863830566, 2.752973794937134, 2.780132293701172, 2.858067274093628, 2.9270873069763184, 2.979565143585205, 3.0023889541625977, 2.955050468444824, 2.9379994869232178, 3.0287373065948486, 3.072927236557007, 3.148521661758423, 3.16982102394104]",
2026-03-10T12:05:36Z,57c2449ca649,trial,94,ok,3.03153657913208,graph,clip_dino,0.6859751005531687,0.3140248994468313,,,,0.016332510878791593,6,5.627894619418091,0.1882000229987863,1e-06,25,3.03153657913208,3.03153657913208,2.4604501724243164,0.27704402804374695,"[1.625650405883789, 1.6460484266281128, 1.7329717874526978, 1.8935890197753906, 1.9308593273162842, 2.0390100479125977, 2.1368017196655273, 2.2134194374084473, 2.310408115386963, 2.311959743499756, 2.485285758972168, 2.590336561203003, 2.63641357421875, 2.640108346939087, 2.6591262817382812, 2.7210030555725098, 2.788353681564331, 2.833677291870117, 2.8578481674194336, 2.812021017074585, 2.7961485385894775, 2.882087230682373, 2.9318387508392334, 3.004754066467285, 3.03153657913208]",
2026-03-10T12:05:39Z,57c2449ca649,trial,95,ok,3.1873135566711426,graph,clip_dino,0.6073999176899476,0.3926000823100524,,,,0.009466382731545455,5,7.928459468555526,0.10818841440749241,1e-06,25,3.1873135566711426,3.1873135566711426,2.576930284500122,0.26181560754776,"[1.625650405883789, 1.642625331878662, 1.7391825914382935, 1.9323067665100098, 1.9841172695159912, 2.1152215003967285, 2.2299764156341553, 2.317847490310669, 2.442164897918701, 2.4355380535125732, 2.6227731704711914, 2.723147392272949, 2.777498245239258, 2.776254177093506, 2.8030788898468018, 2.8810763359069824, 2.9418110847473145, 2.9954357147216797, 3.014594078063965, 2.9679667949676514, 2.955852508544922, 3.051638603210449, 3.093729257583618, 3.166454315185547, 3.1873135566711426]",
2026-03-10T12:05:41Z,57c2449ca649,trial,96,ok,3.1740212440490723,graph,clip_dino,0.5530857089503753,0.44691429104962466,,,,0.00920526685700788,5,7.6760523567639565,0.10677447354494647,1e-06,25,3.1740212440490723,3.1740212440490723,2.570603847503662,0.2651607096195221,"[1.6256506443023682, 1.6416654586791992, 1.7321722507476807, 1.923527479171753, 1.975456714630127, 2.1030728816986084, 2.2212653160095215, 2.3082494735717773, 2.4375863075256348, 2.43648362159729, 2.6179862022399902, 2.724666118621826, 2.7768378257751465, 2.7804293632507324, 2.8091650009155273, 2.8764774799346924, 2.936441421508789, 2.984950542449951, 3.003695487976074, 2.9621856212615967, 2.948200225830078, 3.034061908721924, 3.0778512954711914, 3.1529958248138428, 3.1740212440490723]",
2026-03-10T12:05:43Z,57c2449ca649,trial,97,ok,2.597651720046997,graph,clip_dino,0.6014747325391252,0.3985252674608748,,,,0.011056352462145397,19,4.183821362013088,0.1471636624217538,1e-06,25,2.597651720046997,2.597651720046997,2.168001890182495,0.17023752629756927,"[1.6256506443023682, 1.6361709833145142, 1.6874951124191284, 1.7670923471450806, 1.804618000984192, 1.8668065071105957, 1.9175999164581299, 1.9772617816925049, 2.034925699234009, 2.058542251586914, 2.1297945976257324, 2.2058160305023193, 2.252638339996338, 2.2782888412475586, 2.303135871887207, 2.3498058319091797, 2.3764419555664062, 2.4202375411987305, 2.4348926544189453, 2.4394404888153076, 2.436769723892212, 2.4930996894836426, 2.5328333377838135, 2.5730369091033936, 2.597651720046997]",
2026-03-10T12:05:46Z,57c2449ca649,trial,98,ok,3.1145644187927246,graph,clip_dino,0.5673196429773569,0.43268035702264307,,,,0.00829505293251367,6,11.378842941519583,0.08253851955437516,1e-06,25,3.1145644187927246,3.1145644187927246,2.5286736488342285,0.19695945084095,"[1.625650405883789, 1.6416794061660767, 1.7353447675704956, 1.9158172607421875, 1.9653737545013428, 2.096158504486084, 2.199983596801758, 2.2927541732788086, 2.3991127014160156, 2.4032959938049316, 2.5603113174438477, 2.6675233840942383, 2.72249436378479, 2.7225866317749023, 2.7454209327697754, 2.811086893081665, 2.863776922225952, 2.916560173034668, 2.928865432739258, 2.9066853523254395, 2.894792079925537, 2.9761266708374023, 3.0202298164367676, 3.090648651123047, 3.1145644187927246]",
2026-03-10T12:05:49Z,57c2449ca649,trial,99,ok,2.7206294536590576,graph,clip_dino,0.6375541218158769,0.3624458781841231,,,,0.014476713911262994,8,15.065548400181054,0.11690588165860424,1e-06,25,2.7206294536590576,2.7206294536590576,2.270408868789673,0.14874142408370972,"[1.625650405883789, 1.635530710220337, 1.703301191329956, 1.8202091455459595, 1.8576409816741943, 1.9449741840362549, 2.0165531635284424, 2.0874218940734863, 2.1586780548095703, 2.1719412803649902, 2.284787654876709, 2.3725311756134033, 2.418365478515625, 2.4191465377807617, 2.4312939643859863, 2.4793167114257812, 2.511898994445801, 2.551769495010376, 2.5562896728515625, 2.5340042114257812, 2.523484945297241, 2.5985820293426514, 2.6428329944610596, 2.69338321685791, 2.7206294536590576]",
2026-03-10T12:05:51Z,57c2449ca649,trial,100,ok,3.1434669494628906,graph,clip_dino,0.6037437221649438,0.39625627783505624,,,,0.018576438191170785,4,8.496004514430128,0.17689917306657948,1e-06,25,3.1434669494628906,3.1434669494628906,2.5445690155029297,0.2924635410308838,"[1.6256505250930786, 1.6471638679504395, 1.7359306812286377, 1.9124243259429932, 1.9571253061294556, 2.0986521244049072, 2.2198963165283203, 2.2894930839538574, 2.4119622707366943, 2.4008030891418457, 2.588060140609741, 2.686431407928467, 2.725353717803955, 2.730315685272217, 2.7567672729492188, 2.836561441421509, 2.905874252319336, 2.954300880432129, 2.992035388946533, 2.9281246662139893, 2.907369375228882, 2.9953174591064453, 3.041872262954712, 3.1232712268829346, 3.1434669494628906]",
2026-03-10T12:05:54Z,57c2449ca649,trial,101,ok,3.1043100357055664,graph,clip_dino,0.6956598488484277,0.3043401511515723,,,,0.012544961702733108,4,2.8877537627875918,0.13642982497886078,1e-06,25,3.1043100357055664,3.1043100357055664,2.523465633392334,0.4816925525665283,"[1.625650405883789, 1.6487524509429932, 1.75291109085083, 1.9124360084533691, 1.955405831336975, 2.079352855682373, 2.1954588890075684, 2.260819435119629, 2.395369529724121, 2.389739513397217, 2.577113151550293, 2.655770778656006, 2.6882481575012207, 2.6873645782470703, 2.711963415145874, 2.7921504974365234, 2.8833587169647217, 2.9286234378814697, 2.9727487564086914, 2.9109702110290527, 2.891045570373535, 2.96655535697937, 3.011720895767212, 3.088801622390747, 3.1043100357055664]",
2026-03-10T12:05:56Z,57c2449ca649,trial,102,ok,3.217545986175537,graph,clip_dino,0.6570381370056434,0.3429618629943566,,,,0.005501841383284821,5,9.522212320069704,0.1563545480169401,1e-06,25,3.217545986175537,3.217545986175537,2.5928544998168945,0.23708473145961761,"[1.625650405883789, 1.6471202373504639, 1.7424463033676147, 1.926828145980835, 1.9721828699111938, 2.112338066101074, 2.228668212890625, 2.315399169921875, 2.443845272064209, 2.4368863105773926, 2.639492988586426, 2.747441291809082, 2.801431179046631, 2.7975428104400635, 2.827810287475586, 2.907933235168457, 2.971176862716675, 3.028146982192993, 3.049132823944092, 3.001488208770752, 2.983887195587158, 3.0781350135803223, 3.1216039657592773, 3.197227954864502, 3.217545986175537]",
2026-03-10T12:05:58Z,57c2449ca649,trial,103,ok,3.22102689743042,graph,clip_dino,0.6633180315266979,0.3366819684733021,,,,0.005476378764077761,5,11.016208256548778,0.15828901540341783,1e-06,25,3.22102689743042,3.22102689743042,2.600956678390503,0.22107934951782227,"[1.6256506443023682, 1.6473942995071411, 1.7436935901641846, 1.930314302444458, 1.9755151271820068, 2.1263673305511475, 2.2424771785736084, 2.3305344581604004, 2.459721088409424, 2.4529213905334473, 2.6506643295288086, 2.7589404582977295, 2.8140854835510254, 2.8086442947387695, 2.8388476371765137, 2.9190893173217773, 2.9777464866638184, 3.03593111038208, 3.0561904907226562, 3.008993148803711, 2.991152286529541, 3.081256866455078, 3.125762701034546, 3.2009990215301514, 3.22102689743042]",
2026-03-10T12:06:01Z,57c2449ca649,trial,104,ok,3.0652410984039307,graph,clip_dino,0.7277820715038004,0.27221792849619963,,,,0.005428205191174645,7,10.182873090346098,0.2069815519254017,1e-06,25,3.0652410984039307,3.0652410984039307,2.491583824157715,0.1885235458612442,"[1.6256505250930786, 1.6403725147247314, 1.7365846633911133, 1.9007904529571533, 1.9386181831359863, 2.0630147457122803, 2.161263942718506, 2.2402114868164062, 2.3446907997131348, 2.3528499603271484, 2.520589828491211, 2.630544424057007, 2.689617156982422, 2.6884613037109375, 2.7079765796661377, 2.7749733924865723, 2.826451301574707, 2.881397008895874, 2.894461154937744, 2.845643997192383, 2.8283095359802246, 2.9203553199768066, 2.9705333709716797, 3.040987491607666, 3.0652410984039307]",
2026-03-10T12:06:03Z,57c2449ca649,trial,105,ok,3.2054128646850586,graph,clip_dino,0.6293140102843303,0.3706859897156697,,,,0.006340654458325968,5,11.191798072508119,0.1481888810574977,1e-06,25,3.2054128646850586,3.2054128646850586,2.584432363510132,0.21994850039482117,"[1.6256506443023682, 1.6417536735534668, 1.7401988506317139, 1.9231010675430298, 1.967815637588501, 2.108802556991577, 2.225220203399658, 2.3151698112487793, 2.44119930267334, 2.434931755065918, 2.629862070083618, 2.7372801303863525, 2.7930169105529785, 2.7853875160217285, 2.8151116371154785, 2.8950343132019043, 2.9576454162597656, 3.015232563018799, 3.0340631008148193, 2.9870455265045166, 2.9712700843811035, 3.0656888484954834, 3.110319137573242, 3.1845948696136475, 3.2054128646850586]",
2026-03-10T12:06:06Z,57c2449ca649,trial,106,ok,3.2436399459838867,graph,clip_dino,0.6611656759593366,0.3388343240406634,,,,0.0037328735504617285,5,11.938745920661528,0.15253769901913575,1e-06,25,3.2436399459838867,3.2436399459838867,2.6150424480438232,0.21181003749370575,"[1.6256506443023682, 1.647289514541626, 1.746332049369812, 1.9396357536315918, 1.9863860607147217, 2.1328327655792236, 2.2513718605041504, 2.34196400642395, 2.4737389087677, 2.4667434692382812, 2.664451837539673, 2.773423194885254, 2.829558849334717, 2.8233683109283447, 2.855393886566162, 2.936842918395996, 2.9946649074554443, 3.0545668601989746, 3.074462890625, 3.026780605316162, 3.008746862411499, 3.1047916412353516, 3.1489014625549316, 3.2245254516601562, 3.2436399459838867]",
2026-03-10T12:06:09Z,57c2449ca649,trial,107,ok,3.2366204261779785,graph,clip_dino,0.6657463779975716,0.33425362200242836,,,,0.00394124022218405,5,11.799632812172234,0.17081177413875556,1e-06,25,3.2366204261779785,3.2366204261779785,2.61336088180542,0.2130434662103653,"[1.625650405883789, 1.6475337743759155, 1.7449816465377808, 1.934240698814392, 1.9801074266433716, 2.1335651874542236, 2.2509336471557617, 2.34023380279541, 2.471808433532715, 2.465536594390869, 2.6660261154174805, 2.774923324584961, 2.8307361602783203, 2.823380708694458, 2.854389190673828, 2.935366630554199, 2.9948055744171143, 3.0541017055511475, 3.074350595474243, 3.026765823364258, 3.0088438987731934, 3.098757266998291, 3.1430211067199707, 3.2173447608947754, 3.2366204261779785]",
2026-03-10T12:06:11Z,57c2449ca649,trial,108,ok,3.2420318126678467,graph,clip_dino,0.6658392687672468,0.33416073123275325,,,,0.0035975515756618516,5,11.730873247400416,0.17144865396813472,1e-06,25,3.2420318126678467,3.2420318126678467,2.617072820663452,0.2134096920490265,"[1.6256506443023682, 1.6475698947906494, 1.7452912330627441, 1.9352397918701172, 1.9812440872192383, 2.1354832649230957, 2.253190755844116, 2.342794895172119, 2.4750864505767822, 2.4687628746032715, 2.6702792644500732, 2.779356002807617, 2.8353352546691895, 2.8278069496154785, 2.8590445518493652, 2.9403510093688965, 3.0001800060272217, 3.0596747398376465, 3.080009937286377, 3.0322864055633545, 3.014350414276123, 3.104304790496826, 3.1484909057617188, 3.222999095916748, 3.2420318126678467]",
2026-03-10T12:06:14Z,57c2449ca649,trial,109,ok,3.1940088272094727,graph,clip_dino,0.7536878873101422,0.24631211268985775,,,,0.0029097092110660396,6,20.88832989610414,0.2428631086610581,1e-06,25,3.1940088272094727,3.1940088272094727,2.5900485515594482,0.1450105905532837,"[1.6256505250930786, 1.6457252502441406, 1.7531282901763916, 1.9515198469161987, 1.9958274364471436, 2.1402859687805176, 2.2559397220611572, 2.346294403076172, 2.4682745933532715, 2.469940185546875, 2.639772891998291, 2.748137950897217, 2.803729772567749, 2.7981197834014893, 2.825005531311035, 2.8906607627868652, 2.946542739868164, 3.0054397583007812, 3.0238356590270996, 2.967397451400757, 2.9509267807006836, 3.0422492027282715, 3.0931177139282227, 3.169680118560791, 3.1940088272094727]",
2026-03-10T12:06:16Z,57c2449ca649,trial,110,ok,3.1126089096069336,graph,clip_dino,0.6590626695371135,0.34093733046288655,,,,0.0023996977383482217,7,15.58804717957331,0.165093267049718,1e-06,25,3.1126089096069336,3.1126089096069336,2.5397729873657227,0.15195637941360474,"[1.6256505250930786, 1.6435911655426025, 1.7417256832122803, 1.9294893741607666, 1.9799683094024658, 2.11057186126709, 2.205193042755127, 2.2965962886810303, 2.4099483489990234, 2.418693780899048, 2.5817112922668457, 2.685394287109375, 2.7468490600585938, 2.7424850463867188, 2.767709970474243, 2.836939811706543, 2.8836159706115723, 2.942596912384033, 2.951937675476074, 2.9015753269195557, 2.888843059539795, 2.976834297180176, 3.0236239433288574, 3.090172290802002, 3.1126089096069336]",
2026-03-10T12:06:19Z,57c2449ca649,trial,111,ok,3.242992401123047,graph,clip_dino,0.66394051933485,0.33605948066515,,,,0.0034160072656489243,5,12.525675110281503,0.17850041640052633,1e-06,25,3.242992401123047,3.242992401123047,2.617979049682617,0.2066107541322708,"[1.6256505250930786, 1.647481083869934, 1.745404601097107, 1.9358211755752563, 1.981964111328125, 2.1365833282470703, 2.254396438598633, 2.3442258834838867, 2.476591110229492, 2.470278263092041, 2.671261787414551, 2.780341148376465, 2.8364787101745605, 2.8287835121154785, 2.8600945472717285, 2.9414305686950684, 3.0008959770202637, 3.060673713684082, 3.080899715423584, 3.0332179069519043, 3.015266180038452, 3.1053285598754883, 3.1494736671447754, 3.223949432373047, 3.242992401123047]",
2026-03-10T12:06:21Z,57c2449ca649,trial,112,ok,3.2300355434417725,graph,clip_dino,0.6658473318588524,0.33415266814114764,,,,0.0038126871594474617,5,9.549631962328593,0.18128301930401974,1e-06,25,3.2300355434417725,3.2300355434417725,2.6053459644317627,0.23544351756572723,"[1.6256505250930786, 1.6478317975997925, 1.7431199550628662, 1.9277245998382568, 1.972670555114746, 2.12241530418396, 2.2383031845092773, 2.325137138366699, 2.4563753604888916, 2.4499459266662598, 2.6567423343658447, 2.765707015991211, 2.819581985473633, 2.8141536712646484, 2.844313621520996, 2.925204277038574, 2.989828109741211, 3.0471858978271484, 3.0687906742095947, 3.020833730697632, 3.003220319747925, 3.0917129516601562, 3.1361336708068848, 3.211036205291748, 3.2300355434417725]",
2026-03-10T12:06:23Z,57c2449ca649,trial,113,ok,3.240375518798828,graph,clip_dino,0.6691549580158195,0.3308450419841805,,,,0.003662687907995399,5,12.335794204161699,0.17070189265044197,1e-06,25,3.240375518798828,3.240375518798828,2.6166012287139893,0.20833881199359894,"[1.6256505250930786, 1.6476351022720337, 1.7454230785369873, 1.9359372854232788, 1.9822933673858643, 2.135651111602783, 2.2535860538482666, 2.3436198234558105, 2.476047992706299, 2.469923734664917, 2.6699037551879883, 2.7789556980133057, 2.83552885055542, 2.8269264698028564, 2.8582911491394043, 2.9396133422851562, 2.998534917831421, 3.058511734008789, 3.0783979892730713, 3.0307023525238037, 3.012753963470459, 3.102689266204834, 3.146866798400879, 3.221210479736328, 3.240375518798828]",
2026-03-10T12:06:26Z,57c2449ca649,trial,114,ok,3.0677523612976074,graph,clip_dino,0.7296129508983257,0.2703870491016743,,,,0.003683710118270205,8,12.169515758487696,0.18592443102659414,1e-06,25,3.0677523612976074,3.0677523612976074,2.485079526901245,0.15994665026664734,"[1.6256506443023682, 1.6314747333526611, 1.7312946319580078, 1.908301591873169, 1.947682499885559, 2.06453275680542, 2.1576619148254395, 2.240295171737671, 2.3400750160217285, 2.3521807193756104, 2.514008045196533, 2.6189589500427246, 2.6757922172546387, 2.6720895767211914, 2.690634250640869, 2.7532248497009277, 2.802515983581543, 2.8620059490203857, 2.874859571456909, 2.8358750343322754, 2.8225412368774414, 2.9221158027648926, 2.9736881256103516, 3.0417747497558594, 3.0677523612976074]",
2026-03-10T12:06:28Z,57c2449ca649,trial,115,ok,3.136559009552002,graph,clip_dino,0.671531967098393,0.328468032901607,,,,0.003224769735762397,6,20.115513115765605,0.211213563513621,1e-06,25,3.136559009552002,3.136559009552002,2.5466508865356445,0.14748206734657288,"[1.625650405883789, 1.6447861194610596, 1.743351697921753, 1.9316201210021973, 1.9744412899017334, 2.104933738708496, 2.2133889198303223, 2.3050613403320312, 2.416182518005371, 2.4212992191314697, 2.5858120918273926, 2.6946001052856445, 2.75058650970459, 2.745814800262451, 2.771155834197998, 2.8383750915527344, 2.893127679824829, 2.9477500915527344, 2.959151268005371, 2.9137513637542725, 2.900634765625, 2.996201992034912, 3.03836727142334, 3.11367130279541, 3.136559009552002]",
2026-03-10T12:06:30Z,57c2449ca649,trial,116,ok,3.0967607498168945,graph,clip_dino,0.7924995031161632,0.20750049688383676,,,,0.004430318868683433,7,13.291734379679173,0.1744904048205228,1e-06,25,3.0967607498168945,3.0967607498168945,2.5077667236328125,0.1657305359840393,"[1.6256505250930786, 1.6341872215270996, 1.7368279695510864, 1.895998477935791, 1.9330103397369385, 2.067206859588623, 2.1715919971466064, 2.2553110122680664, 2.3636398315429688, 2.371325731277466, 2.532087802886963, 2.6497890949249268, 2.711050033569336, 2.7054781913757324, 2.7255947589874268, 2.7923202514648438, 2.8435168266296387, 2.9025745391845703, 2.9194631576538086, 2.8735299110412598, 2.856194019317627, 2.955026388168335, 3.0029258728027344, 3.073108196258545, 3.0967607498168945]",
2026-03-10T12:06:32Z,57c2449ca649,trial,117,ok,3.2582314014434814,graph,clip_dino,0.6885367533093997,0.3114632466906003,,,,0.0039208793808739924,5,16.71049598547329,0.09555369993278534,1e-06,25,3.2582314014434814,3.2582314014434814,2.6417346000671387,0.18114162981510162,"[1.625650405883789, 1.646047592163086, 1.7544822692871094, 1.9600964784622192, 2.010366678237915, 2.173501491546631, 2.293266773223877, 2.389371871948242, 2.522216320037842, 2.516435146331787, 2.6968488693237305, 2.802677631378174, 2.8633944988250732, 2.8552093505859375, 2.8883800506591797, 2.9691572189331055, 3.0183017253875732, 3.0833077430725098, 3.1006131172180176, 3.052006721496582, 3.0327415466308594, 3.12568736076355, 3.1664209365844727, 3.2389512062072754, 3.2582314014434814]",
2026-03-10T12:06:34Z,57c2449ca649,trial,118,ok,3.152510643005371,graph,clip_dino,0.6472934268850566,0.35270657311494336,,,,0.003716417604829808,6,16.34058398897404,0.09343682171305057,1e-06,25,3.152510643005371,3.152510643005371,2.558072566986084,0.163747176527977,"[1.6256506443023682, 1.639106035232544, 1.7424108982086182, 1.9387308359146118, 1.9841346740722656, 2.11956524848938, 2.2292635440826416, 2.325289249420166, 2.438018321990967, 2.4415512084960938, 2.595444679260254, 2.705047607421875, 2.7629246711730957, 2.752859592437744, 2.780487537384033, 2.8487119674682617, 2.900066375732422, 2.9567935466766357, 2.966629981994629, 2.9307281970977783, 2.9192910194396973, 3.0117692947387695, 3.054333209991455, 3.130490303039551, 3.152510643005371]",
2026-03-10T12:06:36Z,57c2449ca649,trial,119,ok,3.2386279106140137,graph,clip_dino,0.7572238933725418,0.2427761066274582,,,,0.002482130885303477,5,7.157511370731315,0.1175721827434375,1e-06,25,3.2386279106140137,3.2386279106140137,2.63859486579895,0.2720284163951874,"[1.6256506443023682, 1.6478493213653564, 1.7567436695098877, 1.9503566026687622, 1.997003197669983, 2.154967784881592, 2.2780842781066895, 2.366337776184082, 2.522411823272705, 2.5162243843078613, 2.7201857566833496, 2.8134164810180664, 2.8698534965515137, 2.864645004272461, 2.8919179439544678, 2.970186710357666, 3.034409999847412, 3.0962281227111816, 3.1214866638183594, 3.0365984439849854, 3.01352596282959, 3.107786178588867, 3.148853302001953, 3.2215237617492676, 3.2386279106140137]",
2026-03-10T12:06:38Z,57c2449ca649,trial,120,ok,3.131866693496704,graph,clip_dino,0.7468008054626687,0.2531991945373313,,,,0.0016753723084592556,9,12.483708145294365,0.07469562860047405,1e-06,25,3.131866693496704,3.131866693496704,2.529261827468872,0.14696159958839417,"[1.6256505250930786, 1.6311688423156738, 1.7342095375061035, 1.9153149127960205, 1.9623489379882812, 2.094460964202881, 2.1903865337371826, 2.28074312210083, 2.3904552459716797, 2.4069736003875732, 2.5476632118225098, 2.6577565670013428, 2.7201008796691895, 2.719545841217041, 2.7449913024902344, 2.8104381561279297, 2.8521969318389893, 2.9221973419189453, 2.937145233154297, 2.9066500663757324, 2.898850679397583, 2.99696946144104, 3.044515609741211, 3.1089441776275635, 3.131866693496704]",
2026-03-10T12:06:40Z,57c2449ca649,trial,121,ok,3.283717632293701,graph,clip_dino,0.6918294858897631,0.3081705141102369,,,,0.004064250498964574,5,9.21754437052462,0.10023903300966336,1e-06,25,3.283717632293701,3.283717632293701,2.6499176025390625,0.24128752946853638,"[1.6256506443023682, 1.6485505104064941, 1.7558003664016724, 1.95613431930542, 2.004143238067627, 2.1643283367156982, 2.2837042808532715, 2.378068447113037, 2.512873649597168, 2.506781578063965, 2.7034313678741455, 2.8101749420166016, 2.8694136142730713, 2.8633549213409424, 2.896388530731201, 2.978442668914795, 3.0349061489105225, 3.098262310028076, 3.1284561157226562, 3.0783495903015137, 3.05932354927063, 3.150728225708008, 3.1915392875671387, 3.2654199600219727, 3.283717632293701]",
2026-03-10T12:06:42Z,57c2449ca649,trial,122,ok,3.282205820083618,graph,clip_dino,0.6877286265241679,0.3122713734758321,,,,0.0025836249918818497,5,7.157526759182423,0.10220113143440122,1e-06,25,3.282205820083618,3.282205820083618,2.650643825531006,0.27148354053497314,"[1.6256506443023682, 1.6488993167877197, 1.7555828094482422, 1.9539268016815186, 2.001394271850586, 2.1606452465057373, 2.279862880706787, 2.372319221496582, 2.5095038414001465, 2.5031213760375977, 2.7077903747558594, 2.815119743347168, 2.873539924621582, 2.868718385696411, 2.901843547821045, 2.9847841262817383, 3.046220064163208, 3.1076107025146484, 3.1280646324157715, 3.07736873626709, 3.0585572719573975, 3.148854970932007, 3.1896677017211914, 3.264845371246338, 3.282205820083618]",
2026-03-10T12:06:44Z,57c2449ca649,trial,123,ok,3.2516660690307617,graph,clip_dino,0.7165787962682467,0.2834212037317533,,,,0.0024084043059796213,6,7.133242152805976,0.09855629967420573,1e-06,25,3.2516660690307617,3.2516660690307617,2.622013568878174,0.24413347244262695,"[1.6256505250930786, 1.6463546752929688, 1.7485084533691406, 1.9547374248504639, 2.0008544921875, 2.1474032402038574, 2.266798496246338, 2.3606526851654053, 2.4911937713623047, 2.494838237762451, 2.675532817840576, 2.7846016883850098, 2.8414597511291504, 2.834916830062866, 2.864903211593628, 2.934216022491455, 2.9940025806427, 3.0553388595581055, 3.0753068923950195, 3.019864082336426, 3.0033862590789795, 3.09932279586792, 3.1494951248168945, 3.2293336391448975, 3.2516660690307617]",
2026-03-10T12:06:46Z,57c2449ca649,trial,124,ok,3.2448058128356934,graph,clip_dino,0.68831227507174,0.31168772492826,,,,0.001987661776806183,6,7.161828386183956,0.08919101844977222,1e-06,25,3.2448058128356934,3.2448058128356934,2.6166555881500244,0.2431338131427765,"[1.6256506443023682, 1.6462265253067017, 1.7509071826934814, 1.9574068784713745, 2.0026819705963135, 2.1492137908935547, 2.2643942832946777, 2.360795497894287, 2.47956919670105, 2.4818496704101562, 2.6611168384552, 2.7724170684814453, 2.830979347229004, 2.8242180347442627, 2.8546013832092285, 2.9258570671081543, 2.988539695739746, 3.046849012374878, 3.0683035850524902, 3.0157153606414795, 2.999237298965454, 3.096405506134033, 3.144242286682129, 3.224400520324707, 3.2448058128356934]",
2026-03-10T12:06:48Z,57c2449ca649,trial,125,ok,3.2395243644714355,graph,clip_dino,0.6921821475715022,0.3078178524284978,,,,0.002147643323183555,6,14.52847091373361,0.09037744514428908,1e-06,25,3.2395243644714355,3.2395243644714355,2.617011785507202,0.17254768311977386,"[1.625650405883789, 1.6438379287719727, 1.7502524852752686, 1.9623587131500244, 2.0104846954345703, 2.160156488418579, 2.276580810546875, 2.3756632804870605, 2.4937777519226074, 2.4969892501831055, 2.6618595123291016, 2.7717342376708984, 2.831394672393799, 2.8222320079803467, 2.853031873703003, 2.922922134399414, 2.978130340576172, 3.0411596298217773, 3.05977725982666, 3.00949764251709, 2.9923243522644043, 3.0906412601470947, 3.138427734375, 3.216883897781372, 3.2395243644714355]",
2026-03-10T12:06:50Z,57c2449ca649,trial,126,ok,3.255560874938965,graph,clip_dino,0.7268918223560156,0.27310817764398443,,,,0.002932711211282047,6,8.615955182847534,0.10050216865525233,1e-06,25,3.255560874938965,3.255560874938965,2.625997543334961,0.22311119735240936,"[1.625650405883789, 1.646618366241455, 1.7510960102081299, 1.9610276222229004, 2.007244110107422, 2.1540207862854004, 2.2742648124694824, 2.368344783782959, 2.49798321723938, 2.501826524734497, 2.6764886379241943, 2.788540840148926, 2.8457062244415283, 2.838547706604004, 2.869675397872925, 2.938271999359131, 2.995976686477661, 3.0576376914978027, 3.077075481414795, 3.022535562515259, 3.0068283081054688, 3.1029200553894043, 3.153256893157959, 3.2328386306762695, 3.255560874938965]",
2026-03-10T12:06:51Z,57c2449ca649,trial,127,ok,3.1776840686798096,graph,clip_dino,0.7146136313738135,0.2853863686261865,,,,0.002874701543828529,7,6.87287114677137,0.06967748182346431,1e-06,25,3.1776840686798096,3.1776840686798096,2.5731847286224365,0.2278096079826355,"[1.6256505250930786, 1.6394511461257935, 1.7451348304748535, 1.9331483840942383, 1.976597547531128, 2.121920585632324, 2.228555202484131, 2.3208961486816406, 2.440830707550049, 2.4494388103485107, 2.615873336791992, 2.724292755126953, 2.790062427520752, 2.782907009124756, 2.80694580078125, 2.8779900074005127, 2.926682949066162, 2.9897422790527344, 3.0014634132385254, 2.9494752883911133, 2.930802583694458, 3.033721446990967, 3.084092855453491, 3.1562652587890625, 3.1776840686798096]",
2026-03-10T12:06:53Z,57c2449ca649,trial,128,ok,3.148634910583496,graph,clip_dino,0.7240956522885846,0.27590434771141537,,,,0.0018547148900122054,8,10.259213125371538,0.10070389471826263,1e-06,25,3.148634910583496,3.148634910583496,2.5424740314483643,0.17279991507530212,"[1.6256505250930786, 1.6318405866622925, 1.7389507293701172, 1.9326045513153076, 1.9761483669281006, 2.1063499450683594, 2.2047133445739746, 2.294283390045166, 2.4034852981567383, 2.4163970947265625, 2.5792274475097656, 2.684414863586426, 2.745206594467163, 2.736560821533203, 2.758358955383301, 2.8255841732025146, 2.8754968643188477, 2.9396414756774902, 2.9517433643341064, 2.909318447113037, 2.8964028358459473, 3.0026662349700928, 3.0537943840026855, 3.1243767738342285, 3.148634910583496]",
2026-03-10T12:06:55Z,57c2449ca649,trial,129,ok,3.2593564987182617,graph,clip_dino,0.6909765169441002,0.3090234830558998,,,,0.0012968115324553705,6,8.864664788891968,0.08364759135228977,1e-06,25,3.2593564987182617,3.2593564987182617,2.629624366760254,0.21872979402542114,"[1.6256505250930786, 1.64558744430542, 1.7524998188018799, 1.9647011756896973, 2.0113229751586914, 2.161978244781494, 2.2790133953094482, 2.3779869079589844, 2.498734474182129, 2.501556396484375, 2.676398277282715, 2.787569522857666, 2.8474724292755127, 2.838569164276123, 2.870147466659546, 2.9413888454437256, 3.001589775085449, 3.062160015106201, 3.0826785564422607, 3.030379295349121, 3.0136635303497314, 3.111600637435913, 3.159152030944824, 3.239450454711914, 3.2593564987182617]",
2026-03-10T12:06:57Z,57c2449ca649,trial,130,ok,2.9045934677124023,graph,clip_dino,0.686455899124148,0.31354410087585205,,,,0.0012403617141519727,16,8.79884901362383,0.08149366871163471,1e-06,25,2.9045934677124023,2.9045934677124023,2.3700788021087646,0.12642017006874084,"[1.6256506443023682, 1.634401798248291, 1.7010698318481445, 1.8359379768371582, 1.8855152130126953, 1.9868786334991455, 2.0582778453826904, 2.1359803676605225, 2.226992607116699, 2.2508974075317383, 2.3507113456726074, 2.444611072540283, 2.4974846839904785, 2.5221705436706543, 2.553049087524414, 2.612844467163086, 2.650491237640381, 2.7136263847351074, 2.7252559661865234, 2.7254958152770996, 2.7164664268493652, 2.7864017486572266, 2.829883337020874, 2.8772764205932617, 2.9045934677124023]",
2026-03-10T12:06:59Z,57c2449ca649,trial,131,ok,2.7014307975769043,graph,clip_dino,0.6997236765250144,0.30027632347498556,,,,0.0025806268868399903,21,8.144851065511807,0.09014994459106965,1e-06,25,2.7014307975769043,2.7014307975769043,2.2300310134887695,0.11478319019079208,"[1.6256506443023682, 1.6328401565551758, 1.6873440742492676, 1.7855669260025024, 1.8302359580993652, 1.9028286933898926, 1.9591248035430908, 2.024785041809082, 2.0940346717834473, 2.120786190032959, 2.1911709308624268, 2.270233154296875, 2.319638729095459, 2.3465065956115723, 2.373563051223755, 2.424492835998535, 2.4559812545776367, 2.5107266902923584, 2.5250496864318848, 2.532665729522705, 2.5338215827941895, 2.593045949935913, 2.633017063140869, 2.676234722137451, 2.7014307975769043]",
2026-03-10T12:07:01Z,57c2449ca649,trial,132,ok,3.1731557846069336,graph,clip_dino,0.6393526356310725,0.3606473643689275,,,,0.003109258296830202,6,17.66992273622733,0.06963608299137154,1e-06,25,3.1731557846069336,3.1731557846069336,2.5734503269195557,0.15737895667552948,"[1.6256506443023682, 1.637715458869934, 1.7427637577056885, 1.9451175928115845, 1.9908298254013062, 2.129307508468628, 2.242581844329834, 2.3400259017944336, 2.4561285972595215, 2.4600906372070312, 2.611171245574951, 2.721400260925293, 2.780388355255127, 2.773733139038086, 2.8019652366638184, 2.870570659637451, 2.9199931621551514, 2.9771835803985596, 2.986891269683838, 2.951308488845825, 2.9400320053100586, 3.031102180480957, 3.075422763824463, 3.151726722717285, 3.1731557846069336]",
2026-03-10T12:07:03Z,57c2449ca649,trial,133,ok,3.262676954269409,graph,clip_dino,0.7406194938352769,0.2593805061647231,,,,0.0022064544976309196,6,9.043519318765911,0.10706832853848706,1e-06,25,3.262676954269409,3.262676954269409,2.634453535079956,0.21762174367904663,"[1.6256505250930786, 1.6467323303222656, 1.753231406211853, 1.9649789333343506, 2.0106046199798584, 2.1594409942626953, 2.279937744140625, 2.3749427795410156, 2.50570011138916, 2.5095691680908203, 2.6897530555725098, 2.799985408782959, 2.8585360050201416, 2.8503072261810303, 2.880699634552002, 2.9507899284362793, 3.0096895694732666, 3.0710225105285645, 3.0905396938323975, 3.0357680320739746, 3.0196938514709473, 3.1101784706115723, 3.160411834716797, 3.2404913902282715, 3.262676954269409]",
2026-03-10T12:07:05Z,57c2449ca649,trial,134,ok,3.249619960784912,graph,clip_dino,0.7882873787993002,0.21171262120069978,,,,0.0022305339702727795,6,7.282233308307432,0.10119455942325133,1e-06,25,3.249619960784912,3.249619960784912,2.6232776641845703,0.24192127585411072,"[1.6256506443023682, 1.6456334590911865, 1.7580960988998413, 1.9577785730361938, 1.9985642433166504, 2.1521029472351074, 2.273542881011963, 2.3584983348846436, 2.480278491973877, 2.481459617614746, 2.6671295166015625, 2.7866692543029785, 2.846597194671631, 2.838879108428955, 2.8698906898498535, 2.9400200843811035, 3.0016427040100098, 3.0643346309661865, 3.084869384765625, 3.0240485668182373, 3.003788471221924, 3.099494695663452, 3.145690679550171, 3.2276573181152344, 3.249619960784912]",
2026-03-10T12:07:06Z,57c2449ca649,trial,135,ok,3.1686508655548096,graph,clip_dino,0.7703781806303542,0.22962181936964576,,,,0.0014214820118611912,8,7.2080618504702345,0.10123828307370093,1e-06,25,3.1686508655548096,3.1686508655548096,2.552609920501709,0.2050204873085022,"[1.625650405883789, 1.6259784698486328, 1.7370917797088623, 1.9304797649383545, 1.9725167751312256, 2.104248046875, 2.2036352157592773, 2.2936296463012695, 2.4086966514587402, 2.420907974243164, 2.592064142227173, 2.6976590156555176, 2.7583513259887695, 2.749880313873291, 2.77337908744812, 2.840118408203125, 2.89296293258667, 2.95875883102417, 2.972717761993408, 2.9295828342437744, 2.9168953895568848, 3.022883892059326, 3.073424816131592, 3.1450862884521484, 3.1686508655548096]",
2026-03-10T12:07:08Z,57c2449ca649,trial,136,ok,3.1947274208068848,graph,clip_dino,0.7976401767214865,0.20235982327851354,,,,0.002168502946793381,7,9.000490920381349,0.07901906236633816,1e-06,25,3.1947274208068848,3.1947274208068848,2.5833303928375244,0.19919566810131073,"[1.6256506443023682, 1.6344183683395386, 1.747164249420166, 1.9305596351623535, 1.9714858531951904, 2.1220858097076416, 2.2335174083709717, 2.3250534534454346, 2.4441630840301514, 2.452209234237671, 2.616565227508545, 2.7390077114105225, 2.8054723739624023, 2.7955639362335205, 2.820507526397705, 2.8911421298980713, 2.943204879760742, 3.0081288814544678, 3.0243911743164062, 2.9744091033935547, 2.957209825515747, 3.0529911518096924, 3.100038528442383, 3.1735973358154297, 3.1947274208068848]",
2026-03-10T12:07:10Z,57c2449ca649,trial,137,ok,3.1806206703186035,graph,clip_dino,0.7418071634914357,0.2581928365085643,,,,0.0008274462492957851,7,4.58963902191296,0.11183720920789035,1e-06,25,3.1806206703186035,3.1806206703186035,2.5668420791625977,0.27458781003952026,"[1.625650405883789, 1.639250636100769, 1.7460517883300781, 1.9264506101608276, 1.9671412706375122, 2.1040563583374023, 2.2087607383728027, 2.294409990310669, 2.41264009475708, 2.4188475608825684, 2.6053175926208496, 2.718564987182617, 2.7812798023223877, 2.7767837047576904, 2.8004491329193115, 2.8724000453948975, 2.9319705963134766, 2.9921011924743652, 3.0064239501953125, 2.952620029449463, 2.9359729290008545, 3.03224778175354, 3.081800937652588, 3.159242868423462, 3.1806206703186035]",
2026-03-10T12:07:11Z,57c2449ca649,trial,138,ok,3.256293296813965,graph,clip_dino,0.7668515081496893,0.23314849185031072,,,,0.0017993599280090487,6,6.646595323992861,0.08689461463590724,1e-06,25,3.256293296813965,3.256293296813965,2.632619857788086,0.2526792883872986,"[1.6256506443023682, 1.6464399099349976, 1.7614305019378662, 1.9651193618774414, 2.010784387588501, 2.1653552055358887, 2.2870993614196777, 2.373750925064087, 2.4960219860076904, 2.497389316558838, 2.680487871170044, 2.797109842300415, 2.8556809425354004, 2.8475899696350098, 2.8795690536499023, 2.95086669921875, 3.0136027336120605, 3.0753772258758545, 3.094416856765747, 3.033104658126831, 3.012706995010376, 3.1032586097717285, 3.151886224746704, 3.2345056533813477, 3.256293296813965]",
2026-03-10T12:07:13Z,57c2449ca649,trial,139,ok,3.2652697563171387,graph,clip_dino,0.7187915894630001,0.28120841053699985,,,,0.001860080629435261,6,7.6155280362148625,0.08829629527047905,1e-06,25,3.2652697563171387,3.2652697563171387,2.633279323577881,0.23623165488243103,"[1.6256506443023682, 1.6464266777038574, 1.750683307647705, 1.9613213539123535, 2.0079870223999023, 2.157909631729126, 2.278742790222168, 2.3744349479675293, 2.5065269470214844, 2.510219097137451, 2.688305139541626, 2.7974050045013428, 2.8555173873901367, 2.847686767578125, 2.8785786628723145, 2.9481334686279297, 3.006187915802002, 3.0686912536621094, 3.088174343109131, 3.0328187942504883, 3.0161774158477783, 3.1129188537597656, 3.1627936363220215, 3.2434239387512207, 3.2652697563171387]",
2026-03-10T12:07:15Z,57c2449ca649,trial,140,ok,3.2791690826416016,graph,clip_dino,0.7330790535560666,0.2669209464439334,,,,0.0017876705175029013,6,7.7885153753106735,0.07353089140149743,1e-06,25,3.2791690826416016,3.2791690826416016,2.647744655609131,0.2338014543056488,"[1.6256506443023682, 1.6461825370788574, 1.7542881965637207, 1.9715876579284668, 2.0191290378570557, 2.1721057891845703, 2.2949790954589844, 2.3919355869293213, 2.525146961212158, 2.5288734436035156, 2.702214002609253, 2.8146190643310547, 2.87341046333313, 2.864450454711914, 2.8974180221557617, 2.9672887325286865, 3.023669481277466, 3.087311267852783, 3.1062841415405273, 3.050980567932129, 3.0352203845977783, 3.1271321773529053, 3.1770851612091064, 3.2574880123138428, 3.2791690826416016]",
2026-03-10T12:07:17Z,57c2449ca649,trial,141,ok,3.2594950199127197,graph,clip_dino,0.7661429390246717,0.23385706097532832,,,,0.001883935560883778,6,8.27638497470675,0.0856307404325975,1e-06,25,3.2594950199127197,3.2594950199127197,2.6373636722564697,0.2271738499403,"[1.625650405883789, 1.6459015607833862, 1.7625237703323364, 1.9698238372802734, 2.0161490440368652, 2.173471450805664, 2.2961199283599854, 2.3842058181762695, 2.506716251373291, 2.5081610679626465, 2.685688018798828, 2.8018577098846436, 2.8614072799682617, 2.8520965576171875, 2.884565830230713, 2.955916166305542, 3.0158233642578125, 3.078857898712158, 3.0971319675445557, 3.0363330841064453, 3.0156824588775635, 3.1071126461029053, 3.155599594116211, 3.2377963066101074, 3.2594950199127197]",
2026-03-10T12:07:18Z,57c2449ca649,trial,142,ok,3.2683181762695312,graph,clip_dino,0.7746348853408584,0.22536511465914155,,,,0.0018651270601937051,6,7.770523518420954,0.059336685835392804,1e-06,25,3.2683181762695312,3.2683181762695312,2.6467902660369873,0.23478882014751434,"[1.6256506443023682, 1.645005464553833, 1.7642641067504883, 1.9769874811172485, 2.0198006629943848, 2.1824450492858887, 2.306999683380127, 2.3971941471099854, 2.522064447402954, 2.522918701171875, 2.6957216262817383, 2.812018871307373, 2.8743066787719727, 2.862973213195801, 2.896454334259033, 2.9678544998168945, 3.0254082679748535, 3.089901924133301, 3.1078643798828125, 3.047342300415039, 3.026435375213623, 3.119588851928711, 3.1651811599731445, 3.2470595836639404, 3.2683181762695312]",
2026-03-10T12:07:20Z,57c2449ca649,trial,143,ok,3.1677732467651367,graph,clip_dino,0.7816003888998299,0.21839961110017014,,,,0.0013165364161888701,9,6.427496154602977,0.05986939140720917,1e-06,25,3.1677732467651367,3.1677732467651367,2.55188250541687,0.2028999775648117,"[1.625650405883789, 1.6285972595214844, 1.7363839149475098, 1.9254554510116577, 1.9701168537139893, 2.105628728866577, 2.2044715881347656, 2.295133590698242, 2.4079465866088867, 2.4224681854248047, 2.570751190185547, 2.6777396202087402, 2.746753215789795, 2.746527671813965, 2.7736546993255615, 2.8415513038635254, 2.8870744705200195, 2.95872163772583, 2.9736361503601074, 2.9413723945617676, 2.9325625896453857, 3.031616687774658, 3.0793991088867188, 3.146070957183838, 3.1677732467651367]",
2026-03-10T12:07:22Z,57c2449ca649,trial,144,ok,3.214531898498535,graph,clip_dino,0.8128853991137519,0.1871146008862481,,,,0.001673069657992462,7,8.282180859191472,0.06993090598058689,1e-06,25,3.214531898498535,3.214531898498535,2.5965194702148438,0.20706260204315186,"[1.6256506443023682, 1.6345446109771729, 1.748589038848877, 1.9340392351150513, 1.9759583473205566, 2.1300506591796875, 2.242666244506836, 2.33532452583313, 2.4565792083740234, 2.4645583629608154, 2.6302490234375, 2.7534070014953613, 2.8206963539123535, 2.811934471130371, 2.837395191192627, 2.908041000366211, 2.960294723510742, 3.026197910308838, 3.0455613136291504, 2.994194507598877, 2.976835012435913, 3.0726356506347656, 3.119450569152832, 3.1936042308807373, 3.214531898498535]",
2026-03-10T12:07:24Z,57c2449ca649,trial,145,ok,3.2761495113372803,graph,clip_dino,0.7383020146436963,0.26169798535630373,,,,0.0017741314317430467,6,7.683724991908092,0.07756106070818357,1e-06,25,3.2761495113372803,3.2761495113372803,2.646211624145508,0.23526495695114136,"[1.625650405883789, 1.6464693546295166, 1.7547495365142822, 1.971789836883545, 2.018801212310791, 2.1720495223999023, 2.2943332195281982, 2.3911421298980713, 2.523878574371338, 2.5275378227233887, 2.7015180587768555, 2.8120012283325195, 2.8719730377197266, 2.8630385398864746, 2.894564628601074, 2.964620590209961, 3.021958589553833, 3.084880828857422, 3.104050397872925, 3.0487778186798096, 3.0327303409576416, 3.124129295349121, 3.1739044189453125, 3.254589557647705, 3.2761495113372803]",
2026-03-10T12:07:25Z,57c2449ca649,trial,146,ok,3.1694581508636475,graph,clip_dino,0.7683891216626092,0.2316108783373908,,,,0.0016806343816530753,8,7.665117991603098,0.07634439591039165,1e-06,25,3.1694581508636475,3.1694581508636475,2.5550315380096436,0.19942207634449005,"[1.6256506443023682, 1.6271934509277344, 1.7371541261672974, 1.9328069686889648, 1.9764703512191772, 2.108985424041748, 2.2090437412261963, 2.300632953643799, 2.4159998893737793, 2.428799629211426, 2.5941901206970215, 2.6995835304260254, 2.7609267234802246, 2.751337766647339, 2.775275945663452, 2.8420968055725098, 2.8928754329681396, 2.960165023803711, 2.9732718467712402, 2.9308714866638184, 2.9179840087890625, 3.0243184566497803, 3.07470440864563, 3.145991086959839, 3.1694581508636475]",
2026-03-10T12:07:27Z,57c2449ca649,trial,147,ok,3.27078914642334,graph,clip_dino,0.7381415832392009,0.26185841676079913,,,,0.0023068501717105083,6,5.020974408274053,0.06352405207985483,1e-06,25,3.27078914642334,3.27078914642334,2.6401360034942627,0.2903384864330292,"[1.6256506443023682, 1.6469953060150146, 1.7535626888275146, 1.9668304920196533, 2.0130839347839355, 2.163560628890991, 2.2848689556121826, 2.380157947540283, 2.512479305267334, 2.516026735305786, 2.694852352142334, 2.8056321144104004, 2.8646111488342285, 2.85678768157959, 2.8877294063568115, 2.9576215744018555, 3.0175137519836426, 3.0791983604431152, 3.0990676879882812, 3.0434279441833496, 3.0276498794555664, 3.118159294128418, 3.168086290359497, 3.2490553855895996, 3.27078914642334]",
2026-03-10T12:07:29Z,57c2449ca649,trial,148,ok,3.202209949493408,graph,clip_dino,0.7358411468261541,0.2641588531738459,,,,0.0018080366411960542,7,5.157396543425099,0.05819589904241638,1e-06,25,3.202209949493408,3.202209949493408,2.588407039642334,0.26143887639045715,"[1.6256506443023682, 1.6392581462860107, 1.7490565776824951, 1.9390673637390137, 1.9831093549728394, 2.1315858364105225, 2.239137649536133, 2.330752372741699, 2.451359987258911, 2.4586594104766846, 2.628878116607666, 2.741921901702881, 2.8083252906799316, 2.7998838424682617, 2.8250691890716553, 2.8980565071105957, 2.9488046169281006, 3.013606548309326, 3.0254123210906982, 2.9729700088500977, 2.956106185913086, 3.0555648803710938, 3.10436749458313, 3.181356906890869, 3.202209949493408]",
2026-03-10T12:07:30Z,57c2449ca649,trial,149,ok,3.2711758613586426,graph,clip_dino,0.7163913857023626,0.2836086142976374,,,,0.001078760608554775,6,4.322217822201445,0.06503658493331775,1e-06,25,3.2711758613586426,3.2711758613586426,2.6347475051879883,0.3112519085407257,"[1.6256505250930786, 1.6465524435043335, 1.749638557434082, 1.9579343795776367, 2.004349708557129, 2.1529979705810547, 2.2734265327453613, 2.36807918548584, 2.501265048980713, 2.5046846866607666, 2.6902434825897217, 2.7999722957611084, 2.85723876953125, 2.850432872772217, 2.8812685012817383, 2.9515585899353027, 3.0134143829345703, 3.0750653743743896, 3.095459461212158, 3.0388400554656982, 3.0226199626922607, 3.118617534637451, 3.1685714721679688, 3.2496256828308105, 3.2711758613586426]",
2026-03-10T12:07:32Z,57c2449ca649,trial,150,ok,3.1781105995178223,graph,clip_dino,0.7675270679273751,0.23247293207262487,,,,0.001063636335530273,8,3.53660769428349,0.05977383779550432,1e-06,25,3.1781105995178223,3.1781105995178223,2.5578153133392334,0.29088106751441956,"[1.6256505250930786, 1.625065565109253, 1.7375363111495972, 1.931938886642456, 1.9735828638076782, 2.1039671897888184, 2.203638792037964, 2.293414831161499, 2.4098825454711914, 2.4217753410339355, 2.598376989364624, 2.704176425933838, 2.764646530151367, 2.756911516189575, 2.7805867195129395, 2.8478846549987793, 2.9026975631713867, 2.9682681560516357, 2.9828848838806152, 2.938732147216797, 2.92630672454834, 3.031926393508911, 3.08250093460083, 3.1549243927001953, 3.1781105995178223]",
2026-03-10T12:07:34Z,57c2449ca649,trial,151,ok,3.192559242248535,graph,clip_dino,0.7146762140900692,0.2853237859099308,,,,0.001553563834883592,7,4.232236194393539,0.06714540320191896,1e-06,25,3.192559242248535,3.192559242248535,2.57997465133667,0.28751125931739807,"[1.625650405883789, 1.6397361755371094, 1.746385097503662, 1.9335641860961914, 1.9756507873535156, 2.1190474033355713, 2.2255208492279053, 2.3166496753692627, 2.4383609294891357, 2.4461991786956787, 2.6240739822387695, 2.7332119941711426, 2.798509120941162, 2.792517900466919, 2.8165793418884277, 2.888394355773926, 2.94181489944458, 3.0038089752197266, 3.016833782196045, 2.962958335876465, 2.944673538208008, 3.0472350120544434, 3.0977964401245117, 3.1716341972351074, 3.192559242248535]",
2026-03-10T12:07:35Z,57c2449ca649,trial,152,ok,3.265524387359619,graph,clip_dino,0.7379446791360419,0.2620553208639581,,,,0.002033142009140192,6,5.937106687841774,0.08226421260830763,1e-06,25,3.265524387359619,3.265524387359619,2.6353964805603027,0.26689663529396057,"[1.625650405883789, 1.6471471786499023, 1.7527270317077637, 1.9638876914978027, 2.0097715854644775, 2.15860652923584, 2.2792792320251465, 2.373711585998535, 2.5054869651794434, 2.5089986324310303, 2.6895389556884766, 2.8003673553466797, 2.858762502670288, 2.8515353202819824, 2.8820624351501465, 2.951746940612793, 3.012709617614746, 3.073751449584961, 3.093925952911377, 3.0382513999938965, 3.0225744247436523, 3.1126279830932617, 3.1626555919647217, 3.2436106204986572, 3.265524387359619]",
2026-03-10T12:07:37Z,57c2449ca649,trial,153,ok,3.2637367248535156,graph,clip_dino,0.7403672968995845,0.25963270310041553,,,,0.002000168770298762,6,4.838884106538695,0.08213718476286455,1e-06,25,3.2637367248535156,3.2637367248535156,2.6308767795562744,0.29524895548820496,"[1.6256505250930786, 1.647381067276001, 1.7513492107391357, 1.9583321809768677, 2.003134250640869, 2.148764133453369, 2.268124580383301, 2.3611326217651367, 2.4925379753112793, 2.4960670471191406, 2.6859583854675293, 2.796940326690674, 2.854015588760376, 2.847557306289673, 2.8773837089538574, 2.947721481323242, 3.0120596885681152, 3.071619987487793, 3.092534065246582, 3.0365521907806396, 3.0210862159729004, 3.110130786895752, 3.160475015640259, 3.2416765689849854, 3.2637367248535156]",
2026-03-10T12:07:40Z,57c2449ca649,trial,154,ok,3.267329216003418,graph,clip_dino,0.7477220747160631,0.2522779252839369,,,,0.0019185943500211473,6,4.723154258327647,0.08369852181638542,1e-06,25,3.267329216003418,3.267329216003418,2.6314029693603516,0.29865893721580505,"[1.6256505250930786, 1.6474682092666626, 1.750983476638794, 1.9570963382720947, 2.0016815662384033, 2.148061752319336, 2.2672312259674072, 2.359762191772461, 2.49187970161438, 2.4951581954956055, 2.686342716217041, 2.7973849773406982, 2.8541979789733887, 2.848036766052246, 2.8776707649230957, 2.9481353759765625, 3.0129456520080566, 3.072288990020752, 3.0934832096099854, 3.0373194217681885, 3.021939277648926, 3.1136913299560547, 3.163986921310425, 3.245347261428833, 3.267329216003418]",
2026-03-10T12:07:42Z,57c2449ca649,trial,155,ok,2.6166634559631348,graph,clip_dino,0.7423029077673697,0.25769709223263026,,,,0.001985836211153265,31,4.788706945526417,0.054484924676550334,1e-06,25,2.6166634559631348,2.6166634559631348,2.165402889251709,0.12123837321996689,"[1.625650405883789, 1.6330798864364624, 1.6774628162384033, 1.760424256324768, 1.8055531978607178, 1.8648015260696411, 1.909720778465271, 1.9701833724975586, 2.030944347381592, 2.0626413822174072, 2.113774061203003, 2.1828508377075195, 2.2283859252929688, 2.2546863555908203, 2.290471315383911, 2.337374687194824, 2.3690781593322754, 2.414395570755005, 2.434967279434204, 2.448054075241089, 2.457167863845825, 2.508211135864258, 2.5471432209014893, 2.5913867950439453, 2.6166634559631348]",
2026-03-10T12:07:44Z,57c2449ca649,trial,156,ok,3.2793586254119873,graph,clip_dino,0.7510205189967799,0.2489794810032201,,,,0.001051469820546845,6,3.8629824111990425,0.064795186292283,1e-06,25,3.2793586254119873,3.2793586254119873,2.641611337661743,0.32900574803352356,"[1.625650405883789, 1.647189736366272, 1.7535679340362549, 1.9629712104797363, 2.00809645652771, 2.1568102836608887, 2.276978015899658, 2.3709428310394287, 2.5043158531188965, 2.5073599815368652, 2.6983885765075684, 2.8096609115600586, 2.867094039916992, 2.860701560974121, 2.8912010192871094, 2.961337089538574, 3.025745153427124, 3.0852391719818115, 3.105659008026123, 3.0490705966949463, 3.033635139465332, 3.1256301403045654, 3.175830841064453, 3.2578516006469727, 3.2793586254119873]",
2026-03-10T12:07:46Z,57c2449ca649,trial,157,ok,3.1948046684265137,graph,clip_dino,0.7530181787019875,0.2469818212980125,,,,0.001111763008917928,7,3.205950955847281,0.06436347918059279,1e-06,25,3.1948046684265137,3.1948046684265137,2.5766472816467285,0.32882454991340637,"[1.6256505250930786, 1.6388392448425293, 1.7475471496582031, 1.9301173686981201, 1.9711915254592896, 2.112398147583008, 2.2186427116394043, 2.3063440322875977, 2.4261584281921387, 2.432448625564575, 2.615586042404175, 2.7288174629211426, 2.7927069664001465, 2.786593437194824, 2.8111963272094727, 2.8837594985961914, 2.941105604171753, 3.003648519515991, 3.017270088195801, 2.9653611183166504, 2.9487645626068115, 3.047095775604248, 3.09645414352417, 3.173677921295166, 3.1948046684265137]",
2026-03-10T12:07:47Z,57c2449ca649,trial,158,ok,3.0234551429748535,graph,clip_dino,0.8047582835445194,0.1952417164554806,,,,0.0008847876793026519,13,3.8923821562134244,0.07999532914395618,1e-06,25,3.0234551429748535,3.0234551429748535,2.4533491134643555,0.21101951599121094,"[1.6256505250930786, 1.634355068206787, 1.7200909852981567, 1.872115135192871, 1.9189802408218384, 2.0358824729919434, 2.119567394256592, 2.2034478187561035, 2.3022289276123047, 2.3239495754241943, 2.4522762298583984, 2.556523323059082, 2.6131904125213623, 2.618255138397217, 2.655625104904175, 2.7208662033081055, 2.7664196491241455, 2.828145980834961, 2.8417701721191406, 2.8314809799194336, 2.8231043815612793, 2.903529167175293, 2.9452338218688965, 2.997586727142334, 3.0234551429748535]",
2026-03-10T12:07:49Z,57c2449ca649,trial,159,ok,3.2468037605285645,graph,clip_dino,0.7484753761805168,0.25152462381948315,,,,0.0014932883484000735,6,2.687714127291516,0.07136242512792308,1e-06,25,3.2468037605285645,3.2468037605285645,2.6113462448120117,0.39278489351272583,"[1.625650405883789, 1.6477514505386353, 1.7470793724060059, 1.943598985671997, 1.986690878868103, 2.125812530517578, 2.241755962371826, 2.3301405906677246, 2.460341453552246, 2.4631590843200684, 2.663085460662842, 2.774468421936035, 2.8280391693115234, 2.8250412940979004, 2.852698802947998, 2.922459363937378, 2.994863271713257, 3.0511348247528076, 3.074252128601074, 3.0173420906066895, 3.002734661102295, 3.091904401779175, 3.1424827575683594, 3.224365234375, 3.2468037605285645]",
2026-03-10T12:07:51Z,57c2449ca649,trial,160,ok,3.183149576187134,graph,clip_dino,0.7324171959065675,0.2675828040934325,,,,0.0013870671090871365,8,4.60876494219126,0.05019871180481172,1e-06,25,3.183149576187134,3.183149576187134,2.566544532775879,0.2557443678379059,"[1.625650405883789, 1.6315070390701294, 1.7422587871551514, 1.9420945644378662, 1.9863307476043701, 2.1194591522216797, 2.219951629638672, 2.312067985534668, 2.4242453575134277, 2.4368815422058105, 2.60671067237854, 2.712611198425293, 2.7745888233184814, 2.766018867492676, 2.7893426418304443, 2.8570656776428223, 2.9089696407318115, 2.9755373001098633, 2.988323211669922, 2.944615125656128, 2.9316935539245605, 3.0370683670043945, 3.0876240730285645, 3.1598453521728516, 3.183149576187134]",
2026-03-10T12:07:53Z,57c2449ca649,trial,161,ok,3.2566497325897217,graph,clip_dino,0.7048219949993891,0.29517800500061087,,,,0.0012511231362682782,6,5.331220545505065,0.07669698674801864,1e-06,25,3.2566497325897217,3.2566497325897217,2.622645378112793,0.2805388271808624,"[1.6256506443023682, 1.646493673324585, 1.7505418062210083, 1.9588851928710938, 2.00531005859375, 2.151067018508911, 2.2673487663269043, 2.3636622428894043, 2.4838786125183105, 2.4862160682678223, 2.6705336570739746, 2.7797906398773193, 2.837623119354248, 2.8310368061065674, 2.861924648284912, 2.932494640350342, 2.996924638748169, 3.0574469566345215, 3.077476978302002, 3.024458885192871, 3.0081145763397217, 3.10428524017334, 3.1536569595336914, 3.2346606254577637, 3.2566497325897217]",
2026-03-10T12:07:55Z,57c2449ca649,trial,162,ok,3.2681493759155273,graph,clip_dino,0.7359256522541048,0.2640743477458952,,,,0.0020224774237284425,6,6.08071135411731,0.08604122797350813,1e-06,25,3.2681493759155273,3.2681493759155273,2.6359622478485107,0.26374104619026184,"[1.6256505250930786, 1.6472119092941284, 1.7524454593658447, 1.9633581638336182, 2.009352207183838, 2.157329559326172, 2.2778215408325195, 2.3716557025909424, 2.5032334327697754, 2.506866216659546, 2.687885046005249, 2.8009581565856934, 2.8590409755706787, 2.8523988723754883, 2.883863687515259, 2.9532132148742676, 3.014496326446533, 3.0760416984558105, 3.096158027648926, 3.0403945446014404, 3.0250039100646973, 3.115190029144287, 3.165290117263794, 3.2460527420043945, 3.2681493759155273]",
2026-03-10T12:07:57Z,57c2449ca649,trial,163,ok,3.280580997467041,graph,clip_dino,0.7363794314365456,0.2636205685634544,,,,0.002024718516737674,6,5.797230434307901,0.06295682859780731,1e-06,25,3.280580997467041,3.280580997467041,2.6474292278289795,0.27044352889060974,"[1.6256505250930786, 1.646672010421753, 1.754563570022583, 1.970760703086853, 2.017591953277588, 2.169938564300537, 2.2920892238616943, 2.3881945610046387, 2.521066427230835, 2.5248026847839355, 2.7007076740264893, 2.8134398460388184, 2.8730661869049072, 2.8648571968078613, 2.897385358810425, 2.9672231674194336, 3.025508165359497, 3.088749885559082, 3.1080427169799805, 3.0524628162384033, 3.0369114875793457, 3.128354072570801, 3.178196907043457, 3.258917808532715, 3.280580997467041]",
2026-03-10T12:07:59Z,57c2449ca649,trial,164,ok,3.263667583465576,graph,clip_dino,0.782432091466228,0.21756790853377195,,,,0.001971388139200654,6,6.007914811572877,0.06301654496166384,1e-06,25,3.263667583465576,3.263667583465576,2.6397476196289062,0.2663021385669708,"[1.6256505250930786, 1.645890235900879, 1.7613234519958496, 1.9691354036331177, 2.011286735534668, 2.1705822944641113, 2.2941672801971436, 2.381877899169922, 2.505760908126831, 2.5067944526672363, 2.6878743171691895, 2.8047430515289307, 2.8660635948181152, 2.8564629554748535, 2.8893039226531982, 2.9601855278015137, 3.0199930667877197, 3.0846800804138184, 3.104243755340576, 3.043468713760376, 3.0229287147521973, 3.1146421432495117, 3.1604297161102295, 3.2425384521484375, 3.263667583465576]",
2026-03-10T12:08:01Z,57c2449ca649,trial,165,ok,3.1964454650878906,graph,clip_dino,0.7850773395446989,0.21492266045530106,,,,0.0023136233357048523,7,5.892103921813599,0.06405880390155042,1e-06,25,3.1964454650878906,3.1964454650878906,2.579122304916382,0.2452513575553894,"[1.6256505250930786, 1.6338026523590088, 1.7479429244995117, 1.9244334697723389, 1.9643242359161377, 2.1152939796447754, 2.223346710205078, 2.314910411834717, 2.4352645874023438, 2.442725896835327, 2.6112656593322754, 2.733517646789551, 2.800156593322754, 2.790984630584717, 2.815978527069092, 2.8876771926879883, 2.9415063858032227, 3.006645679473877, 3.0184173583984375, 2.967634677886963, 2.9503495693206787, 3.0537962913513184, 3.100754976272583, 3.175239086151123, 3.1964454650878906]",
2026-03-10T12:08:03Z,57c2449ca649,trial,166,ok,3.197136402130127,graph,clip_dino,0.7344289275452537,0.2655710724547463,,,,0.0019984904270332862,7,4.126836029223167,0.05506830808439866,1e-06,25,3.197136402130127,3.197136402130127,2.5862534046173096,0.2918155789375305,"[1.625650405883789, 1.640242099761963, 1.7506808042526245, 1.939292550086975, 1.9821863174438477, 2.1281704902648926, 2.2351341247558594, 2.3254926204681396, 2.4452924728393555, 2.453676700592041, 2.626837730407715, 2.740189552307129, 2.8061490058898926, 2.7997751235961914, 2.824594020843506, 2.897408962249756, 2.948390483856201, 3.01143217086792, 3.0236196517944336, 2.9710559844970703, 2.9541516304016113, 3.0523157119750977, 3.101287364959717, 3.1761691570281982, 3.197136402130127]",
2026-03-10T12:08:05Z,57c2449ca649,trial,167,ok,3.2551536560058594,graph,clip_dino,0.8148305943335391,0.1851694056664609,,,,0.001567695598254719,5,3.4482390759847026,0.06340351712250758,1e-06,25,3.2551536560058594,3.2551536560058594,2.6556427478790283,0.38890326023101807,"[1.6256505250930786, 1.6450154781341553, 1.7556630373001099, 1.9552737474441528, 2.001955270767212, 2.1618599891662598, 2.2895445823669434, 2.3796048164367676, 2.5380358695983887, 2.5315678119659424, 2.743347644805908, 2.8440496921539307, 2.89931058883667, 2.8898775577545166, 2.921800136566162, 3.0032496452331543, 3.0734639167785645, 3.1240897178649902, 3.150421142578125, 3.05179762840271, 3.024348258972168, 3.1226003170013428, 3.1642849445343018, 3.2390990257263184, 3.2551536560058594]",
2026-03-10T12:08:07Z,57c2449ca649,trial,168,ok,3.253528594970703,graph,clip_dino,0.7153318258694754,0.2846681741305246,,,,0.0026646179242020987,6,5.984431020938044,0.07423776384362682,1e-06,25,3.253528594970703,3.253528594970703,2.6249194145202637,0.2664385735988617,"[1.6256505250930786, 1.6462205648422241, 1.7495883703231812, 1.9583311080932617, 2.0048766136169434, 2.15358304977417, 2.269601345062256, 2.3645987510681152, 2.495943546295166, 2.4996914863586426, 2.6785497665405273, 2.7873775959014893, 2.8450119495391846, 2.837794780731201, 2.8682525157928467, 2.9378607273101807, 2.996385097503662, 3.0584750175476074, 3.0781137943267822, 3.0225539207458496, 3.0057709217071533, 3.1022517681121826, 3.1515235900878906, 3.231452703475952, 3.253528594970703]",
2026-03-10T12:08:09Z,57c2449ca649,trial,169,ok,3.194821834564209,graph,clip_dino,0.7568595377083591,0.24314046229164088,,,,0.002110766592149221,7,5.15480913902675,0.06728642066011616,1e-06,25,3.194821834564209,3.194821834564209,2.579312324523926,0.26140132546424866,"[1.6256506443023682, 1.6382277011871338, 1.7468688488006592, 1.9312305450439453, 1.9734457731246948, 2.119701623916626, 2.2284364700317383, 2.3187217712402344, 2.4380640983581543, 2.4449379444122314, 2.618259906768799, 2.7310001850128174, 2.7964398860931396, 2.788370132446289, 2.813523769378662, 2.8861687183380127, 2.9385175704956055, 3.003061532974243, 3.015411615371704, 2.9648191928863525, 2.948007345199585, 3.0481982231140137, 3.0971553325653076, 3.1737759113311768, 3.194821834564209]",
2026-03-10T12:08:11Z,57c2449ca649,trial,170,ok,3.2700889110565186,graph,clip_dino,0.7776588593100058,0.22234114068999422,,,,0.0016782039792697227,5,4.181969369843868,0.059034477946314126,1e-06,25,3.2700889110565186,3.2700889110565186,2.6655218601226807,0.35558417439460754,"[1.6256505250930786, 1.6440293788909912, 1.7579847574234009, 1.9636850357055664, 2.0118114948272705, 2.1764421463012695, 2.302844285964966, 2.3963541984558105, 2.5567467212677, 2.550240993499756, 2.754831552505493, 2.848928213119507, 2.9063045978546143, 2.8935935497283936, 2.9223837852478027, 3.003359079360962, 3.0687599182128906, 3.1339011192321777, 3.1595282554626465, 3.0716500282287598, 3.042297601699829, 3.1403543949127197, 3.1819210052490234, 3.254354953765869, 3.2700889110565186]",
2026-03-10T12:08:13Z,57c2449ca649,trial,171,ok,3.274841785430908,graph,clip_dino,0.7763088958475536,0.22369110415244642,,,,0.0017351369813378855,5,4.517495067062641,0.05782078879802826,1e-06,25,3.274841785430908,3.274841785430908,2.6702985763549805,0.3425886631011963,"[1.6256505250930786, 1.6438074111938477, 1.758805751800537, 1.9667935371398926, 2.015381097793579, 2.182097911834717, 2.309131622314453, 2.4036431312561035, 2.5644736289978027, 2.5580430030822754, 2.7605128288269043, 2.8544535636901855, 2.912571907043457, 2.8990302085876465, 2.9281787872314453, 3.0092549324035645, 3.0730628967285156, 3.139089822769165, 3.16414213180542, 3.0762901306152344, 3.0467748641967773, 3.14542293548584, 3.186859607696533, 3.259148597717285, 3.274841785430908]",
2026-03-10T12:08:15Z,57c2449ca649,trial,172,ok,3.278327465057373,graph,clip_dino,0.7788661279432396,0.22113387205676038,,,,0.0006994151562271383,5,4.268936032345633,0.057098755848375954,1e-06,25,3.278327465057373,3.278327465057373,2.6727001667022705,0.35085296630859375,"[1.6256506443023682, 1.6440150737762451, 1.7589519023895264, 1.9670076370239258, 2.0155646800994873, 2.183082103729248, 2.310272216796875, 2.4046998023986816, 2.566162586212158, 2.55963134765625, 2.763422727584839, 2.8575563430786133, 2.9156715869903564, 2.902233600616455, 2.9315428733825684, 3.0129318237304688, 3.077620029449463, 3.1435370445251465, 3.1679868698120117, 3.0795340538024902, 3.049852132797241, 3.148935317993164, 3.190383195877075, 3.262930393218994, 3.278327465057373]",
2026-03-10T12:08:17Z,57c2449ca649,trial,173,ok,3.30472993850708,graph,clip_dino,0.8408350670902462,0.15916493290975375,,,,0.000663871345308242,5,3.813034014658083,0.053670814327392805,1e-06,25,3.30472993850708,3.30472993850708,2.687318801879883,0.3699674904346466,"[1.6256505250930786, 1.644315481185913, 1.758565902709961, 1.9650859832763672, 2.0131418704986572, 2.183688163757324, 2.316498279571533, 2.411135673522949, 2.5725650787353516, 2.566185474395752, 2.774531841278076, 2.879530429840088, 2.9370365142822266, 2.9243855476379395, 2.9602441787719727, 3.0434956550598145, 3.1085591316223145, 3.1615705490112305, 3.1866466999053955, 3.098980665206909, 3.071995735168457, 3.171815872192383, 3.2139627933502197, 3.288644313812256, 3.30472993850708]",
2026-03-10T12:08:18Z,57c2449ca649,trial,174,ok,3.2729287147521973,graph,clip_dino,0.8258673336094987,0.1741326663905013,,,,0.0007050297770649242,5,3.025814547191594,0.05511823119163935,1e-06,25,3.2729287147521973,3.2729287147521973,2.663229465484619,0.4136303961277008,"[1.625650405883789, 1.644736409187317, 1.7563233375549316, 1.95516037940979, 2.001901388168335, 2.1661813259124756, 2.2945313453674316, 2.3851661682128906, 2.5439517498016357, 2.537403106689453, 2.748591423034668, 2.849762439727783, 2.9056200981140137, 2.895988941192627, 2.9289889335632324, 3.0107059478759766, 3.0796685218811035, 3.130124568939209, 3.1566128730773926, 3.069192886352539, 3.042224645614624, 3.140275239944458, 3.1819396018981934, 3.2571029663085938, 3.2729287147521973]",
2026-03-10T12:08:20Z,57c2449ca649,trial,175,ok,3.2617015838623047,graph,clip_dino,0.8498040873404487,0.15019591265955134,,,,0.0007417788659091022,5,2.4083489647906346,0.055655535486753546,1e-06,25,3.2617015838623047,3.2617015838623047,2.651214599609375,0.4619511365890503,"[1.6256506443023682, 1.6470863819122314, 1.7566328048706055, 1.9490126371383667, 1.9946894645690918, 2.152982711791992, 2.2812106609344482, 2.369234800338745, 2.526383876800537, 2.5192432403564453, 2.7305450439453125, 2.835148334503174, 2.8876991271972656, 2.880375623703003, 2.913478136062622, 2.99440336227417, 3.067277669906616, 3.115067958831787, 3.143646240234375, 3.0561585426330566, 3.030407667160034, 3.127166748046875, 3.1697967052459717, 3.245363712310791, 3.2617015838623047]",
2026-03-10T12:08:22Z,57c2449ca649,trial,176,ok,3.27803373336792,graph,clip_dino,0.8019537430278789,0.19804625697212108,,,,0.0005898549300176364,5,3.76696110296922,0.05000124486398013,1e-06,25,3.27803373336792,3.27803373336792,2.678738594055176,0.37316757440567017,"[1.6256505250930786, 1.6444494724273682, 1.7589211463928223, 1.968276023864746, 2.017319679260254, 2.185426712036133, 2.315911054611206, 2.4104135036468506, 2.571913242340088, 2.5655465126037598, 2.7720139026641846, 2.873028039932251, 2.9311318397521973, 2.9172959327697754, 2.951085090637207, 3.0333380699157715, 3.0981578826904297, 3.152127981185913, 3.1761279106140137, 3.0769710540771484, 3.0484962463378906, 3.1464850902557373, 3.187791585922241, 3.2625551223754883, 3.27803373336792]",
2026-03-10T12:08:24Z,57c2449ca649,trial,177,ok,3.332535982131958,graph,clip_dino,0.8043152702682166,0.1956847297317834,,,,0.000628883487464051,4,3.77707432022144,0.050668629882755355,1e-06,25,3.332535982131958,3.332535982131958,2.7046058177948,0.43209898471832275,"[1.6256505250930786, 1.643670678138733, 1.7580938339233398, 1.9717457294464111, 2.0257391929626465, 2.2015628814697266, 2.3405344486236572, 2.4318432807922363, 2.59446120262146, 2.5951757431030273, 2.8135900497436523, 2.8904428482055664, 2.935208320617676, 2.9199376106262207, 2.961740016937256, 3.0574228763580322, 3.127978563308716, 3.173684597015381, 3.206977367401123, 3.135215997695923, 3.1111364364624023, 3.1996259689331055, 3.2413034439086914, 3.319866895675659, 3.332535982131958]",
2026-03-10T12:08:26Z,57c2449ca649,trial,178,ok,3.344280481338501,graph,clip_dino,0.8351503492000469,0.16484965079995306,,,,0.0006244012695683318,4,2.876658210380004,0.05132355898301551,1e-06,25,3.344280481338501,3.344280481338501,2.7015554904937744,0.49148762226104736,"[1.625650405883789, 1.6443605422973633, 1.7549943923950195, 1.960296869277954, 2.0119471549987793, 2.1826958656311035, 2.321307897567749, 2.4053449630737305, 2.5824708938598633, 2.5822083950042725, 2.8122589588165283, 2.8872644901275635, 2.9298369884490967, 2.9185843467712402, 2.9598703384399414, 3.0538887977600098, 3.1320574283599854, 3.1750617027282715, 3.2097253799438477, 3.1379857063293457, 3.114445686340332, 3.2082138061523438, 3.252779960632324, 3.3313565254211426, 3.344280481338501]",
2026-03-10T12:08:28Z,57c2449ca649,trial,179,ok,3.341550827026367,graph,clip_dino,0.8463526737316813,0.15364732626831867,,,,0.0006204116952548285,4,2.977763451320309,0.05180620297523695,1e-06,25,3.341550827026367,3.341550827026367,2.7012929916381836,0.4836621880531311,"[1.625650405883789, 1.6421879529953003, 1.7519968748092651, 1.959018588066101, 2.0113368034362793, 2.182664155960083, 2.3214144706726074, 2.4086129665374756, 2.5858821868896484, 2.5856003761291504, 2.8151450157165527, 2.887930393218994, 2.9304895401000977, 2.91878080368042, 2.961080551147461, 3.055506706237793, 3.129591226577759, 3.1742615699768066, 3.208385467529297, 3.1365253925323486, 3.1129589080810547, 3.2069764137268066, 3.2503271102905273, 3.3284473419189453, 3.341550827026367]",
2026-03-10T12:08:30Z,57c2449ca649,trial,180,ok,3.3383584022521973,graph,clip_dino,0.8530980223139778,0.1469019776860222,,,,0.0006398557954951128,4,2.968218048990818,0.05220994527539255,1e-06,25,3.3383584022521973,3.3383584022521973,2.70060658454895,0.4846707582473755,"[1.6256505250930786, 1.642487645149231, 1.7520956993103027, 1.958766222000122, 2.0123536586761475, 2.183229446411133, 2.3219377994537354, 2.4092745780944824, 2.586428165435791, 2.5860352516174316, 2.815840244293213, 2.88862943649292, 2.9309921264648438, 2.919360876083374, 2.9615988731384277, 3.05615234375, 3.1304080486297607, 3.171039581298828, 3.2053005695343018, 3.1333868503570557, 3.109816551208496, 3.203702449798584, 3.2470569610595703, 3.325268268585205, 3.3383584022521973]",
2026-03-10T12:08:32Z,57c2449ca649,trial,181,ok,3.3401713371276855,graph,clip_dino,0.843744751274257,0.15625524872574303,,,,0.0006333041263748761,4,2.970937404359301,0.051999082512864885,1e-06,25,3.3401713371276855,3.3401713371276855,2.6998043060302734,0.48412972688674927,"[1.625650405883789, 1.6421329975128174, 1.7517919540405273, 1.9575167894363403, 2.009810209274292, 2.181023597717285, 2.3196821212768555, 2.406972885131836, 2.5838122367858887, 2.583510398864746, 2.81321382522583, 2.885915756225586, 2.9284121990203857, 2.916809558868408, 2.9590706825256348, 3.0539357662200928, 3.128016710281372, 3.172666072845459, 3.206876277923584, 3.1350576877593994, 3.1115198135375977, 3.2055416107177734, 3.248922348022461, 3.327075481414795, 3.3401713371276855]",
2026-03-10T12:08:34Z,57c2449ca649,trial,182,ok,3.343830108642578,graph,clip_dino,0.8486701415135466,0.15132985848645342,,,,0.0006226244615678899,4,2.9791587296305355,0.05077270804458479,1e-06,25,3.343830108642578,3.343830108642578,2.703289747238159,0.4837459921836853,"[1.6256506443023682, 1.642190933227539, 1.7522954940795898, 1.9599783420562744, 2.012434482574463, 2.184415340423584, 2.323460578918457, 2.4110453128814697, 2.5885391235351562, 2.5883114337921143, 2.817589521408081, 2.8903985023498535, 2.933178186416626, 2.9212398529052734, 2.963653087615967, 3.0581698417663574, 3.131804943084717, 3.176764488220215, 3.2106776237487793, 3.138754367828369, 3.115145444869995, 3.2093305587768555, 3.2526402473449707, 3.3307442665100098, 3.343830108642578]",
2026-03-10T12:08:35Z,57c2449ca649,trial,183,ok,3.3500747680664062,graph,clip_dino,0.8495719029864992,0.1504280970135008,,,,0.0006123800590318016,4,3.1392207160296035,0.05044615326613909,1e-06,25,3.3500747680664062,3.3500747680664062,2.7087881565093994,0.47177666425704956,"[1.625650405883789, 1.6421866416931152, 1.7531555891036987, 1.962715983390808, 2.015564441680908, 2.1893696784973145, 2.3291707038879395, 2.417816400527954, 2.595897674560547, 2.5958218574523926, 2.8243069648742676, 2.8971712589263916, 2.9405627250671387, 2.9279868602752686, 2.9707155227661133, 3.065474033355713, 3.1378326416015625, 3.1835994720458984, 3.2169103622436523, 3.144845724105835, 3.1211118698120117, 3.2157514095306396, 3.258976936340332, 3.3370347023010254, 3.3500747680664062]",
2026-03-10T12:08:37Z,57c2449ca649,trial,184,ok,3.3209290504455566,graph,clip_dino,0.8577891055285809,0.1422108944714191,,,,0.0006181937766813875,4,2.982305823147163,0.05359573073574497,1e-06,25,3.3209290504455566,3.3209290504455566,2.693899154663086,0.4833725094795227,"[1.6256506443023682, 1.6449315547943115, 1.7572948932647705, 1.9637326002120972, 2.016831398010254, 2.1840837001800537, 2.3225178718566895, 2.4074134826660156, 2.583137035369873, 2.585530996322632, 2.8132808208465576, 2.8860602378845215, 2.927891731262207, 2.9072749614715576, 2.949517250061035, 3.0444250106811523, 3.119201898574829, 3.1575522422790527, 3.1905019283294678, 3.1180055141448975, 3.0946006774902344, 3.1879289150238037, 3.231372356414795, 3.307809352874756, 3.3209290504455566]",
2026-03-10T12:08:39Z,57c2449ca649,trial,185,ok,3.3172342777252197,graph,clip_dino,0.8526461516909838,0.1473538483090162,,,,0.0005794016020967016,4,2.4189405342239914,0.0508757531274313,1e-06,25,3.3172342777252197,3.3172342777252197,2.6825222969055176,0.5346915125846863,"[1.6256505250930786, 1.6425427198410034, 1.7497681379318237, 1.9505031108856201, 2.002683162689209, 2.1678104400634766, 2.3039965629577637, 2.3879759311676025, 2.5630619525909424, 2.562182903289795, 2.7936043739318848, 2.86616587638855, 2.9065394401550293, 2.8968544006347656, 2.938011407852173, 3.031677722930908, 3.1099894046783447, 3.1480770111083984, 3.1842494010925293, 3.1129097938537598, 3.089752197265625, 3.1821136474609375, 3.225677728652954, 3.304021120071411, 3.3172342777252197]",
2026-03-10T12:08:41Z,57c2449ca649,trial,186,ok,3.332868814468384,graph,clip_dino,0.8513218072608,0.14867819273920002,,,,0.0005719260723352938,4,2.7292283501127454,0.050493355407464295,1e-06,25,3.332868814468384,3.332868814468384,2.6958179473876953,0.5047888159751892,"[1.625650405883789, 1.6424922943115234, 1.7514073848724365, 1.956470251083374, 2.0096850395202637, 2.1789989471435547, 2.3170242309570312, 2.4034371376037598, 2.5800936222076416, 2.5795648097991943, 2.8099777698516846, 2.882701873779297, 2.9245262145996094, 2.9134392738342285, 2.9553942680358887, 3.0497331619262695, 3.125126838684082, 3.1650404930114746, 3.1998257637023926, 3.128065347671509, 3.1046018600463867, 3.1980695724487305, 3.2414920330047607, 3.319753885269165, 3.332868814468384]",
2026-03-10T12:08:42Z,57c2449ca649,trial,187,ok,3.317509651184082,graph,clip_dino,0.8549742844093894,0.14502571559061062,,,,0.0005092826356278303,4,2.3710702688985372,0.05008782734383099,1e-06,25,3.317509651184082,3.317509651184082,2.6824865341186523,0.540066659450531,"[1.6256505250930786, 1.6426359415054321, 1.7497085332870483, 1.9503099918365479, 2.002500057220459, 2.1675822734832764, 2.3037660121917725, 2.387784004211426, 2.5626137256622314, 2.5617175102233887, 2.793175458908081, 2.865734100341797, 2.906111717224121, 2.8963186740875244, 2.937492847442627, 3.0318784713745117, 3.1102819442749023, 3.14835786819458, 3.1846582889556885, 3.113314151763916, 3.090174674987793, 3.182487964630127, 3.22609543800354, 3.304302930831909, 3.317509651184082]",
2026-03-10T12:08:44Z,57c2449ca649,trial,188,ok,3.311016798019409,graph,clip_dino,0.8668925125300267,0.13310748746997325,,,,0.0005001875283093747,4,2.4192449934024314,0.05193309567694316,1e-06,25,3.311016798019409,3.311016798019409,2.6804111003875732,0.5345554351806641,"[1.625650405883789, 1.6454441547393799, 1.75467050075531, 1.9555540084838867, 2.006530523300171, 2.1692209243774414, 2.306006908416748, 2.3884339332580566, 2.561306953430176, 2.5631532669067383, 2.792875289916992, 2.8671250343322754, 2.908501625061035, 2.891202926635742, 2.9305834770202637, 3.025813102722168, 3.1049857139587402, 3.143111228942871, 3.17834210395813, 3.1067285537719727, 3.083597183227539, 3.1743111610412598, 3.218240976333618, 3.2978644371032715, 3.311016798019409]",
2026-03-10T12:08:46Z,57c2449ca649,trial,189,ok,3.304945468902588,graph,clip_dino,0.8512284262666975,0.14877157373330252,,,,0.0005046170803846847,4,2.218892260545411,0.05126543469148295,1e-06,25,3.304945468902588,3.304945468902588,2.6723084449768066,0.5569099187850952,"[1.625650405883789, 1.6425871849060059, 1.7486917972564697, 1.9462103843688965, 1.997603178024292, 2.1596193313598633, 2.294346809387207, 2.3765006065368652, 2.5503149032592773, 2.5491786003112793, 2.7809970378875732, 2.8534092903137207, 2.8926756381988525, 2.884005308151245, 2.924544334411621, 3.0176472663879395, 3.098109006881714, 3.1348252296447754, 3.1720237731933594, 3.1010751724243164, 3.0781476497650146, 3.1696314811706543, 3.2132928371429443, 3.2916712760925293, 3.304945468902588]",
2026-03-10T12:08:48Z,57c2449ca649,trial,190,ok,3.3099303245544434,graph,clip_dino,0.8602663554439474,0.13973364455605264,,,,0.0005490801115866728,4,2.4784802276851003,0.05078137126967226,1e-06,25,3.3099303245544434,3.3099303245544434,2.682778835296631,0.5284421443939209,"[1.625650405883789, 1.6451807022094727, 1.7556328773498535, 1.957991600036621, 2.00933837890625, 2.1731348037719727, 2.3098068237304688, 2.3923144340515137, 2.566587448120117, 2.5688905715942383, 2.797618865966797, 2.8709216117858887, 2.9116148948669434, 2.893496036529541, 2.935004234313965, 3.029149055480957, 3.1064162254333496, 3.145139217376709, 3.179591655731201, 3.10772967338562, 3.0846848487854004, 3.176637649536133, 3.2201945781707764, 3.2968108654022217, 3.3099303245544434]",
2026-03-10T12:08:50Z,57c2449ca649,trial,191,ok,3.3210558891296387,graph,clip_dino,0.8510033953148588,0.1489966046851412,,,,0.0005031224253553085,4,2.5105657311524565,0.051298803025320076,1e-06,25,3.3210558891296387,3.3210558891296387,2.6857223510742188,0.5250847935676575,"[1.625650405883789, 1.6425236463546753, 1.7501238584518433, 1.9518811702728271, 2.0043106079101562, 2.1704227924346924, 2.307036876678467, 2.3915793895721436, 2.5670766830444336, 2.566276788711548, 2.797560930252075, 2.8701560497283936, 2.910869598388672, 2.900864601135254, 2.9422149658203125, 3.036055564880371, 3.113710641860962, 3.1522059440612793, 3.188056468963623, 3.1166210174560547, 3.0933878421783447, 3.186002254486084, 3.2295401096343994, 3.3078739643096924, 3.3210558891296387]",
2026-03-10T12:08:51Z,57c2449ca649,trial,192,ok,3.315986156463623,graph,clip_dino,0.8558398212393667,0.14416017876063325,,,,0.0005021673914731514,4,2.397001530531052,0.05035528810551879,1e-06,25,3.315986156463623,3.315986156463623,2.6818063259124756,0.5371893644332886,"[1.6256506443023682, 1.642659068107605, 1.7498410940170288, 1.9505846500396729, 2.00285005569458, 2.1672286987304688, 2.303532123565674, 2.3870623111724854, 2.5617003440856934, 2.5608224868774414, 2.792275905609131, 2.864830255508423, 2.9052295684814453, 2.8955554962158203, 2.9367756843566895, 3.0311789512634277, 3.109452724456787, 3.147594690322876, 3.1840133666992188, 3.1127076148986816, 3.0895333290100098, 3.180847406387329, 3.2244722843170166, 3.3027710914611816, 3.315986156463623]",
2026-03-10T12:08:53Z,57c2449ca649,trial,193,ok,3.315333843231201,graph,clip_dino,0.8505201412999137,0.1494798587000863,,,,0.0005133364856529529,4,2.3468000115797407,0.05015756944412592,1e-06,25,3.315333843231201,3.315333843231201,2.680912733078003,0.5425310134887695,"[1.625650405883789, 1.6425424814224243, 1.749577283859253, 1.9498000144958496, 2.0018579959869385, 2.16648268699646, 2.302417516708374, 2.386091470718384, 2.5609991550445557, 2.5600757598876953, 2.79162859916687, 2.86415958404541, 2.9043514728546143, 2.8948378562927246, 2.935898780822754, 3.029484272003174, 3.108166217803955, 3.1460132598876953, 3.1823534965515137, 3.111086845397949, 3.0879623889923096, 3.1801722049713135, 3.223761558532715, 3.3021178245544434, 3.315333843231201]",
2026-03-10T12:08:55Z,57c2449ca649,trial,194,ok,3.315852642059326,graph,clip_dino,0.8539921189922901,0.1460078810077099,,,,0.0005051611549067242,4,2.3638355754981553,0.05032593407947896,1e-06,25,3.315852642059326,3.315852642059326,2.6813597679138184,0.5406301617622375,"[1.625650405883789, 1.642549991607666, 1.7496302127838135, 1.9499741792678833, 2.002058744430542, 2.1668190956115723, 2.302849769592285, 2.386612892150879, 2.561582088470459, 2.560669422149658, 2.792180299758911, 2.8647212982177734, 2.9049601554870605, 2.895397186279297, 2.93648099899292, 3.030090093612671, 3.108689308166504, 3.146596670150757, 3.182901382446289, 3.111603260040283, 3.0884735584259033, 3.180724859237671, 3.2242894172668457, 3.3026416301727295, 3.315852642059326]",
2026-03-10T12:08:56Z,57c2449ca649,trial,195,ok,3.304497003555298,graph,clip_dino,0.8584650066265098,0.14153499337349018,,,,0.0005034517396468461,4,2.354633750715345,0.050195573522177205,1e-06,25,3.304497003555298,3.304497003555298,2.6783480644226074,0.5417672991752625,"[1.6256506443023682, 1.6451963186264038, 1.755133867263794, 1.9561563730239868, 2.0071980953216553, 2.1697030067443848, 2.3057961463928223, 2.3875582218170166, 2.5613856315612793, 2.563563108444214, 2.7925894260406494, 2.8651578426361084, 2.9054009914398193, 2.8878204822540283, 2.9290757179260254, 3.022984266281128, 3.1011409759521484, 3.1393189430236816, 3.1742143630981445, 3.1024811267852783, 3.0795159339904785, 3.171091318130493, 3.21471905708313, 3.2913503646850586, 3.304497003555298]",
2026-03-10T12:08:58Z,57c2449ca649,trial,196,ok,3.314617395401001,graph,clip_dino,0.8493127264827907,0.15068727351720934,,,,0.0005090624759349518,4,2.354563928226116,0.051348421711532574,1e-06,25,3.314617395401001,3.314617395401001,2.6784071922302246,0.5410788059234619,"[1.6256506443023682, 1.6422667503356934, 1.7490862607955933, 1.9485838413238525, 1.9992403984069824, 2.163309097290039, 2.298891305923462, 2.3818681240081787, 2.5564584732055664, 2.555567741394043, 2.787036657333374, 2.859530448913574, 2.8995561599731445, 2.8902831077575684, 2.931215286254883, 3.024493932723999, 3.1036696434020996, 3.145115852355957, 3.1816658973693848, 3.1105263233184814, 3.08748197555542, 3.179555892944336, 3.223141670227051, 3.3013648986816406, 3.314617395401001]",
2026-03-10T12:09:00Z,57c2449ca649,trial,197,ok,3.282785415649414,graph,clip_dino,0.8451792698233431,0.15482073017665687,,,,0.0005640946926617577,4,1.8488036452802314,0.05015098385164013,1e-06,25,3.282785415649414,3.282785415649414,2.652393102645874,0.6070788502693176,"[1.6256506443023682, 1.6423625946044922, 1.7467479705810547, 1.9375537633895874, 1.986412763595581, 2.1431210041046143, 2.2750964164733887, 2.3539533615112305, 2.524792432785034, 2.5233163833618164, 2.754810333251953, 2.8268308639526367, 2.8641834259033203, 2.85727596282959, 2.8966803550720215, 2.9888572692871094, 3.0727813243865967, 3.111048698425293, 3.1500368118286133, 3.0799906253814697, 3.057518720626831, 3.147423267364502, 3.191209316253662, 3.2693893909454346, 3.282785415649414]",
2026-03-10T12:09:02Z,57c2449ca649,trial,198,ok,3.302239179611206,graph,clip_dino,0.8722811590444101,0.12771884095558994,,,,0.0006201007199730108,4,2.520285891779031,0.05369617935181539,1e-06,25,3.302239179611206,3.302239179611206,2.670562505722046,0.5244378447532654,"[1.625650405883789, 1.645583152770996, 1.7547070980072021, 1.9387376308441162, 1.9899046421051025, 2.1521575450897217, 2.288783550262451, 2.3708131313323975, 2.543738603591919, 2.545560359954834, 2.775219678878784, 2.8615036010742188, 2.9027161598205566, 2.885075569152832, 2.92327880859375, 3.018535614013672, 3.0973029136657715, 3.135108470916748, 3.170320987701416, 3.098513126373291, 3.0746631622314453, 3.16542911529541, 3.2094316482543945, 3.2890877723693848, 3.302239179611206]",
2026-03-10T12:09:03Z,57c2449ca649,trial,199,ok,3.310229778289795,graph,clip_dino,0.8444253398433648,0.15557466015663524,,,,0.0005290972511360642,4,2.23993101104392,0.05023466859505726,1e-06,25,3.310229778289795,3.310229778289795,2.6744627952575684,0.5543264150619507,"[1.6256505250930786, 1.6422224044799805, 1.7486484050750732, 1.9461432695388794, 1.9965922832489014, 2.159799098968506, 2.2949113845825195, 2.377534866333008, 2.5513741970062256, 2.5504016876220703, 2.782078266143799, 2.8544392585754395, 2.894132614135742, 2.8852057456970215, 2.925945520401001, 3.0195183753967285, 3.0991954803466797, 3.1402783393859863, 3.177156448364258, 3.1061689853668213, 3.0832037925720215, 3.175063133239746, 3.2187108993530273, 3.2969682216644287, 3.310229778289795]",
2026-03-10T12:09:03Z,57c2449ca649,best_summary,183,ok,3.3500747680664062,graph,clip_dino,0.8495719029864992,0.1504280970135008,,,,0.0006123800590318016,4,3.1392207160296035,0.05044615326613909,1e-06,25,3.3500747680664062,,,,,
