ts_utc,run_id,row_type,trial_number,trial_state,value,model_type,feature_space,clip_weight,dino_weight,piecewise_num_experts,piecewise_use_gating,piecewise_aggregator,piecewise_clip_scale,piecewise_dino_scale,pairwise_from_scalar_margin,piecewise_prior_strength,piecewise_expert_diversity_strength,piecewise_l2_reg,piecewise_learning_rate,piecewise_max_refine_steps,task_count,objective,per_task_diag_mean_json,per_task_diag_sum_json,per_task_top1_acc_json,per_task_uncertainty_json,per_task_label_count_json,error
2026-03-11T09:36:16Z,ecce72a95cbe,trial,0,ok,0.38326871395111084,piecewise_linear,clip_dino,0.31450922619519217,0.6854907738048078,2,False,mean,2.000320140106237,0.8191815010900668,0.2741303139665164,0.1993032088212766,0.5959514902293515,0.0002458903776674774,0.11411017399240686,24,3,0.38326871395111084,"{""emoset_emotion"":0.435447633266449,""paintings_wikiart_genre"":0.46185898780822754,""paintings_wikiart_style"":0.252499520778656}","{""emoset_emotion"":3.483581066131592,""paintings_wikiart_genre"":4.618589878082275,""paintings_wikiart_style"":4.039992332458496}","{""emoset_emotion"":0.4625,""paintings_wikiart_genre"":0.4852817493692178,""paintings_wikiart_style"":0.24875974486180014}","{""emoset_emotion"":0.0660121962428093,""paintings_wikiart_genre"":0.10822495073080063,""paintings_wikiart_style"":0.08542986959218979}","{""emoset_emotion"":8,""paintings_wikiart_genre"":10,""paintings_wikiart_style"":16}",
2026-03-11T09:45:11Z,ecce72a95cbe,trial,1,ok,0.1894051025311152,piecewise_linear,clip_dino,0.48380073207268914,0.5161992679273109,3,True,max,0.35926128163572235,1.0144487169696292,0.08257676027051963,31.094451663754874,0.22375069961002875,1.6609821394626682e-05,0.01209266995519106,132,3,0.1894051025311152,"{""emoset_emotion"":0.20560498535633087,""paintings_wikiart_genre"":0.2597871541976929,""paintings_wikiart_style"":0.1028231680393219}","{""emoset_emotion"":1.644839882850647,""paintings_wikiart_genre"":2.5978715419769287,""paintings_wikiart_style"":1.6451706886291504}","{""emoset_emotion"":0.2675,""paintings_wikiart_genre"":0.24390243902439024,""paintings_wikiart_style"":0.08079376328844791}","{""emoset_emotion"":0.21564048528671265,""paintings_wikiart_genre"":0.21991239488124847,""paintings_wikiart_style"":0.21578505635261536}","{""emoset_emotion"":8,""paintings_wikiart_genre"":10,""paintings_wikiart_style"":16}",
2026-03-11T09:50:14Z,ecce72a95cbe,trial,2,ok,0.36274590094884235,piecewise_linear,clip_dino,0.8095373693915974,0.19046263060840263,3,False,softmax,0.6897179645406388,0.33751090726690275,0.15780924616594966,25.337476485569404,0.46763058666377605,1.2825915634519909e-05,0.00374263093723131,48,3,0.36274590094884235,"{""emoset_emotion"":0.42302724719047546,""paintings_wikiart_genre"":0.44136714935302734,""paintings_wikiart_style"":0.2238433063030243}","{""emoset_emotion"":3.3842179775238037,""paintings_wikiart_genre"":4.413671493530273,""paintings_wikiart_style"":3.5814929008483887}","{""emoset_emotion"":0.4,""paintings_wikiart_genre"":0.46761984861227923,""paintings_wikiart_style"":0.1552090715804394}","{""emoset_emotion"":0.05231355130672455,""paintings_wikiart_genre"":0.044921550899744034,""paintings_wikiart_style"":0.05404236540198326}","{""emoset_emotion"":8,""paintings_wikiart_genre"":10,""paintings_wikiart_style"":16}",
2026-03-11T10:00:10Z,ecce72a95cbe,trial,3,ok,0.17045454333225885,piecewise_linear,clip_dino,0.3019700417149591,0.6980299582850409,3,True,softmax,0.20121459485759896,0.6354058460473213,0.017649066365133362,2.8360232179344838,1.494448997413171,0.001501346211057106,0.007182926241359658,132,3,0.17045454333225885,"{""emoset_emotion"":0.18304254114627838,""paintings_wikiart_genre"":0.23895604610443116,""paintings_wikiart_style"":0.08936504274606705}","{""emoset_emotion"":1.464340329170227,""paintings_wikiart_genre"":2.3895604610443115,""paintings_wikiart_style"":1.4298406839370728}","{""emoset_emotion"":0.2575,""paintings_wikiart_genre"":0.2127838519764508,""paintings_wikiart_style"":0.0744153082919915}","{""emoset_emotion"":0.21229852735996246,""paintings_wikiart_genre"":0.22017230093479156,""paintings_wikiart_style"":0.23022577166557312}","{""emoset_emotion"":8,""paintings_wikiart_genre"":10,""paintings_wikiart_style"":16}",
2026-03-11T10:06:19Z,ecce72a95cbe,trial,4,ok,0.27267584900061287,piecewise_linear,clip_dino,0.6552207180575208,0.3447792819424792,3,False,max,1.9967959863690627,0.30587107184565276,0.11944457751629817,1.1585383279616996,0.5532821757131592,0.0023592769088853095,0.01194758065818898,60,3,0.27267584900061287,"{""emoset_emotion"":0.3058471381664276,""paintings_wikiart_genre"":0.3596207857131958,""paintings_wikiart_style"":0.15255962312221527}","{""emoset_emotion"":2.446777105331421,""paintings_wikiart_genre"":3.596207857131958,""paintings_wikiart_style"":2.4409539699554443}","{""emoset_emotion"":0.35,""paintings_wikiart_genre"":0.4179983179142136,""paintings_wikiart_style"":0.12331679659815734}","{""emoset_emotion"":0.1812203973531723,""paintings_wikiart_genre"":0.160816490650177,""paintings_wikiart_style"":0.2644203305244446}","{""emoset_emotion"":8,""paintings_wikiart_genre"":10,""paintings_wikiart_style"":16}",
2026-03-11T10:11:57Z,ecce72a95cbe,trial,5,ok,0.35106019576390585,piecewise_linear,clip_dino,0.6794711589073019,0.3205288410926981,1,True,softmax,1.297007566118952,2.01967356569203,0.09923842972745604,0.07171744202047234,0.3486740763729584,0.0725381529140698,0.09161717180377164,36,3,0.35106019576390585,"{""emoset_emotion"":0.36645013093948364,""paintings_wikiart_genre"":0.43390698432922364,""paintings_wikiart_style"":0.25282347202301025}","{""emoset_emotion"":2.931601047515869,""paintings_wikiart_genre"":4.339069843292236,""paintings_wikiart_style"":4.045175552368164}","{""emoset_emotion"":0.3825,""paintings_wikiart_genre"":0.4726661059714045,""paintings_wikiart_style"":0.22395464209780297}","{""emoset_emotion"":9.999997564591467e-05,""paintings_wikiart_genre"":9.999996836995706e-05,""paintings_wikiart_style"":9.999996836995706e-05}","{""emoset_emotion"":8,""paintings_wikiart_genre"":10,""paintings_wikiart_style"":16}",
2026-03-11T10:18:13Z,ecce72a95cbe,trial,6,ok,0.1298830772439639,piecewise_linear,clip_dino,0.5981476950821079,0.40185230491789214,4,False,mean,0.9396355298726569,1.8964272783197071,0.07090944897878672,23.878755482344573,0.45558695132780985,0.24028385330480295,0.009923439460690396,72,3,0.1298830772439639,"{""emoset_emotion"":0.09264739602804184,""paintings_wikiart_genre"":0.174470853805542,""paintings_wikiart_style"":0.1225309818983078}","{""emoset_emotion"":0.7411791682243347,""paintings_wikiart_genre"":1.74470853805542,""paintings_wikiart_style"":1.9604957103729248}","{""emoset_emotion"":0.385,""paintings_wikiart_genre"":0.5500420521446594,""paintings_wikiart_style"":0.26222537207654145}","{""emoset_emotion"":0.15804068744182587,""paintings_wikiart_genre"":0.21354030072689056,""paintings_wikiart_style"":0.20471327006816864}","{""emoset_emotion"":8,""paintings_wikiart_genre"":10,""paintings_wikiart_style"":16}",
2026-03-11T10:26:31Z,ecce72a95cbe,trial,7,ok,0.2248645176490148,piecewise_linear,clip_dino,0.6315295929843932,0.36847040701560685,3,False,mean,0.5855146043438787,1.187593233371042,0.33138741676693134,0.030628041966767973,0.5986955860425363,5.342923365588976e-05,0.14138500344164406,132,3,0.2248645176490148,"{""emoset_emotion"":0.2452249526977539,""paintings_wikiart_genre"":0.30429911613464355,""paintings_wikiart_style"":0.1250694841146469}","{""emoset_emotion"":1.9617996215820312,""paintings_wikiart_genre"":3.0429911613464355,""paintings_wikiart_style"":2.0011117458343506}","{""emoset_emotion"":0.305,""paintings_wikiart_genre"":0.2910008410428932,""paintings_wikiart_style"":0.12119064493267187}","{""emoset_emotion"":0.027436327189207077,""paintings_wikiart_genre"":0.04544062912464142,""paintings_wikiart_style"":0.03744738921523094}","{""emoset_emotion"":8,""paintings_wikiart_genre"":10,""paintings_wikiart_style"":16}",
2026-03-11T10:35:38Z,ecce72a95cbe,trial,8,ok,0.24999711314837136,piecewise_linear,clip_dino,0.6726679726267862,0.32733202737321376,3,True,max,0.47100505866617903,0.6495032506897792,0.3451452236230273,0.08248237658183599,0.7261171577553789,0.04596034544576736,0.06466651454903259,120,3,0.24999711314837136,"{""emoset_emotion"":0.2890504002571106,""paintings_wikiart_genre"":0.3066715717315674,""paintings_wikiart_style"":0.15426936745643616}","{""emoset_emotion"":2.3124032020568848,""paintings_wikiart_genre"":3.066715717315674,""paintings_wikiart_style"":2.4683098793029785}","{""emoset_emotion"":0.3025,""paintings_wikiart_genre"":0.2001682085786375,""paintings_wikiart_style"":0.0956768249468462}","{""emoset_emotion"":0.02152511104941368,""paintings_wikiart_genre"":0.033372651785612106,""paintings_wikiart_style"":0.03011479042470455}","{""emoset_emotion"":8,""paintings_wikiart_genre"":10,""paintings_wikiart_style"":16}",
2026-03-11T10:43:20Z,ecce72a95cbe,trial,9,ok,0.1232862117389838,piecewise_linear,clip_dino,0.519017723518464,0.480982276481536,3,False,mean,0.3592771441791173,0.3021290704654694,0.292284400948458,0.082950220967601,0.8992327812080039,0.07686118948072501,0.031178312670365197,120,3,0.1232862117389838,"{""emoset_emotion"":0.23351231217384338,""paintings_wikiart_genre"":0.07437219619750976,""paintings_wikiart_style"":0.06197412684559822}","{""emoset_emotion"":1.868098497390747,""paintings_wikiart_genre"":0.7437219619750977,""paintings_wikiart_style"":0.9915860295295715}","{""emoset_emotion"":0.44,""paintings_wikiart_genre"":0.18755256518082422,""paintings_wikiart_style"":0.06094968107725018}","{""emoset_emotion"":0.028296349570155144,""paintings_wikiart_genre"":0.09838446229696274,""paintings_wikiart_style"":0.0998716801404953}","{""emoset_emotion"":8,""paintings_wikiart_genre"":10,""paintings_wikiart_style"":16}",
2026-03-11T10:51:51Z,ecce72a95cbe,trial,10,ok,0.37459128499031064,piecewise_linear,clip_dino,0.1686496315905901,0.8313503684094099,1,False,mean,2.0942422096663997,0.47776470281999195,0.23948547116014912,0.39513846503368283,0.022828781673174703,0.0003937320535097416,0.0010963815520460397,180,3,0.37459128499031064,"{""emoset_emotion"":0.3091012239456177,""paintings_wikiart_genre"":0.473005485534668,""paintings_wikiart_style"":0.34166714549064636}","{""emoset_emotion"":2.4728097915649414,""paintings_wikiart_genre"":4.73005485534668,""paintings_wikiart_style"":5.466674327850342}","{""emoset_emotion"":0.36,""paintings_wikiart_genre"":0.6181665264928511,""paintings_wikiart_style"":0.3316796598157335}","{""emoset_emotion"":0.0,""paintings_wikiart_genre"":0.0,""paintings_wikiart_style"":0.0}","{""emoset_emotion"":8,""paintings_wikiart_genre"":10,""paintings_wikiart_style"":16}",
2026-03-11T11:01:30Z,ecce72a95cbe,trial,11,ok,0.37113559842109684,piecewise_linear,clip_dino,0.15014695612180828,0.8498530438781917,1,False,mean,2.28329372926904,0.48903641738934645,0.2398269581532857,0.4066477341933214,0.023839862431882308,0.0003336723881904366,0.0016793612989549648,168,3,0.37113559842109684,"{""emoset_emotion"":0.30432018637657166,""paintings_wikiart_genre"":0.46954684257507323,""paintings_wikiart_style"":0.3395397663116455}","{""emoset_emotion"":2.4345614910125732,""paintings_wikiart_genre"":4.695468425750732,""paintings_wikiart_style"":5.432636260986328}","{""emoset_emotion"":0.35,""paintings_wikiart_genre"":0.6198486122792263,""paintings_wikiart_style"":0.3281360737065911}","{""emoset_emotion"":0.0,""paintings_wikiart_genre"":0.0,""paintings_wikiart_style"":0.0}","{""emoset_emotion"":8,""paintings_wikiart_genre"":10,""paintings_wikiart_style"":16}",
2026-03-11T11:11:48Z,ecce72a95cbe,trial,12,ok,0.3904972910881042,piecewise_linear,clip_dino,0.2674011648573184,0.7325988351426815,2,False,mean,1.3866544361720314,0.9138423153009462,0.23508218520115232,0.37882351599346087,1.1050401458795611,0.00023419695372675582,0.0014158330821075597,180,3,0.3904972910881042,"{""emoset_emotion"":0.40961533784866333,""paintings_wikiart_genre"":0.47631068229675294,""paintings_wikiart_style"":0.2855658531188965}","{""emoset_emotion"":3.2769227027893066,""paintings_wikiart_genre"":4.763106822967529,""paintings_wikiart_style"":4.569053649902344}","{""emoset_emotion"":0.4275,""paintings_wikiart_genre"":0.47771236333052985,""paintings_wikiart_style"":0.2763997165131113}","{""emoset_emotion"":0.04431522265076637,""paintings_wikiart_genre"":0.06757056713104248,""paintings_wikiart_style"":0.05449271574616432}","{""emoset_emotion"":8,""paintings_wikiart_genre"":10,""paintings_wikiart_style"":16}",
2026-03-11T11:17:45Z,ecce72a95cbe,trial,13,ok,0.352538659175237,piecewise_linear,clip_dino,0.3501420720644225,0.6498579279355775,2,False,mean,1.3188525412089078,1.2358045502650206,0.22332287988840704,0.316630367958164,1.034708854894266,0.0001341492978743368,0.03885603752225708,24,3,0.352538659175237,"{""emoset_emotion"":0.3766896426677704,""paintings_wikiart_genre"":0.4387638092041016,""paintings_wikiart_style"":0.2421625256538391}","{""emoset_emotion"":3.013517141342163,""paintings_wikiart_genre"":4.387638092041016,""paintings_wikiart_style"":3.874600410461426}","{""emoset_emotion"":0.4175,""paintings_wikiart_genre"":0.4440706476030278,""paintings_wikiart_style"":0.23600283486888732}","{""emoset_emotion"":0.05997977778315544,""paintings_wikiart_genre"":0.07898160070180893,""paintings_wikiart_style"":0.06493138521909714}","{""emoset_emotion"":8,""paintings_wikiart_genre"":10,""paintings_wikiart_style"":16}",
2026-03-11T11:24:10Z,ecce72a95cbe,trial,14,ok,0.3929620862007141,piecewise_linear,clip_dino,0.31958623295778005,0.6804137670422199,2,False,mean,1.4168524487461711,0.8780968992929072,0.19820335116230475,3.3459117979494732,1.1757446555306532,0.0021928007719620515,0.0036412857983246045,84,3,0.3929620862007141,"{""emoset_emotion"":0.41011664271354675,""paintings_wikiart_genre"":0.48032488822937014,""paintings_wikiart_style"":0.28844472765922546}","{""emoset_emotion"":3.280933141708374,""paintings_wikiart_genre"":4.803248882293701,""paintings_wikiart_style"":4.615115642547607}","{""emoset_emotion"":0.44,""paintings_wikiart_genre"":0.4878048780487805,""paintings_wikiart_style"":0.28490432317505315}","{""emoset_emotion"":0.04997602850198746,""paintings_wikiart_genre"":0.07293233275413513,""paintings_wikiart_style"":0.059467535465955734}","{""emoset_emotion"":8,""paintings_wikiart_genre"":10,""paintings_wikiart_style"":16}",
2026-03-11T11:31:00Z,ecce72a95cbe,trial,15,ok,0.33067968984444934,piecewise_linear,clip_dino,0.4085966511376532,0.5914033488623468,2,False,mean,1.1478835722280423,1.60188349382731,0.18514090131671182,5.2419797545121325,1.244567423200551,0.006596190100108808,0.002528614527863712,84,3,0.33067968984444934,"{""emoset_emotion"":0.3318597376346588,""paintings_wikiart_genre"":0.4240114688873291,""paintings_wikiart_style"":0.23616786301136017}","{""emoset_emotion"":2.6548779010772705,""paintings_wikiart_genre"":4.240114688873291,""paintings_wikiart_style"":3.7786858081817627}","{""emoset_emotion"":0.365,""paintings_wikiart_genre"":0.4129520605550883,""paintings_wikiart_style"":0.2232459248759745}","{""emoset_emotion"":0.06309814751148224,""paintings_wikiart_genre"":0.0792258009314537,""paintings_wikiart_style"":0.06609047949314117}","{""emoset_emotion"":8,""paintings_wikiart_genre"":10,""paintings_wikiart_style"":16}",
2026-03-11T11:38:22Z,ecce72a95cbe,trial,16,ok,0.37894217173258465,piecewise_linear,clip_dino,0.24654728724252067,0.7534527127574793,2,False,mean,1.0010323124130112,0.8856401036040308,0.18638168782015585,6.050094472480361,1.1546540565647399,0.007707406431673841,0.0042523033897202255,96,3,0.37894217173258465,"{""emoset_emotion"":0.4074475169181824,""paintings_wikiart_genre"":0.4639887809753418,""paintings_wikiart_style"":0.26539021730422974}","{""emoset_emotion"":3.259580135345459,""paintings_wikiart_genre"":4.639887809753418,""paintings_wikiart_style"":4.246243476867676}","{""emoset_emotion"":0.415,""paintings_wikiart_genre"":0.4768713204373423,""paintings_wikiart_style"":0.25442948263642806}","{""emoset_emotion"":0.04415326938033104,""paintings_wikiart_genre"":0.06462503969669342,""paintings_wikiart_style"":0.04995763301849365}","{""emoset_emotion"":8,""paintings_wikiart_genre"":10,""paintings_wikiart_style"":16}",
2026-03-11T11:48:22Z,ecce72a95cbe,trial,17,ok,0.3355857094128927,piecewise_linear,clip_dino,0.42713516251525685,0.5728648374847432,4,False,mean,1.5149273964168948,1.3197596624158638,0.15609883227570853,1.5070155078291685,1.4136062624941883,0.0009873045372576562,0.0011592190044862098,156,3,0.3355857094128927,"{""emoset_emotion"":0.37750524282455444,""paintings_wikiart_genre"":0.41719608306884765,""paintings_wikiart_style"":0.21205580234527588}","{""emoset_emotion"":3.0200419425964355,""paintings_wikiart_genre"":4.171960830688477,""paintings_wikiart_style"":3.392892837524414}","{""emoset_emotion"":0.39,""paintings_wikiart_genre"":0.407905803195963,""paintings_wikiart_style"":0.19418851878100638}","{""emoset_emotion"":0.05514249950647354,""paintings_wikiart_genre"":0.07081261277198792,""paintings_wikiart_style"":0.05914813652634621}","{""emoset_emotion"":8,""paintings_wikiart_genre"":10,""paintings_wikiart_style"":16}",
2026-03-11T11:56:06Z,ecce72a95cbe,trial,18,ok,0.31777880986531576,piecewise_linear,clip_dino,0.24257913586394525,0.7574208641360547,2,True,max,0.884812389604403,0.47401240558493274,0.28537617734829984,7.2554932631444595,0.9277473527768889,0.00784730849090938,0.005254552727020585,96,3,0.31777880986531576,"{""emoset_emotion"":0.3752531409263611,""paintings_wikiart_genre"":0.394923996925354,""paintings_wikiart_style"":0.18315929174423218}","{""emoset_emotion"":3.0020251274108887,""paintings_wikiart_genre"":3.94923996925354,""paintings_wikiart_style"":2.930548667907715}","{""emoset_emotion"":0.3725,""paintings_wikiart_genre"":0.35576114381833474,""paintings_wikiart_style"":0.15166548547129696}","{""emoset_emotion"":0.02560131624341011,""paintings_wikiart_genre"":0.03841087222099304,""paintings_wikiart_style"":0.0320344977080822}","{""emoset_emotion"":8,""paintings_wikiart_genre"":10,""paintings_wikiart_style"":16}",
2026-03-11T12:03:55Z,ecce72a95cbe,trial,19,ok,0.3574257671833038,piecewise_linear,clip_dino,0.3920333353904103,0.6079666646095897,1,False,softmax,1.6045606052480315,0.2243896919210113,0.21547557253163313,0.7324212754508669,1.2997799456945929,6.22760032872682e-05,0.002408520578635496,156,3,0.3574257671833038,"{""emoset_emotion"":0.2703745365142822,""paintings_wikiart_genre"":0.4574419498443604,""paintings_wikiart_style"":0.3444608151912689}","{""emoset_emotion"":2.162996292114258,""paintings_wikiart_genre"":4.5744194984436035,""paintings_wikiart_style"":5.511373043060303}","{""emoset_emotion"":0.3625,""paintings_wikiart_genre"":0.6282590412111018,""paintings_wikiart_style"":0.3642806520198441}","{""emoset_emotion"":0.0,""paintings_wikiart_genre"":0.0,""paintings_wikiart_style"":0.0}","{""emoset_emotion"":8,""paintings_wikiart_genre"":10,""paintings_wikiart_style"":16}",
2026-03-11T12:09:53Z,ecce72a95cbe,trial,20,ok,0.22885727087656657,piecewise_linear,clip_dino,0.8972926037510862,0.10270739624891378,2,False,mean,0.7735527364702217,2.4845025074891387,0.1383864796176781,2.001340891250849,1.0810976269918902,0.002970902014506754,0.002078241601905951,72,3,0.22885727087656657,"{""emoset_emotion"":0.22378341853618622,""paintings_wikiart_genre"":0.3122688293457031,""paintings_wikiart_style"":0.15051956474781036}","{""emoset_emotion"":1.7902673482894897,""paintings_wikiart_genre"":3.1226882934570312,""paintings_wikiart_style"":2.408313035964966}","{""emoset_emotion"":0.29,""paintings_wikiart_genre"":0.3103448275862069,""paintings_wikiart_style"":0.11481218993621545}","{""emoset_emotion"":0.07477836310863495,""paintings_wikiart_genre"":0.07853835076093674,""paintings_wikiart_style"":0.07271799445152283}","{""emoset_emotion"":8,""paintings_wikiart_genre"":10,""paintings_wikiart_style"":16}",
2026-03-11T12:14:17Z,ecce72a95cbe,trial,21,ok,0.3895510931809743,piecewise_linear,clip_dino,0.2866308074036826,0.7133691925963175,2,False,mean,1.9429792566543689,0.8191558502900357,0.2748849040995006,0.23238851119500728,0.7881433299008352,0.0005115941637808468,0.021507051595473007,24,3,0.3895510931809743,"{""emoset_emotion"":0.43397825956344604,""paintings_wikiart_genre"":0.4683854579925537,""paintings_wikiart_style"":0.2662895619869232}","{""emoset_emotion"":3.4718260765075684,""paintings_wikiart_genre"":4.683854579925537,""paintings_wikiart_style"":4.2606329917907715}","{""emoset_emotion"":0.455,""paintings_wikiart_genre"":0.48107653490328006,""paintings_wikiart_style"":0.24663359319631467}","{""emoset_emotion"":0.061581455171108246,""paintings_wikiart_genre"":0.09998565912246704,""paintings_wikiart_style"":0.07733023166656494}","{""emoset_emotion"":8,""paintings_wikiart_genre"":10,""paintings_wikiart_style"":16}",
2026-03-11T12:19:26Z,ecce72a95cbe,trial,22,ok,0.396923444668452,piecewise_linear,clip_dino,0.24417945214341807,0.7558205478565819,2,False,mean,1.654432038486308,0.7401569252187451,0.2625653947579187,0.6939157258411112,0.8224035608183912,0.0006545044624603193,0.02377845519010694,48,3,0.396923444668452,"{""emoset_emotion"":0.4338958263397217,""paintings_wikiart_genre"":0.47818431854248045,""paintings_wikiart_style"":0.2786901891231537}","{""emoset_emotion"":3.4711666107177734,""paintings_wikiart_genre"":4.781843185424805,""paintings_wikiart_style"":4.459043025970459}","{""emoset_emotion"":0.4625,""paintings_wikiart_genre"":0.488645920941968,""paintings_wikiart_style"":0.27072997873848337}","{""emoset_emotion"":0.055361662060022354,""paintings_wikiart_genre"":0.08560576289892197,""paintings_wikiart_style"":0.0692131444811821}","{""emoset_emotion"":8,""paintings_wikiart_genre"":10,""paintings_wikiart_style"":16}",
2026-03-11T12:24:46Z,ecce72a95cbe,trial,23,ok,0.4048123876253764,piecewise_linear,clip_dino,0.22037701061819387,0.7796229893818061,2,False,mean,1.570692518651233,0.5730181404371057,0.20382625561790674,0.7238415955356136,0.945040683543278,0.000110562535014257,0.016868061779913818,48,3,0.4048123876253764,"{""emoset_emotion"":0.44308531284332275,""paintings_wikiart_genre"":0.4857016563415527,""paintings_wikiart_style"":0.28565019369125366}","{""emoset_emotion"":3.544682502746582,""paintings_wikiart_genre"":4.857016563415527,""paintings_wikiart_style"":4.570403099060059}","{""emoset_emotion"":0.455,""paintings_wikiart_genre"":0.49369217830109335,""paintings_wikiart_style"":0.2735648476257973}","{""emoset_emotion"":0.0491785891354084,""paintings_wikiart_genre"":0.07740814983844757,""paintings_wikiart_style"":0.0639931857585907}","{""emoset_emotion"":8,""paintings_wikiart_genre"":10,""paintings_wikiart_style"":16}",
2026-03-11T12:30:51Z,ecce72a95cbe,trial,24,ok,0.36046831210454305,piecewise_linear,clip_dino,0.1934996712375563,0.8065003287624437,1,False,mean,1.6940685224909788,0.5906282121972031,0.2032026577361892,0.6758361093755408,0.937886527541036,5.215800247073485e-05,0.01948185144150483,48,3,0.36046831210454305,"{""emoset_emotion"":0.275674045085907,""paintings_wikiart_genre"":0.4606918811798096,""paintings_wikiart_style"":0.3450390100479126}","{""emoset_emotion"":2.205392360687256,""paintings_wikiart_genre"":4.606918811798096,""paintings_wikiart_style"":5.520624160766602}","{""emoset_emotion"":0.365,""paintings_wikiart_genre"":0.6324642556770396,""paintings_wikiart_style"":0.3635719347980156}","{""emoset_emotion"":0.0,""paintings_wikiart_genre"":0.0,""paintings_wikiart_style"":0.0}","{""emoset_emotion"":8,""paintings_wikiart_genre"":10,""paintings_wikiart_style"":16}",
2026-03-11T12:36:08Z,ecce72a95cbe,trial,25,ok,0.3968729555606842,piecewise_linear,clip_dino,0.351175243069949,0.6488247569300509,2,False,mean,2.4917375577721197,0.5580894405699446,0.25467580916349875,3.004245037561293,0.7177583461938256,0.0007345980449959356,0.047901308523951004,60,3,0.3968729555606842,"{""emoset_emotion"":0.4440654516220093,""paintings_wikiart_genre"":0.47616162300109866,""paintings_wikiart_style"":0.2703917920589447}","{""emoset_emotion"":3.552523612976074,""paintings_wikiart_genre"":4.761616230010986,""paintings_wikiart_style"":4.326268672943115}","{""emoset_emotion"":0.4775,""paintings_wikiart_genre"":0.5121951219512195,""paintings_wikiart_style"":0.27143869596031184}","{""emoset_emotion"":0.08315423876047134,""paintings_wikiart_genre"":0.13149437308311462,""paintings_wikiart_style"":0.10601294040679932}","{""emoset_emotion"":8,""paintings_wikiart_genre"":10,""paintings_wikiart_style"":16}",
2026-03-11T12:42:10Z,ecce72a95cbe,trial,26,ok,0.2852975328763326,piecewise_linear,clip_dino,0.20637862280835984,0.7936213771916402,2,True,mean,2.3637176967096076,0.3957806189243502,0.31231656155906096,0.8840591790723736,0.7905492473514186,0.0007968111250758322,0.05478629498665227,48,3,0.2852975328763326,"{""emoset_emotion"":0.3465629816055298,""paintings_wikiart_genre"":0.3615485429763794,""paintings_wikiart_style"":0.14778107404708862}","{""emoset_emotion"":2.7725038528442383,""paintings_wikiart_genre"":3.615485429763794,""paintings_wikiart_style"":2.364497184753418}","{""emoset_emotion"":0.3875,""paintings_wikiart_genre"":0.37846930193439865,""paintings_wikiart_style"":0.13819985825655565}","{""emoset_emotion"":0.037728119641542435,""paintings_wikiart_genre"":0.04874791204929352,""paintings_wikiart_style"":0.04491632059216499}","{""emoset_emotion"":8,""paintings_wikiart_genre"":10,""paintings_wikiart_style"":16}",
2026-03-11T12:49:10Z,ecce72a95cbe,trial,27,ok,0.31726691921552025,piecewise_linear,clip_dino,0.466047203910503,0.533952796089497,1,False,mean,2.4426046594525923,0.593717262773758,0.25963555642199315,11.373954061455768,0.7019221222243931,0.0001076711357221402,0.020075514846811724,60,3,0.31726691921552025,"{""emoset_emotion"":0.20700576901435852,""paintings_wikiart_genre"":0.4167689323425293,""paintings_wikiart_style"":0.32802605628967285}","{""emoset_emotion"":1.6560461521148682,""paintings_wikiart_genre"":4.167689323425293,""paintings_wikiart_style"":5.248416900634766}","{""emoset_emotion"":0.2825,""paintings_wikiart_genre"":0.6156433978132885,""paintings_wikiart_style"":0.330970942593905}","{""emoset_emotion"":0.0,""paintings_wikiart_genre"":0.0,""paintings_wikiart_style"":0.0}","{""emoset_emotion"":8,""paintings_wikiart_genre"":10,""paintings_wikiart_style"":16}",
2026-03-11T12:53:30Z,ecce72a95cbe,trial,28,ok,0.3638897816340128,piecewise_linear,clip_dino,0.36513687188089405,0.634863128119106,2,False,softmax,1.680723054054309,0.3966291965032477,0.3117080504597502,2.4563602364124204,0.872492059665329,2.489836077978365e-05,0.18685069243554173,36,3,0.3638897816340128,"{""emoset_emotion"":0.4283406734466553,""paintings_wikiart_genre"":0.4548174381256104,""paintings_wikiart_style"":0.20851123332977295}","{""emoset_emotion"":3.426725387573242,""paintings_wikiart_genre"":4.5481743812561035,""paintings_wikiart_style"":3.336179733276367}","{""emoset_emotion"":0.4625,""paintings_wikiart_genre"":0.4693019343986543,""paintings_wikiart_style"":0.1778880226789511}","{""emoset_emotion"":0.15605482459068298,""paintings_wikiart_genre"":0.13269869983196259,""paintings_wikiart_style"":0.19625408947467804}","{""emoset_emotion"":8,""paintings_wikiart_genre"":10,""paintings_wikiart_style"":16}",
2026-03-11T12:59:02Z,ecce72a95cbe,trial,29,ok,0.261631045738856,piecewise_linear,clip_dino,0.2331339775826362,0.7668660224173638,2,False,max,1.0876656477304445,0.7409663071985034,0.25955532910987794,14.012224553375631,0.6317146985602261,0.00016140951426940644,0.037374343880867196,60,3,0.261631045738856,"{""emoset_emotion"":0.31292903423309326,""paintings_wikiart_genre"":0.34543676376342775,""paintings_wikiart_style"":0.126527339220047}","{""emoset_emotion"":2.503432273864746,""paintings_wikiart_genre"":3.4543676376342773,""paintings_wikiart_style"":2.024437427520752}","{""emoset_emotion"":0.3625,""paintings_wikiart_genre"":0.3793103448275862,""paintings_wikiart_style"":0.1105598866052445}","{""emoset_emotion"":0.15556614100933075,""paintings_wikiart_genre"":0.13359063863754272,""paintings_wikiart_style"":0.1469060778617859}","{""emoset_emotion"":8,""paintings_wikiart_genre"":10,""paintings_wikiart_style"":16}",
2026-03-11T13:04:13Z,ecce72a95cbe,trial,30,ok,0.43068104187647505,piecewise_linear,clip_dino,0.3304460899672308,0.6695539100327692,1,False,mean,1.9034347091990826,0.5174271312584805,0.2648712256278849,0.1473842536129079,1.041212419572099,0.004541837893850721,0.0722772853742862,36,3,0.43068104187647505,"{""emoset_emotion"":0.434072345495224,""paintings_wikiart_genre"":0.515942907333374,""paintings_wikiart_style"":0.342027872800827}","{""emoset_emotion"":3.472578763961792,""paintings_wikiart_genre"":5.15942907333374,""paintings_wikiart_style"":5.472445964813232}","{""emoset_emotion"":0.4825,""paintings_wikiart_genre"":0.6223717409587889,""paintings_wikiart_style"":0.32317505315379164}","{""emoset_emotion"":0.0,""paintings_wikiart_genre"":0.0,""paintings_wikiart_style"":0.0}","{""emoset_emotion"":8,""paintings_wikiart_genre"":10,""paintings_wikiart_style"":16}",
2026-03-11T13:09:33Z,ecce72a95cbe,trial,31,ok,0.4010984977086385,piecewise_linear,clip_dino,0.33098094355101215,0.6690190564489878,1,False,mean,1.8600071888161802,0.5074864965763153,0.26076244541586313,0.039553306173458695,0.9874504357643643,0.018862328598334185,0.07801944264224131,36,3,0.4010984977086385,"{""emoset_emotion"":0.4571126699447632,""paintings_wikiart_genre"":0.4740342140197754,""paintings_wikiart_style"":0.27214860916137695}","{""emoset_emotion"":3.6569013595581055,""paintings_wikiart_genre"":4.740342140197754,""paintings_wikiart_style"":4.354377746582031}","{""emoset_emotion"":0.475,""paintings_wikiart_genre"":0.4852817493692178,""paintings_wikiart_style"":0.2437987243090007}","{""emoset_emotion"":0.0,""paintings_wikiart_genre"":0.0,""paintings_wikiart_style"":0.0}","{""emoset_emotion"":8,""paintings_wikiart_genre"":10,""paintings_wikiart_style"":16}",
2026-03-11T13:14:19Z,ecce72a95cbe,trial,32,ok,0.37120565970738734,piecewise_linear,clip_dino,0.31329855575862925,0.6867014442413708,1,False,mean,1.832416296069723,0.4116267961344677,0.30293999417031414,0.02470463312425822,0.993962096933521,0.02332955453074667,0.08438675392702154,36,3,0.37120565970738734,"{""emoset_emotion"":0.4295017421245575,""paintings_wikiart_genre"":0.4478124141693115,""paintings_wikiart_style"":0.23630282282829285}","{""emoset_emotion"":3.43601393699646,""paintings_wikiart_genre"":4.478124141693115,""paintings_wikiart_style"":3.7808451652526855}","{""emoset_emotion"":0.4625,""paintings_wikiart_genre"":0.4507989907485282,""paintings_wikiart_style"":0.21615875265768958}","{""emoset_emotion"":0.0,""paintings_wikiart_genre"":0.0,""paintings_wikiart_style"":0.0}","{""emoset_emotion"":8,""paintings_wikiart_genre"":10,""paintings_wikiart_style"":16}",
2026-03-11T13:19:28Z,ecce72a95cbe,trial,33,ok,0.413739021619161,piecewise_linear,clip_dino,0.45687932813513554,0.5431206718648645,1,False,mean,1.1731334677003973,0.705594440734375,0.27377823658885214,0.050730906078095606,0.8745743069917027,0.01496483677676745,0.030408385544170087,24,3,0.413739021619161,"{""emoset_emotion"":0.4651462435722351,""paintings_wikiart_genre"":0.48763089179992675,""paintings_wikiart_style"":0.28843992948532104}","{""emoset_emotion"":3.721169948577881,""paintings_wikiart_genre"":4.876308917999268,""paintings_wikiart_style"":4.615038871765137}","{""emoset_emotion"":0.485,""paintings_wikiart_genre"":0.520605550883095,""paintings_wikiart_style"":0.261516654854713}","{""emoset_emotion"":0.0,""paintings_wikiart_genre"":0.0,""paintings_wikiart_style"":0.0}","{""emoset_emotion"":8,""paintings_wikiart_genre"":10,""paintings_wikiart_style"":16}",
2026-03-11T13:24:57Z,ecce72a95cbe,trial,34,ok,0.4119539260864258,piecewise_linear,clip_dino,0.47472492010060996,0.52527507989939,1,True,mean,1.1717070465150048,0.5287948217678857,0.27763423939201304,0.0471522313952228,1.0061037014198293,0.01913889725134384,0.07438793819166416,24,3,0.4119539260864258,"{""emoset_emotion"":0.4686988592147827,""paintings_wikiart_genre"":0.4842219352722168,""paintings_wikiart_style"":0.28294098377227783}","{""emoset_emotion"":3.7495908737182617,""paintings_wikiart_genre"":4.842219352722168,""paintings_wikiart_style"":4.527055740356445}","{""emoset_emotion"":0.49,""paintings_wikiart_genre"":0.5172413793103449,""paintings_wikiart_style"":0.24946846208362863}","{""emoset_emotion"":9.999997564591467e-05,""paintings_wikiart_genre"":9.999996836995706e-05,""paintings_wikiart_style"":9.999996836995706e-05}","{""emoset_emotion"":8,""paintings_wikiart_genre"":10,""paintings_wikiart_style"":16}",
2026-03-11T13:30:38Z,ecce72a95cbe,trial,35,ok,0.44716328978538517,piecewise_linear,clip_dino,0.566640681684894,0.433359318315106,1,True,max,1.164500738524995,0.6833367226710583,0.3181401038673616,0.13893285104405043,1.3180827587943287,0.017425900479704486,0.015126827235648087,24,3,0.44716328978538517,"{""emoset_emotion"":0.4583755433559418,""paintings_wikiart_genre"":0.5316522598266602,""paintings_wikiart_style"":0.35146206617355347}","{""emoset_emotion"":3.667004346847534,""paintings_wikiart_genre"":5.316522598266602,""paintings_wikiart_style"":5.6233930587768555}","{""emoset_emotion"":0.53,""paintings_wikiart_genre"":0.6198486122792263,""paintings_wikiart_style"":0.3600283486888731}","{""emoset_emotion"":9.999997564591467e-05,""paintings_wikiart_genre"":9.999996836995706e-05,""paintings_wikiart_style"":9.999996836995706e-05}","{""emoset_emotion"":8,""paintings_wikiart_genre"":10,""paintings_wikiart_style"":16}",
2026-03-11T13:36:10Z,ecce72a95cbe,trial,36,ok,0.4399277985095978,piecewise_linear,clip_dino,0.5553991221902657,0.44460087780973434,1,True,max,1.2162510897804253,1.089860673740214,0.33039416772954333,0.11593426020423721,1.308626919674907,0.017674211044611105,0.028992094692202083,24,3,0.4399277985095978,"{""emoset_emotion"":0.45678988099098206,""paintings_wikiart_genre"":0.5225935935974121,""paintings_wikiart_style"":0.34039992094039917}","{""emoset_emotion"":3.6543190479278564,""paintings_wikiart_genre"":5.225935935974121,""paintings_wikiart_style"":5.446398735046387}","{""emoset_emotion"":0.5125,""paintings_wikiart_genre"":0.5912531539108494,""paintings_wikiart_style"":0.35081502480510274}","{""emoset_emotion"":9.999997564591467e-05,""paintings_wikiart_genre"":9.999996836995706e-05,""paintings_wikiart_style"":9.999996836995706e-05}","{""emoset_emotion"":8,""paintings_wikiart_genre"":10,""paintings_wikiart_style"":16}",
2026-03-11T13:40:47Z,ecce72a95cbe,trial,37,ok,0.1839865505695343,piecewise_linear,clip_dino,0.575538719818593,0.42446128018140705,1,True,max,0.7502804312836092,1.0119304999764136,0.33218137926462565,0.13146673191127276,1.3592189235665573,0.3725965093795197,0.010089616832539243,24,3,0.1839865505695343,"{""emoset_emotion"":0.1720675826072693,""paintings_wikiart_genre"":0.2066345691680908,""paintings_wikiart_style"":0.1732574999332428}","{""emoset_emotion"":1.3765406608581543,""paintings_wikiart_genre"":2.066345691680908,""paintings_wikiart_style"":2.7721199989318848}","{""emoset_emotion"":0.245,""paintings_wikiart_genre"":0.27754415475189237,""paintings_wikiart_style"":0.10985116938341602}","{""emoset_emotion"":9.999997564591467e-05,""paintings_wikiart_genre"":9.999996836995706e-05,""paintings_wikiart_style"":9.999996836995706e-05}","{""emoset_emotion"":8,""paintings_wikiart_genre"":10,""paintings_wikiart_style"":16}",
2026-03-11T13:46:08Z,ecce72a95cbe,trial,38,ok,0.35981533726056414,piecewise_linear,clip_dino,0.5582891511883985,0.4417108488116015,1,True,max,0.6276362324590021,1.06721314630299,0.34960980220734617,0.14216515240207425,1.4621724791547512,0.004490039595931526,0.030947122821571738,36,3,0.35981533726056414,"{""emoset_emotion"":0.33859410881996155,""paintings_wikiart_genre"":0.4556750297546387,""paintings_wikiart_style"":0.2851768732070923}","{""emoset_emotion"":2.7087528705596924,""paintings_wikiart_genre"":4.556750297546387,""paintings_wikiart_style"":4.562829971313477}","{""emoset_emotion"":0.2175,""paintings_wikiart_genre"":0.4802354920100925,""paintings_wikiart_style"":0.1708008504606662}","{""emoset_emotion"":9.999997564591467e-05,""paintings_wikiart_genre"":9.999996836995706e-05,""paintings_wikiart_style"":9.999996836995706e-05}","{""emoset_emotion"":8,""paintings_wikiart_genre"":10,""paintings_wikiart_style"":16}",
2026-03-11T13:52:11Z,ecce72a95cbe,trial,39,ok,0.35207533836364746,piecewise_linear,clip_dino,0.7245530194340931,0.2754469805659069,1,True,max,0.8745110059152553,1.4591681655816888,0.3268926146267006,0.1413686066251021,1.2680334621916263,0.11053168336984091,0.1119038819316762,24,3,0.35207533836364746,"{""emoset_emotion"":0.32398638129234314,""paintings_wikiart_genre"":0.4583101272583008,""paintings_wikiart_style"":0.27392950654029846}","{""emoset_emotion"":2.591891050338745,""paintings_wikiart_genre"":4.583101272583008,""paintings_wikiart_style"":4.382872104644775}","{""emoset_emotion"":0.365,""paintings_wikiart_genre"":0.4095878889823381,""paintings_wikiart_style"":0.29978738483345146}","{""emoset_emotion"":9.999997564591467e-05,""paintings_wikiart_genre"":9.999996836995706e-05,""paintings_wikiart_style"":9.999996836995706e-05}","{""emoset_emotion"":8,""paintings_wikiart_genre"":10,""paintings_wikiart_style"":16}",
2026-03-11T13:57:48Z,ecce72a95cbe,trial,40,ok,0.19690320491790772,piecewise_linear,clip_dino,0.5161812745229333,0.4838187254770667,1,True,max,0.2333748463065779,0.660540131808961,0.019561952236653385,0.0553094919516208,1.1804268089352539,0.03700700985385759,0.013924974409064476,36,3,0.19690320491790772,"{""emoset_emotion"":0.20584413409233093,""paintings_wikiart_genre"":0.2503383636474609,""paintings_wikiart_style"":0.13452711701393127}","{""emoset_emotion"":1.6467530727386475,""paintings_wikiart_genre"":2.5033836364746094,""paintings_wikiart_style"":2.1524338722229004}","{""emoset_emotion"":0.235,""paintings_wikiart_genre"":0.3389402859545837,""paintings_wikiart_style"":0.07937632884479093}","{""emoset_emotion"":9.999997564591467e-05,""paintings_wikiart_genre"":9.999996836995706e-05,""paintings_wikiart_style"":9.999996836995706e-05}","{""emoset_emotion"":8,""paintings_wikiart_genre"":10,""paintings_wikiart_style"":16}",
2026-03-11T14:03:27Z,ecce72a95cbe,trial,41,ok,0.40578977862993876,piecewise_linear,clip_dino,0.47169164626936855,0.5283083537306315,1,True,max,1.220640892101312,0.71506962873995,0.3095210098183539,0.04509609337767922,1.3593122301214615,0.017210176424962885,0.02776162483415157,24,3,0.40578977862993876,"{""emoset_emotion"":0.45858779549598694,""paintings_wikiart_genre"":0.48101096153259276,""paintings_wikiart_style"":0.2777705788612366}","{""emoset_emotion"":3.6687023639678955,""paintings_wikiart_genre"":4.810109615325928,""paintings_wikiart_style"":4.444329261779785}","{""emoset_emotion"":0.48,""paintings_wikiart_genre"":0.5096719932716569,""paintings_wikiart_style"":0.24521615875265768}","{""emoset_emotion"":9.999997564591467e-05,""paintings_wikiart_genre"":9.999996836995706e-05,""paintings_wikiart_style"":9.999996836995706e-05}","{""emoset_emotion"":8,""paintings_wikiart_genre"":10,""paintings_wikiart_style"":16}",
2026-03-11T14:08:17Z,ecce72a95cbe,trial,42,ok,0.4496001124382019,piecewise_linear,clip_dino,0.43636209481596566,0.5636379051840343,1,True,max,1.077957686738958,0.3505883207097124,0.29100824077923826,0.0975756280067702,1.0777826428400417,0.014000925931424128,0.04917959778868623,24,3,0.4496001124382019,"{""emoset_emotion"":0.4872744083404541,""paintings_wikiart_genre"":0.5233846664428711,""paintings_wikiart_style"":0.3381412625312805}","{""emoset_emotion"":3.898195266723633,""paintings_wikiart_genre"":5.233846664428711,""paintings_wikiart_style"":5.410260200500488}","{""emoset_emotion"":0.53,""paintings_wikiart_genre"":0.592094196804037,""paintings_wikiart_style"":0.32175761871013464}","{""emoset_emotion"":9.999997564591467e-05,""paintings_wikiart_genre"":9.999996836995706e-05,""paintings_wikiart_style"":9.999996836995706e-05}","{""emoset_emotion"":8,""paintings_wikiart_genre"":10,""paintings_wikiart_style"":16}",
2026-03-11T14:13:11Z,ecce72a95cbe,trial,43,ok,0.44647026459376016,piecewise_linear,clip_dino,0.43676572614217646,0.5632342738578235,1,True,max,1.0150900955588356,0.2720180810717304,0.2974228892732367,0.09390731367682764,1.2138665321253868,0.012216727625112653,0.04937797725599725,24,3,0.44647026459376016,"{""emoset_emotion"":0.48114901781082153,""paintings_wikiart_genre"":0.5217425346374511,""paintings_wikiart_style"":0.3365192413330078}","{""emoset_emotion"":3.8491921424865723,""paintings_wikiart_genre"":5.217425346374512,""paintings_wikiart_style"":5.384307861328125}","{""emoset_emotion"":0.5325,""paintings_wikiart_genre"":0.5559293523969723,""paintings_wikiart_style"":0.3189227498228207}","{""emoset_emotion"":9.999997564591467e-05,""paintings_wikiart_genre"":9.999996836995706e-05,""paintings_wikiart_style"":9.999996836995706e-05}","{""emoset_emotion"":8,""paintings_wikiart_genre"":10,""paintings_wikiart_style"":16}",
2026-03-11T14:18:37Z,ecce72a95cbe,trial,44,ok,0.44686498840649924,piecewise_linear,clip_dino,0.6264693677469269,0.37353063225307315,1,True,max,0.9962339538792204,0.23145469440726057,0.33244189265882546,0.08944197973262578,1.2246951249515443,0.010346307600176581,0.04796423957357781,36,3,0.44686498840649924,"{""emoset_emotion"":0.48845842480659485,""paintings_wikiart_genre"":0.5188506126403809,""paintings_wikiart_style"":0.333285927772522}","{""emoset_emotion"":3.907667398452759,""paintings_wikiart_genre"":5.188506126403809,""paintings_wikiart_style"":5.332574844360352}","{""emoset_emotion"":0.51,""paintings_wikiart_genre"":0.5710681244743482,""paintings_wikiart_style"":0.3082919914953933}","{""emoset_emotion"":9.999997564591467e-05,""paintings_wikiart_genre"":9.999996836995706e-05,""paintings_wikiart_style"":9.999996836995706e-05}","{""emoset_emotion"":8,""paintings_wikiart_genre"":10,""paintings_wikiart_style"":16}",
2026-03-11T14:24:30Z,ecce72a95cbe,trial,45,ok,0.4327126761277517,piecewise_linear,clip_dino,0.6089776763569663,0.3910223236430337,1,True,max,1.0136152067710686,0.20032970251308643,0.3281005711566975,0.09300435400551522,1.4919123637868128,0.03777202232265448,0.04669746324697698,36,3,0.4327126761277517,"{""emoset_emotion"":0.4596409201622009,""paintings_wikiart_genre"":0.5089078903198242,""paintings_wikiart_style"":0.32958921790122986}","{""emoset_emotion"":3.6771273612976074,""paintings_wikiart_genre"":5.089078903198242,""paintings_wikiart_style"":5.273427486419678}","{""emoset_emotion"":0.52,""paintings_wikiart_genre"":0.5954583683767872,""paintings_wikiart_style"":0.30191353649893693}","{""emoset_emotion"":9.999997564591467e-05,""paintings_wikiart_genre"":9.999996836995706e-05,""paintings_wikiart_style"":9.999996836995706e-05}","{""emoset_emotion"":8,""paintings_wikiart_genre"":10,""paintings_wikiart_style"":16}",
2026-03-11T14:32:38Z,ecce72a95cbe,trial,46,ok,0.3984500447909037,piecewise_linear,clip_dino,0.7343288864707046,0.2656711135292954,1,True,max,0.8497690159249592,0.2654815611390154,0.2919127917725817,0.2542090709980266,1.213803194552458,0.011341898262616605,0.00849860362429127,72,3,0.3984500447909037,"{""emoset_emotion"":0.3501462936401367,""paintings_wikiart_genre"":0.4985856056213379,""paintings_wikiart_style"":0.3466182351112366}","{""emoset_emotion"":2.8011703491210938,""paintings_wikiart_genre"":4.985856056213379,""paintings_wikiart_style"":5.545891761779785}","{""emoset_emotion"":0.4425,""paintings_wikiart_genre"":0.4238856181665265,""paintings_wikiart_style"":0.2898653437278526}","{""emoset_emotion"":9.999997564591467e-05,""paintings_wikiart_genre"":9.999996836995706e-05,""paintings_wikiart_style"":9.999996836995706e-05}","{""emoset_emotion"":8,""paintings_wikiart_genre"":10,""paintings_wikiart_style"":16}",
2026-03-11T14:40:27Z,ecce72a95cbe,trial,47,ok,0.19010541637738546,piecewise_linear,clip_dino,0.5381369083201042,0.4618630916798958,1,True,max,0.6419004662329512,0.2602859908240541,0.34334845160073574,0.020099696983252934,1.3226782216568447,0.09239717826222645,0.05918665375795516,48,3,0.19010541637738546,"{""emoset_emotion"":0.20511147379875183,""paintings_wikiart_genre"":0.28207590579986574,""paintings_wikiart_style"":0.08312886953353882}","{""emoset_emotion"":1.6408917903900146,""paintings_wikiart_genre"":2.8207590579986572,""paintings_wikiart_style"":1.330061912536621}","{""emoset_emotion"":0.245,""paintings_wikiart_genre"":0.26324642556770395,""paintings_wikiart_style"":0.07937632884479093}","{""emoset_emotion"":9.999997564591467e-05,""paintings_wikiart_genre"":9.999996836995706e-05,""paintings_wikiart_style"":9.999996836995706e-05}","{""emoset_emotion"":8,""paintings_wikiart_genre"":10,""paintings_wikiart_style"":16}",
2026-03-11T14:47:08Z,ecce72a95cbe,trial,48,ok,0.014223344127337138,piecewise_linear,clip_dino,0.6465622463212012,0.3534377536787988,4,True,max,0.4891722361989712,0.3414619429120781,0.3011813316114692,0.10211918362763059,1.1149465220666719,0.15582409156129498,0.10677498682374625,24,3,0.014223344127337138,"{""emoset_emotion"":0.016938647255301476,""paintings_wikiart_genre"":0.0377402663230896,""paintings_wikiart_style"":-0.012008881196379662}","{""emoset_emotion"":0.1355091780424118,""paintings_wikiart_genre"":0.377402663230896,""paintings_wikiart_style"":-0.19214209914207458}","{""emoset_emotion"":0.1,""paintings_wikiart_genre"":0.03280067283431455,""paintings_wikiart_style"":0.025513819985825654}","{""emoset_emotion"":0.017968788743019104,""paintings_wikiart_genre"":0.02769106812775135,""paintings_wikiart_style"":0.018059296533465385}","{""emoset_emotion"":8,""paintings_wikiart_genre"":10,""paintings_wikiart_style"":16}",
2026-03-11T14:53:57Z,ecce72a95cbe,trial,49,ok,0.4105976740519206,piecewise_linear,clip_dino,0.5085215988338181,0.4914784011661819,1,True,max,1.0030264677833851,0.26904952382381636,0.32257139332616686,0.070727152465728,1.4307327218227444,0.05532193762233967,0.039715471454090864,36,3,0.4105976740519206,"{""emoset_emotion"":0.455970823764801,""paintings_wikiart_genre"":0.48170933723449705,""paintings_wikiart_style"":0.2941128611564636}","{""emoset_emotion"":3.647766590118408,""paintings_wikiart_genre"":4.817093372344971,""paintings_wikiart_style"":4.705805778503418}","{""emoset_emotion"":0.395,""paintings_wikiart_genre"":0.5088309503784693,""paintings_wikiart_style"":0.2749822820694543}","{""emoset_emotion"":9.999997564591467e-05,""paintings_wikiart_genre"":9.999996836995706e-05,""paintings_wikiart_style"":9.999996836995706e-05}","{""emoset_emotion"":8,""paintings_wikiart_genre"":10,""paintings_wikiart_style"":16}",
2026-03-11T14:59:40Z,ecce72a95cbe,trial,50,ok,0.3775721490383148,piecewise_linear,clip_dino,0.6182437419823947,0.38175625801760527,1,True,max,0.7697711182298512,0.32634876952482905,0.29390426531028385,0.1886064765194325,1.2273464087013568,0.028750790001749515,0.01611978185219855,24,3,0.3775721490383148,"{""emoset_emotion"":0.3437756299972534,""paintings_wikiart_genre"":0.46999335289001465,""paintings_wikiart_style"":0.3189474642276764}","{""emoset_emotion"":2.7502050399780273,""paintings_wikiart_genre"":4.6999335289001465,""paintings_wikiart_style"":5.103159427642822}","{""emoset_emotion"":0.4,""paintings_wikiart_genre"":0.33725820016820857,""paintings_wikiart_style"":0.1693834160170092}","{""emoset_emotion"":9.999997564591467e-05,""paintings_wikiart_genre"":9.999996836995706e-05,""paintings_wikiart_style"":9.999996836995706e-05}","{""emoset_emotion"":8,""paintings_wikiart_genre"":10,""paintings_wikiart_style"":16}",
2026-03-11T15:06:11Z,ecce72a95cbe,trial,51,ok,0.4493057449658712,piecewise_linear,clip_dino,0.5940776895790247,0.40592231042097526,1,True,max,1.0305799328234324,0.20378956205768775,0.3373396842751918,0.09368135389401329,1.4969791499536187,0.010425343268773844,0.04295647198681485,36,3,0.4493057449658712,"{""emoset_emotion"":0.49076879024505615,""paintings_wikiart_genre"":0.521220064163208,""paintings_wikiart_style"":0.33592838048934937}","{""emoset_emotion"":3.926150321960449,""paintings_wikiart_genre"":5.21220064163208,""paintings_wikiart_style"":5.37485408782959}","{""emoset_emotion"":0.53,""paintings_wikiart_genre"":0.5870479394449117,""paintings_wikiart_style"":0.3026222537207654}","{""emoset_emotion"":9.999997564591467e-05,""paintings_wikiart_genre"":9.999996836995706e-05,""paintings_wikiart_style"":9.999996836995706e-05}","{""emoset_emotion"":8,""paintings_wikiart_genre"":10,""paintings_wikiart_style"":16}",
2026-03-11T15:12:53Z,ecce72a95cbe,trial,52,ok,0.39073566397031145,piecewise_linear,clip_dino,0.6938294742548435,0.30617052574515646,1,True,max,1.3135446397570572,0.2359013457473548,0.3407389916377333,0.03275814016301338,1.3718081315560415,0.0103517029495634,0.048113474780508175,48,3,0.39073566397031145,"{""emoset_emotion"":0.45049381256103516,""paintings_wikiart_genre"":0.46303858757019045,""paintings_wikiart_style"":0.25867459177970886}","{""emoset_emotion"":3.6039505004882812,""paintings_wikiart_genre"":4.630385875701904,""paintings_wikiart_style"":4.138793468475342}","{""emoset_emotion"":0.46,""paintings_wikiart_genre"":0.4659377628259041,""paintings_wikiart_style"":0.2310418143160879}","{""emoset_emotion"":9.999997564591467e-05,""paintings_wikiart_genre"":9.999996836995706e-05,""paintings_wikiart_style"":9.999996836995706e-05}","{""emoset_emotion"":8,""paintings_wikiart_genre"":10,""paintings_wikiart_style"":16}",
2026-03-11T15:21:42Z,ecce72a95cbe,trial,53,ok,0.4488422711690267,piecewise_linear,clip_dino,0.5825796894082792,0.4174203105917208,1,True,max,0.9257273437526449,0.2140245986637531,0.31576388208182404,0.11051587693974049,1.315310155065937,0.004562623391165856,0.03633826734528284,120,3,0.4488422711690267,"{""emoset_emotion"":0.474170446395874,""paintings_wikiart_genre"":0.5314104080200195,""paintings_wikiart_style"":0.3409459590911865}","{""emoset_emotion"":3.793363571166992,""paintings_wikiart_genre"":5.314104080200195,""paintings_wikiart_style"":5.455135345458984}","{""emoset_emotion"":0.5075,""paintings_wikiart_genre"":0.6005046257359126,""paintings_wikiart_style"":0.33026222537207656}","{""emoset_emotion"":9.999997564591467e-05,""paintings_wikiart_genre"":9.999996836995706e-05,""paintings_wikiart_style"":9.999996836995706e-05}","{""emoset_emotion"":8,""paintings_wikiart_genre"":10,""paintings_wikiart_style"":16}",
2026-03-11T15:30:20Z,ecce72a95cbe,trial,54,ok,0.43305431405703226,piecewise_linear,clip_dino,0.5928057304627813,0.4071942695372187,1,True,max,1.0428044699075514,0.20532305342273385,0.31682432348908796,0.20157449621406134,1.4045590290097139,0.004546226558357397,0.15364250670631094,132,3,0.43305431405703226,"{""emoset_emotion"":0.41074398159980774,""paintings_wikiart_genre"":0.5303738594055176,""paintings_wikiart_style"":0.3580451011657715}","{""emoset_emotion"":3.285951852798462,""paintings_wikiart_genre"":5.303738594055176,""paintings_wikiart_style"":5.728721618652344}","{""emoset_emotion"":0.53,""paintings_wikiart_genre"":0.5744322960470984,""paintings_wikiart_style"":0.332388377037562}","{""emoset_emotion"":9.999997564591467e-05,""paintings_wikiart_genre"":9.999996836995706e-05,""paintings_wikiart_style"":9.999996836995706e-05}","{""emoset_emotion"":8,""paintings_wikiart_genre"":10,""paintings_wikiart_style"":16}",
2026-03-11T15:38:43Z,ecce72a95cbe,trial,55,ok,0.4362608591715495,piecewise_linear,clip_dino,0.4364439500771842,0.5635560499228158,1,True,max,0.9458976678421195,0.23650689454743154,0.2988442021406598,0.06746533811450753,1.1446382421877093,0.0015690743135613591,0.04085299956999765,108,3,0.4362608591715495,"{""emoset_emotion"":0.4886713922023773,""paintings_wikiart_genre"":0.5052261352539062,""paintings_wikiart_style"":0.31488505005836487}","{""emoset_emotion"":3.9093711376190186,""paintings_wikiart_genre"":5.0522613525390625,""paintings_wikiart_style"":5.038160800933838}","{""emoset_emotion"":0.505,""paintings_wikiart_genre"":0.5315391084945332,""paintings_wikiart_style"":0.2827781715095677}","{""emoset_emotion"":9.999997564591467e-05,""paintings_wikiart_genre"":9.999996836995706e-05,""paintings_wikiart_style"":9.999996836995706e-05}","{""emoset_emotion"":8,""paintings_wikiart_genre"":10,""paintings_wikiart_style"":16}",
2026-03-11T15:47:30Z,ecce72a95cbe,trial,56,ok,0.38626580039660136,piecewise_linear,clip_dino,0.5033443833912524,0.4966556166087476,1,True,max,0.8587874740884237,0.3050867609363854,0.34888239915197083,0.4560186645543263,1.2520571684924184,0.003197571399926277,0.06552921213417862,108,3,0.38626580039660136,"{""emoset_emotion"":0.31355974078178406,""paintings_wikiart_genre"":0.4944723129272461,""paintings_wikiart_style"":0.3507653474807739}","{""emoset_emotion"":2.5084779262542725,""paintings_wikiart_genre"":4.944723129272461,""paintings_wikiart_style"":5.612245559692383}","{""emoset_emotion"":0.38,""paintings_wikiart_genre"":0.4247266610597141,""paintings_wikiart_style"":0.42523033309709424}","{""emoset_emotion"":9.999997564591467e-05,""paintings_wikiart_genre"":9.999996836995706e-05,""paintings_wikiart_style"":9.999996836995706e-05}","{""emoset_emotion"":8,""paintings_wikiart_genre"":10,""paintings_wikiart_style"":16}",
2026-03-11T15:59:31Z,ecce72a95cbe,trial,57,ok,0.3226727525393168,piecewise_linear,clip_dino,0.673012818919918,0.32698718108008196,3,True,softmax,0.9468100680170214,0.27731776483678816,0.2839264319663972,0.2850999863060825,1.2917750385780602,0.006611096556401248,0.09291494933445306,120,3,0.3226727525393168,"{""emoset_emotion"":0.400325208902359,""paintings_wikiart_genre"":0.39692666530609133,""paintings_wikiart_style"":0.17076638340950012}","{""emoset_emotion"":3.202601671218872,""paintings_wikiart_genre"":3.969266653060913,""paintings_wikiart_style"":2.732262134552002}","{""emoset_emotion"":0.45,""paintings_wikiart_genre"":0.42304457527333894,""paintings_wikiart_style"":0.15875265768958186}","{""emoset_emotion"":0.267489492893219,""paintings_wikiart_genre"":0.3802315890789032,""paintings_wikiart_style"":0.3918907642364502}","{""emoset_emotion"":8,""paintings_wikiart_genre"":10,""paintings_wikiart_style"":16}",
2026-03-11T16:06:24Z,ecce72a95cbe,trial,58,ok,0.4347996354103088,piecewise_linear,clip_dino,0.6361043501300662,0.36389564986993383,1,True,max,1.3866585413369725,0.2177644438259996,0.24253301931776552,0.06976342059954099,1.4488573005422203,0.010915493139130863,0.02437653867309851,84,3,0.4347996354103088,"{""emoset_emotion"":0.48391520977020264,""paintings_wikiart_genre"":0.5056433200836181,""paintings_wikiart_style"":0.3148403763771057}","{""emoset_emotion"":3.871321678161621,""paintings_wikiart_genre"":5.056433200836182,""paintings_wikiart_style"":5.037446022033691}","{""emoset_emotion"":0.505,""paintings_wikiart_genre"":0.5651808242220353,""paintings_wikiart_style"":0.2870304748405386}","{""emoset_emotion"":9.999997564591467e-05,""paintings_wikiart_genre"":9.999996836995706e-05,""paintings_wikiart_style"":9.999996836995706e-05}","{""emoset_emotion"":8,""paintings_wikiart_genre"":10,""paintings_wikiart_style"":16}",
2026-03-11T16:16:11Z,ecce72a95cbe,trial,59,ok,0.40071080327034,piecewise_linear,clip_dino,0.7662275619099059,0.23377243809009407,1,True,max,0.6815918476988361,0.35168222880938893,0.3171572517246711,0.196070543720319,0.3954822896515551,0.002179868825212089,0.03538947523404484,144,3,0.40071080327034,"{""emoset_emotion"":0.36705300211906433,""paintings_wikiart_genre"":0.499127721786499,""paintings_wikiart_style"":0.33595168590545654}","{""emoset_emotion"":2.9364240169525146,""paintings_wikiart_genre"":4.99127721786499,""paintings_wikiart_style"":5.375226974487305}","{""emoset_emotion"":0.385,""paintings_wikiart_genre"":0.49032800672834315,""paintings_wikiart_style"":0.32104890148830617}","{""emoset_emotion"":9.999997564591467e-05,""paintings_wikiart_genre"":9.999996836995706e-05,""paintings_wikiart_style"":9.999996836995706e-05}","{""emoset_emotion"":8,""paintings_wikiart_genre"":10,""paintings_wikiart_style"":16}",
2026-03-11T16:25:08Z,ecce72a95cbe,trial,60,ok,0.4087527950604757,piecewise_linear,clip_dino,0.40539396983532705,0.594606030164673,1,True,max,0.5387172193339976,0.24365651298659238,0.3363232676277442,0.08763836690684763,0.22865205867566707,0.0014125251620911686,0.05652771717553309,132,3,0.4087527950604757,"{""emoset_emotion"":0.4386298656463623,""paintings_wikiart_genre"":0.4855909824371338,""paintings_wikiart_style"":0.3020375370979309}","{""emoset_emotion"":3.5090389251708984,""paintings_wikiart_genre"":4.855909824371338,""paintings_wikiart_style"":4.8326005935668945}","{""emoset_emotion"":0.5025,""paintings_wikiart_genre"":0.5222876366694701,""paintings_wikiart_style"":0.27569099929128277}","{""emoset_emotion"":9.999997564591467e-05,""paintings_wikiart_genre"":9.999996836995706e-05,""paintings_wikiart_style"":9.999996836995706e-05}","{""emoset_emotion"":8,""paintings_wikiart_genre"":10,""paintings_wikiart_style"":16}",
2026-03-11T16:29:40Z,ecce72a95cbe,trial,61,ok,0.45077926317850747,piecewise_linear,clip_dino,0.5668184517448674,0.43318154825513255,1,True,max,1.2586673545147293,0.2967867413999556,0.3250639729010624,0.10896708705643801,1.3281784608270353,0.028711433508786015,0.02700310705340444,24,3,0.45077926317850747,"{""emoset_emotion"":0.4804760217666626,""paintings_wikiart_genre"":0.5280091285705566,""paintings_wikiart_style"":0.3438526391983032}","{""emoset_emotion"":3.843808174133301,""paintings_wikiart_genre"":5.280091285705566,""paintings_wikiart_style"":5.501642227172852}","{""emoset_emotion"":0.525,""paintings_wikiart_genre"":0.6021867115222876,""paintings_wikiart_style"":0.33664068036853295}","{""emoset_emotion"":9.999997564591467e-05,""paintings_wikiart_genre"":9.999996836995706e-05,""paintings_wikiart_style"":9.999996836995706e-05}","{""emoset_emotion"":8,""paintings_wikiart_genre"":10,""paintings_wikiart_style"":16}",
2026-03-11T16:35:21Z,ecce72a95cbe,trial,62,ok,0.4129913409550985,piecewise_linear,clip_dino,0.5799070873333961,0.42009291266660387,1,True,max,1.1091522187984457,0.2932438491795373,0.3052175773156503,0.16927887510437956,1.4974144690785787,0.05857604866668135,0.012311610407395934,48,3,0.4129913409550985,"{""emoset_emotion"":0.3812694549560547,""paintings_wikiart_genre"":0.522412109375,""paintings_wikiart_style"":0.3352924585342407}","{""emoset_emotion"":3.0501556396484375,""paintings_wikiart_genre"":5.22412109375,""paintings_wikiart_style"":5.364679336547852}","{""emoset_emotion"":0.4675,""paintings_wikiart_genre"":0.631623212783852,""paintings_wikiart_style"":0.1708008504606662}","{""emoset_emotion"":9.999997564591467e-05,""paintings_wikiart_genre"":9.999996836995706e-05,""paintings_wikiart_style"":9.999996836995706e-05}","{""emoset_emotion"":8,""paintings_wikiart_genre"":10,""paintings_wikiart_style"":16}",
2026-03-11T16:43:44Z,ecce72a95cbe,trial,63,ok,0.3765413959821065,piecewise_linear,clip_dino,0.5421002793198655,0.4578997206801345,1,True,max,0.8105270674889354,0.21512426772661197,0.3183101467911037,0.10641167280619636,1.2115309868845947,0.027838666052848512,0.017307685342479884,120,3,0.3765413959821065,"{""emoset_emotion"":0.3564307689666748,""paintings_wikiart_genre"":0.4878425598144531,""paintings_wikiart_style"":0.28535085916519165}","{""emoset_emotion"":2.8514461517333984,""paintings_wikiart_genre"":4.878425598144531,""paintings_wikiart_style"":4.565613746643066}","{""emoset_emotion"":0.41,""paintings_wikiart_genre"":0.49369217830109335,""paintings_wikiart_style"":0.09425939050318922}","{""emoset_emotion"":9.999997564591467e-05,""paintings_wikiart_genre"":9.999996836995706e-05,""paintings_wikiart_style"":9.999996836995706e-05}","{""emoset_emotion"":8,""paintings_wikiart_genre"":10,""paintings_wikiart_style"":16}",
2026-03-11T16:49:30Z,ecce72a95cbe,trial,64,ok,0.3948233107725779,piecewise_linear,clip_dino,0.6157584268556995,0.3842415731443005,1,True,max,1.4376980148938783,0.25654166765346176,0.2872447568615352,0.03548393655695354,1.3707604561037583,0.007956316172392215,0.024684402909838813,24,3,0.3948233107725779,"{""emoset_emotion"":0.4544225335121155,""paintings_wikiart_genre"":0.46542134284973147,""paintings_wikiart_style"":0.26462605595588684}","{""emoset_emotion"":3.635380268096924,""paintings_wikiart_genre"":4.6542134284973145,""paintings_wikiart_style"":4.2340168952941895}","{""emoset_emotion"":0.46,""paintings_wikiart_genre"":0.4659377628259041,""paintings_wikiart_style"":0.23387668320340185}","{""emoset_emotion"":9.999997564591467e-05,""paintings_wikiart_genre"":9.999996836995706e-05,""paintings_wikiart_style"":9.999996836995706e-05}","{""emoset_emotion"":8,""paintings_wikiart_genre"":10,""paintings_wikiart_style"":16}",
2026-03-11T16:55:49Z,ecce72a95cbe,trial,65,ok,0.4317569196224213,piecewise_linear,clip_dino,0.49402966517015795,0.5059703348298421,1,True,softmax,1.2691104461748413,0.3693458818829613,0.10770944630951357,0.0632539400896428,1.0885014866391824,0.01305424188961709,0.04725212946239177,36,3,0.4317569196224213,"{""emoset_emotion"":0.48331543803215027,""paintings_wikiart_genre"":0.502683448791504,""paintings_wikiart_style"":0.3092718720436096}","{""emoset_emotion"":3.866523504257202,""paintings_wikiart_genre"":5.026834487915039,""paintings_wikiart_style"":4.948349952697754}","{""emoset_emotion"":0.495,""paintings_wikiart_genre"":0.5441547518923465,""paintings_wikiart_style"":0.28632175761871015}","{""emoset_emotion"":9.999997564591467e-05,""paintings_wikiart_genre"":9.999996836995706e-05,""paintings_wikiart_style"":9.999996836995706e-05}","{""emoset_emotion"":8,""paintings_wikiart_genre"":10,""paintings_wikiart_style"":16}",
2026-03-11T17:01:04Z,ecce72a95cbe,trial,66,ok,0.3249494254589081,piecewise_linear,clip_dino,0.44381742803610896,0.5561825719638911,3,True,max,0.9287342183453288,0.28280270527205587,0.06607857266889477,0.3590187811480834,1.3353354017520704,0.005841524426908448,0.03469155574266006,36,3,0.3249494254589081,"{""emoset_emotion"":0.4015410542488098,""paintings_wikiart_genre"":0.3976839542388916,""paintings_wikiart_style"":0.17562326788902283}","{""emoset_emotion"":3.2123284339904785,""paintings_wikiart_genre"":3.976839542388916,""paintings_wikiart_style"":2.8099722862243652}","{""emoset_emotion"":0.4425,""paintings_wikiart_genre"":0.432296047098402,""paintings_wikiart_style"":0.1708008504606662}","{""emoset_emotion"":0.23753684759140015,""paintings_wikiart_genre"":0.34866246581077576,""paintings_wikiart_style"":0.3511475622653961}","{""emoset_emotion"":8,""paintings_wikiart_genre"":10,""paintings_wikiart_style"":16}",
2026-03-11T17:07:56Z,ecce72a95cbe,trial,67,ok,0.44091964562733965,piecewise_linear,clip_dino,0.384883781257426,0.615116218742574,1,True,max,1.4524671182649929,0.3102580155507271,0.337892774931048,0.08710431772695626,1.1783510290500168,0.008772117169145846,0.04309798497112924,60,3,0.44091964562733965,"{""emoset_emotion"":0.4814480245113373,""paintings_wikiart_genre"":0.5141798496246338,""paintings_wikiart_style"":0.327131062746048}","{""emoset_emotion"":3.8515841960906982,""paintings_wikiart_genre"":5.141798496246338,""paintings_wikiart_style"":5.234097003936768}","{""emoset_emotion"":0.505,""paintings_wikiart_genre"":0.5862068965517241,""paintings_wikiart_style"":0.30120481927710846}","{""emoset_emotion"":9.999997564591467e-05,""paintings_wikiart_genre"":9.999996836995706e-05,""paintings_wikiart_style"":9.999996836995706e-05}","{""emoset_emotion"":8,""paintings_wikiart_genre"":10,""paintings_wikiart_style"":16}",
2026-03-11T17:12:41Z,ecce72a95cbe,trial,68,ok,0.3655132869879405,piecewise_linear,clip_dino,0.658958456849245,0.34104154315075497,1,True,max,1.0756243865737862,0.22642237935832565,0.32323454469083523,0.02730358572052162,1.2671329083300669,0.03638753873369714,0.06460063089616419,24,3,0.3655132869879405,"{""emoset_emotion"":0.42167216539382935,""paintings_wikiart_genre"":0.4464226722717285,""paintings_wikiart_style"":0.22844502329826355}","{""emoset_emotion"":3.3733773231506348,""paintings_wikiart_genre"":4.464226722717285,""paintings_wikiart_style"":3.655120372772217}","{""emoset_emotion"":0.41,""paintings_wikiart_genre"":0.4533221194280908,""paintings_wikiart_style"":0.17292700212615167}","{""emoset_emotion"":9.999997564591467e-05,""paintings_wikiart_genre"":9.999996836995706e-05,""paintings_wikiart_style"":9.999996836995706e-05}","{""emoset_emotion"":8,""paintings_wikiart_genre"":10,""paintings_wikiart_style"":16}",
2026-03-11T17:17:37Z,ecce72a95cbe,trial,69,ok,0.448281987508138,piecewise_linear,clip_dino,0.5758728351196304,0.4241271648803696,1,True,max,1.1187741150702257,0.42609841566357715,0.24733972618936456,0.1148393801587576,1.4065704965743935,0.0033244070633455134,0.025873290811973614,36,3,0.448281987508138,"{""emoset_emotion"":0.4733065366744995,""paintings_wikiart_genre"":0.5272957801818847,""paintings_wikiart_style"":0.3442436456680298}","{""emoset_emotion"":3.786452293395996,""paintings_wikiart_genre"":5.272957801818848,""paintings_wikiart_style"":5.507898330688477}","{""emoset_emotion"":0.5275,""paintings_wikiart_genre"":0.5988225399495374,""paintings_wikiart_style"":0.34301913536498935}","{""emoset_emotion"":9.999997564591467e-05,""paintings_wikiart_genre"":9.999996836995706e-05,""paintings_wikiart_style"":9.999996836995706e-05}","{""emoset_emotion"":8,""paintings_wikiart_genre"":10,""paintings_wikiart_style"":16}",
2026-03-11T17:23:06Z,ecce72a95cbe,trial,70,ok,0.36416744987169897,piecewise_linear,clip_dino,0.5777169042183504,0.4222830957816496,1,True,max,0.6997224559230384,0.44881204383290524,0.22216108100240714,0.1172957755962078,1.411650646586388,0.0029621041615796304,0.022549685201866128,48,3,0.36416744987169897,"{""emoset_emotion"":0.31825685501098633,""paintings_wikiart_genre"":0.48038949966430666,""paintings_wikiart_style"":0.2938559949398041}","{""emoset_emotion"":2.5460548400878906,""paintings_wikiart_genre"":4.803894996643066,""paintings_wikiart_style"":4.701695919036865}","{""emoset_emotion"":0.37,""paintings_wikiart_genre"":0.4894869638351556,""paintings_wikiart_style"":0.08788093550673282}","{""emoset_emotion"":9.999997564591467e-05,""paintings_wikiart_genre"":9.999996836995706e-05,""paintings_wikiart_style"":9.999996836995706e-05}","{""emoset_emotion"":8,""paintings_wikiart_genre"":10,""paintings_wikiart_style"":16}",
2026-03-11T17:28:13Z,ecce72a95cbe,trial,71,ok,0.42403686642646793,piecewise_linear,clip_dino,0.5332412801037404,0.4667587198962596,1,True,max,1.1322671946836815,0.4332865487612782,0.27523998916905573,0.05648240686303846,1.4012753535887772,0.0049967722178093105,0.02671768907826166,36,3,0.42403686642646793,"{""emoset_emotion"":0.4767548143863678,""paintings_wikiart_genre"":0.49523215293884276,""paintings_wikiart_style"":0.3001236319541931}","{""emoset_emotion"":3.8140385150909424,""paintings_wikiart_genre"":4.952321529388428,""paintings_wikiart_style"":4.80197811126709}","{""emoset_emotion"":0.485,""paintings_wikiart_genre"":0.5273338940285954,""paintings_wikiart_style"":0.2678951098511694}","{""emoset_emotion"":9.999997564591467e-05,""paintings_wikiart_genre"":9.999996836995706e-05,""paintings_wikiart_style"":9.999996836995706e-05}","{""emoset_emotion"":8,""paintings_wikiart_genre"":10,""paintings_wikiart_style"":16}",
2026-03-11T17:37:50Z,ecce72a95cbe,trial,72,ok,0.4373642742633819,piecewise_linear,clip_dino,0.5579978956140674,0.44200210438593257,1,True,max,1.3018922061491125,0.37656411614475815,0.25046309467647515,0.1645734459543645,1.3179748895842,0.013592187760389446,0.033432994915477604,144,3,0.4373642742633819,"{""emoset_emotion"":0.43483251333236694,""paintings_wikiart_genre"":0.5245134353637695,""paintings_wikiart_style"":0.3527468740940094}","{""emoset_emotion"":3.4786601066589355,""paintings_wikiart_genre"":5.245134353637695,""paintings_wikiart_style"":5.64394998550415}","{""emoset_emotion"":0.495,""paintings_wikiart_genre"":0.6173254835996635,""paintings_wikiart_style"":0.35294117647058826}","{""emoset_emotion"":9.999997564591467e-05,""paintings_wikiart_genre"":9.999996836995706e-05,""paintings_wikiart_style"":9.999996836995706e-05}","{""emoset_emotion"":8,""paintings_wikiart_genre"":10,""paintings_wikiart_style"":16}",
2026-03-11T17:42:34Z,ecce72a95cbe,trial,73,ok,0.4110220233599345,piecewise_linear,clip_dino,0.5945995014492267,0.4054004985507733,1,True,max,0.9653688984390546,0.24237936060335827,0.31008983698877024,0.23915098978646177,1.1507116249799327,0.023381512371034422,0.052946300394512036,24,3,0.4110220233599345,"{""emoset_emotion"":0.36074018478393555,""paintings_wikiart_genre"":0.5229995727539063,""paintings_wikiart_style"":0.34932631254196167}","{""emoset_emotion"":2.8859214782714844,""paintings_wikiart_genre"":5.2299957275390625,""paintings_wikiart_style"":5.589221000671387}","{""emoset_emotion"":0.4725,""paintings_wikiart_genre"":0.5887300252312868,""paintings_wikiart_style"":0.3855421686746988}","{""emoset_emotion"":9.999997564591467e-05,""paintings_wikiart_genre"":9.999996836995706e-05,""paintings_wikiart_style"":9.999996836995706e-05}","{""emoset_emotion"":8,""paintings_wikiart_genre"":10,""paintings_wikiart_style"":16}",
2026-03-11T17:51:21Z,ecce72a95cbe,trial,74,ok,0.3335666735967,piecewise_linear,clip_dino,0.6280309504698757,0.37196904953012433,4,True,max,1.053392646887917,0.3209761008317654,0.30003703898820544,0.5118436452202942,1.0527587686362312,0.0019264507836685798,0.01855431800926983,108,3,0.3335666735967,"{""emoset_emotion"":0.408147931098938,""paintings_wikiart_genre"":0.40530099868774416,""paintings_wikiart_style"":0.18725109100341797}","{""emoset_emotion"":3.265183448791504,""paintings_wikiart_genre"":4.053009986877441,""paintings_wikiart_style"":2.9960174560546875}","{""emoset_emotion"":0.44,""paintings_wikiart_genre"":0.4121110176619008,""paintings_wikiart_style"":0.1856839121190645}","{""emoset_emotion"":0.17451900243759155,""paintings_wikiart_genre"":0.2441234439611435,""paintings_wikiart_style"":0.2447013556957245}","{""emoset_emotion"":8,""paintings_wikiart_genre"":10,""paintings_wikiart_style"":16}",
2026-03-11T17:56:22Z,ecce72a95cbe,trial,75,ok,0.4330762048562368,piecewise_linear,clip_dino,0.5230215941361939,0.47697840586380613,1,True,softmax,0.899931830065549,0.24737459224292352,0.28228131146447877,0.1152351301279245,1.2628672645452426,0.0036206394339489147,0.014513500780971621,24,3,0.4330762048562368,"{""emoset_emotion"":0.44332650303840637,""paintings_wikiart_genre"":0.5270119667053222,""paintings_wikiart_style"":0.3288901448249817}","{""emoset_emotion"":3.546612024307251,""paintings_wikiart_genre"":5.270119667053223,""paintings_wikiart_style"":5.262242317199707}","{""emoset_emotion"":0.48,""paintings_wikiart_genre"":0.5424726661059714,""paintings_wikiart_style"":0.12189936215450035}","{""emoset_emotion"":9.999997564591467e-05,""paintings_wikiart_genre"":9.999996836995706e-05,""paintings_wikiart_style"":9.999996836995706e-05}","{""emoset_emotion"":8,""paintings_wikiart_genre"":10,""paintings_wikiart_style"":16}",
2026-03-11T18:03:57Z,ecce72a95cbe,trial,76,ok,0.4432161490122477,piecewise_linear,clip_dino,0.7010216463759504,0.29897835362404956,1,True,max,1.2197991330572129,0.20737018482969358,0.29216678362510395,0.08279776575525058,1.4755208637330672,0.008701836234861465,0.03800479643779123,36,3,0.4432161490122477,"{""emoset_emotion"":0.4867914319038391,""paintings_wikiart_genre"":0.5156189918518066,""paintings_wikiart_style"":0.3272380232810974}","{""emoset_emotion"":3.894331455230713,""paintings_wikiart_genre"":5.156189918518066,""paintings_wikiart_style"":5.235808372497559}","{""emoset_emotion"":0.51,""paintings_wikiart_genre"":0.5651808242220353,""paintings_wikiart_style"":0.30758327427356486}","{""emoset_emotion"":9.999997564591467e-05,""paintings_wikiart_genre"":9.999996836995706e-05,""paintings_wikiart_style"":9.999996836995706e-05}","{""emoset_emotion"":8,""paintings_wikiart_genre"":10,""paintings_wikiart_style"":16}",
2026-03-11T18:10:18Z,ecce72a95cbe,trial,77,ok,0.3155431568622589,piecewise_linear,clip_dino,0.5993880767897182,0.40061192321028183,2,True,max,1.118669298859309,0.29208179601151635,0.3363025272787218,0.041310970810510654,1.437064399903041,0.006551078206105101,0.006030882759328589,48,3,0.3155431568622589,"{""emoset_emotion"":0.38707810640335083,""paintings_wikiart_genre"":0.3881197929382324,""paintings_wikiart_style"":0.17143157124519348}","{""emoset_emotion"":3.0966248512268066,""paintings_wikiart_genre"":3.881197929382324,""paintings_wikiart_style"":2.7429051399230957}","{""emoset_emotion"":0.415,""paintings_wikiart_genre"":0.3708999158957107,""paintings_wikiart_style"":0.1481218993621545}","{""emoset_emotion"":0.032198987901210785,""paintings_wikiart_genre"":0.048830147832632065,""paintings_wikiart_style"":0.0407446026802063}","{""emoset_emotion"":8,""paintings_wikiart_genre"":10,""paintings_wikiart_style"":16}",
2026-03-11T18:17:24Z,ecce72a95cbe,trial,78,ok,0.4215735077857971,piecewise_linear,clip_dino,0.5689584713707003,0.4310415286292997,1,True,max,0.8002281656624023,0.22285172775250414,0.16858122349431504,0.13807941658826653,1.2068013151197665,0.02188848555985215,0.029969089322780845,60,3,0.4215735077857971,"{""emoset_emotion"":0.43344688415527344,""paintings_wikiart_genre"":0.5065986156463623,""paintings_wikiart_style"":0.3246750235557556}","{""emoset_emotion"":3.4675750732421875,""paintings_wikiart_genre"":5.065986156463623,""paintings_wikiart_style"":5.19480037689209}","{""emoset_emotion"":0.4975,""paintings_wikiart_genre"":0.4255677039529016,""paintings_wikiart_style"":0.1693834160170092}","{""emoset_emotion"":9.999997564591467e-05,""paintings_wikiart_genre"":9.999996836995706e-05,""paintings_wikiart_style"":9.999996836995706e-05}","{""emoset_emotion"":8,""paintings_wikiart_genre"":10,""paintings_wikiart_style"":16}",
2026-03-11T18:22:10Z,ecce72a95cbe,trial,79,ok,0.4347861111164093,piecewise_linear,clip_dino,0.4826689895792078,0.5173310104207922,1,True,max,1.5377236227710955,0.36491657015598594,0.2696017488381105,0.0776789913389339,1.3809383257029355,0.001088421566018584,0.02128147821016205,24,3,0.4347861111164093,"{""emoset_emotion"":0.4797669053077698,""paintings_wikiart_genre"":0.5062110424041748,""paintings_wikiart_style"":0.3183803856372833}","{""emoset_emotion"":3.838135242462158,""paintings_wikiart_genre"":5.062110424041748,""paintings_wikiart_style"":5.094086170196533}","{""emoset_emotion"":0.515,""paintings_wikiart_genre"":0.5878889823380993,""paintings_wikiart_style"":0.2898653437278526}","{""emoset_emotion"":9.999997564591467e-05,""paintings_wikiart_genre"":9.999996836995706e-05,""paintings_wikiart_style"":9.999996836995706e-05}","{""emoset_emotion"":8,""paintings_wikiart_genre"":10,""paintings_wikiart_style"":16}",
2026-03-11T18:27:53Z,ecce72a95cbe,trial,80,ok,0.24881264468034106,piecewise_linear,clip_dino,0.5385343624305707,0.46146563756942927,1,True,max,0.3545846281914859,0.3334342039908468,0.325892847944186,0.325406539272866,1.337834605233255,0.015465273837013847,0.09777369321283666,36,3,0.24881264468034106,"{""emoset_emotion"":0.18908214569091797,""paintings_wikiart_genre"":0.34224791526794435,""paintings_wikiart_style"":0.21510787308216095}","{""emoset_emotion"":1.5126571655273438,""paintings_wikiart_genre"":3.4224791526794434,""paintings_wikiart_style"":3.441725969314575}","{""emoset_emotion"":0.125,""paintings_wikiart_genre"":0.30193439865433136,""paintings_wikiart_style"":0.09992912827781715}","{""emoset_emotion"":9.999997564591467e-05,""paintings_wikiart_genre"":9.999996836995706e-05,""paintings_wikiart_style"":9.999996836995706e-05}","{""emoset_emotion"":8,""paintings_wikiart_genre"":10,""paintings_wikiart_style"":16}",
2026-03-11T18:33:41Z,ecce72a95cbe,trial,81,ok,0.44619040687878925,piecewise_linear,clip_dino,0.7030008850733982,0.2969991149266018,1,True,max,1.2269199566091546,0.2018157210504012,0.29541317265835787,0.09403490179980459,1.4652514693927414,0.008220777512006748,0.04021314813991238,36,3,0.44619040687878925,"{""emoset_emotion"":0.48382484912872314,""paintings_wikiart_genre"":0.5206072330474854,""paintings_wikiart_style"":0.3341391384601593}","{""emoset_emotion"":3.870598793029785,""paintings_wikiart_genre"":5.2060723304748535,""paintings_wikiart_style"":5.346226215362549}","{""emoset_emotion"":0.515,""paintings_wikiart_genre"":0.575273338940286,""paintings_wikiart_style"":0.32459248759744863}","{""emoset_emotion"":9.999997564591467e-05,""paintings_wikiart_genre"":9.999996836995706e-05,""paintings_wikiart_style"":9.999996836995706e-05}","{""emoset_emotion"":8,""paintings_wikiart_genre"":10,""paintings_wikiart_style"":16}",
2026-03-11T18:39:10Z,ecce72a95cbe,trial,82,ok,0.45121311346689863,piecewise_linear,clip_dino,0.6476391139965884,0.35236088600341164,1,True,max,1.0126918572807555,0.22579780554285842,0.30873986754293403,0.09884166353738183,1.2831867020563508,0.010439466710783945,0.052237488507576056,36,3,0.45121311346689863,"{""emoset_emotion"":0.489077091217041,""paintings_wikiart_genre"":0.5243144989013672,""paintings_wikiart_style"":0.3402477502822876}","{""emoset_emotion"":3.912616729736328,""paintings_wikiart_genre"":5.243144989013672,""paintings_wikiart_style"":5.443964004516602}","{""emoset_emotion"":0.4925,""paintings_wikiart_genre"":0.5735912531539108,""paintings_wikiart_style"":0.3132530120481928}","{""emoset_emotion"":9.999997564591467e-05,""paintings_wikiart_genre"":9.999996836995706e-05,""paintings_wikiart_style"":9.999996836995706e-05}","{""emoset_emotion"":8,""paintings_wikiart_genre"":10,""paintings_wikiart_style"":16}",
2026-03-11T18:44:07Z,ecce72a95cbe,trial,83,ok,0.4153107523918152,piecewise_linear,clip_dino,0.6501681137882049,0.34983188621179506,1,True,max,1.0059360427211468,0.259902976085791,0.3092557710393748,0.05300973613837059,1.2938403735658868,0.029727191795367976,0.055894304891307506,24,3,0.4153107523918152,"{""emoset_emotion"":0.4738381505012512,""paintings_wikiart_genre"":0.49263367652893064,""paintings_wikiart_style"":0.27946043014526367}","{""emoset_emotion"":3.7907052040100098,""paintings_wikiart_genre"":4.926336765289307,""paintings_wikiart_style"":4.471366882324219}","{""emoset_emotion"":0.465,""paintings_wikiart_genre"":0.4852817493692178,""paintings_wikiart_style"":0.21119773210489015}","{""emoset_emotion"":9.999997564591467e-05,""paintings_wikiart_genre"":9.999996836995706e-05,""paintings_wikiart_style"":9.999996836995706e-05}","{""emoset_emotion"":8,""paintings_wikiart_genre"":10,""paintings_wikiart_style"":16}",
2026-03-11T18:50:37Z,ecce72a95cbe,trial,84,ok,0.44852939844131473,piecewise_linear,clip_dino,0.5903274618906278,0.4096725381093722,1,True,max,1.1599142298786467,0.22869431990099354,0.3180452202188442,0.1293984512103117,1.120268168193134,0.010207948005683613,0.07114075340400347,48,3,0.44852939844131473,"{""emoset_emotion"":0.4659884572029114,""paintings_wikiart_genre"":0.5304875850677491,""paintings_wikiart_style"":0.3491121530532837}","{""emoset_emotion"":3.727907657623291,""paintings_wikiart_genre"":5.30487585067749,""paintings_wikiart_style"":5.585794448852539}","{""emoset_emotion"":0.54,""paintings_wikiart_genre"":0.6156433978132885,""paintings_wikiart_style"":0.35294117647058826}","{""emoset_emotion"":9.999997564591467e-05,""paintings_wikiart_genre"":9.999996836995706e-05,""paintings_wikiart_style"":9.999996836995706e-05}","{""emoset_emotion"":8,""paintings_wikiart_genre"":10,""paintings_wikiart_style"":16}",
2026-03-11T18:56:31Z,ecce72a95cbe,trial,85,ok,0.4514423608779907,piecewise_linear,clip_dino,0.6328098517346632,0.3671901482653368,1,True,max,1.3508877482680062,0.22659722214371478,0.34936776596459196,0.11917005611546902,0.5197325862847438,0.04912946914323385,0.07989580454753624,48,3,0.4514423608779907,"{""emoset_emotion"":0.47721314430236816,""paintings_wikiart_genre"":0.5291430950164795,""paintings_wikiart_style"":0.3479708433151245}","{""emoset_emotion"":3.8177051544189453,""paintings_wikiart_genre"":5.291430950164795,""paintings_wikiart_style"":5.567533493041992}","{""emoset_emotion"":0.56,""paintings_wikiart_genre"":0.6181665264928511,""paintings_wikiart_style"":0.33664068036853295}","{""emoset_emotion"":9.999997564591467e-05,""paintings_wikiart_genre"":9.999996836995706e-05,""paintings_wikiart_style"":9.999996836995706e-05}","{""emoset_emotion"":8,""paintings_wikiart_genre"":10,""paintings_wikiart_style"":16}",
2026-03-11T19:03:15Z,ecce72a95cbe,trial,86,ok,0.435349311431249,piecewise_linear,clip_dino,0.589413104242125,0.410586895757875,1,True,max,1.16437630201008,0.2207998463145141,0.34719868415655153,0.16446018664312745,0.6686256266908491,0.05154728586124928,0.07805322757989147,60,3,0.435349311431249,"{""emoset_emotion"":0.4336238503456116,""paintings_wikiart_genre"":0.5249891757965088,""paintings_wikiart_style"":0.3474349081516266}","{""emoset_emotion"":3.4689908027648926,""paintings_wikiart_genre"":5.249891757965088,""paintings_wikiart_style"":5.558958530426025}","{""emoset_emotion"":0.5075,""paintings_wikiart_genre"":0.6122792262405383,""paintings_wikiart_style"":0.3189227498228207}","{""emoset_emotion"":9.999997564591467e-05,""paintings_wikiart_genre"":9.999996836995706e-05,""paintings_wikiart_style"":9.999996836995706e-05}","{""emoset_emotion"":8,""paintings_wikiart_genre"":10,""paintings_wikiart_style"":16}",
2026-03-11T19:10:34Z,ecce72a95cbe,trial,87,ok,0.29936680595080056,piecewise_linear,clip_dino,0.6623755618523175,0.3376244381476825,2,True,max,1.3443416421971783,0.250450127005128,0.32170521662925283,0.12194353732723483,0.5280437740340458,0.06690733477916189,0.13832196689559895,72,3,0.29936680595080056,"{""emoset_emotion"":0.3429452180862427,""paintings_wikiart_genre"":0.382887077331543,""paintings_wikiart_style"":0.1722681224346161}","{""emoset_emotion"":2.7435617446899414,""paintings_wikiart_genre"":3.8288707733154297,""paintings_wikiart_style"":2.7562899589538574}","{""emoset_emotion"":0.3575,""paintings_wikiart_genre"":0.3170731707317073,""paintings_wikiart_style"":0.12119064493267187}","{""emoset_emotion"":0.04487617313861847,""paintings_wikiart_genre"":0.046018216758966446,""paintings_wikiart_style"":0.0456109419465065}","{""emoset_emotion"":8,""paintings_wikiart_genre"":10,""paintings_wikiart_style"":16}",
2026-03-11T19:17:19Z,ecce72a95cbe,trial,88,ok,0.33062825004259744,piecewise_linear,clip_dino,0.6057151732917286,0.39428482670827136,1,True,softmax,1.444147848468806,0.21006947038102883,0.31458504790546626,32.70652419644453,0.09630445639964302,0.04275096319727393,0.06773558325959322,48,3,0.33062825004259744,"{""emoset_emotion"":0.22385677695274353,""paintings_wikiart_genre"":0.4306227684020996,""paintings_wikiart_style"":0.3374052047729492}","{""emoset_emotion"":1.7908542156219482,""paintings_wikiart_genre"":4.306227684020996,""paintings_wikiart_style"":5.3984832763671875}","{""emoset_emotion"":0.33,""paintings_wikiart_genre"":0.6131202691337259,""paintings_wikiart_style"":0.3664068036853296}","{""emoset_emotion"":9.999997564591467e-05,""paintings_wikiart_genre"":9.999996836995706e-05,""paintings_wikiart_style"":9.999996836995706e-05}","{""emoset_emotion"":8,""paintings_wikiart_genre"":10,""paintings_wikiart_style"":16}",
2026-03-11T19:23:13Z,ecce72a95cbe,trial,89,ok,0.4145536462465922,piecewise_linear,clip_dino,0.5571562742402656,0.4428437257597344,1,True,max,1.7127304657323976,0.2864815655697913,0.34308079375272393,0.217136568644459,0.5152578617423584,0.0025840009762264585,0.08272136821735385,48,3,0.4145536462465922,"{""emoset_emotion"":0.3859686255455017,""paintings_wikiart_genre"":0.5076124191284179,""paintings_wikiart_style"":0.35007989406585693}","{""emoset_emotion"":3.0877490043640137,""paintings_wikiart_genre"":5.07612419128418,""paintings_wikiart_style"":5.601278305053711}","{""emoset_emotion"":0.425,""paintings_wikiart_genre"":0.6282590412111018,""paintings_wikiart_style"":0.3373493975903614}","{""emoset_emotion"":9.999997564591467e-05,""paintings_wikiart_genre"":9.999996836995706e-05,""paintings_wikiart_style"":9.999996836995706e-05}","{""emoset_emotion"":8,""paintings_wikiart_genre"":10,""paintings_wikiart_style"":16}",
2026-03-11T19:28:42Z,ecce72a95cbe,trial,90,ok,0.4060948749383291,piecewise_linear,clip_dino,0.6394165430978809,0.3605834569021191,1,True,max,1.5231075615134206,1.927643412180685,0.33136632249466835,0.1518431951685579,0.5907528832116816,0.0036149792885173796,0.13222022156973004,36,3,0.4060948749383291,"{""emoset_emotion"":0.39645981788635254,""paintings_wikiart_genre"":0.4969478130340576,""paintings_wikiart_style"":0.324876993894577}","{""emoset_emotion"":3.1716785430908203,""paintings_wikiart_genre"":4.969478130340576,""paintings_wikiart_style"":5.198031902313232}","{""emoset_emotion"":0.4625,""paintings_wikiart_genre"":0.5794785534062237,""paintings_wikiart_style"":0.3373493975903614}","{""emoset_emotion"":9.999997564591467e-05,""paintings_wikiart_genre"":9.999996836995706e-05,""paintings_wikiart_style"":9.999996836995706e-05}","{""emoset_emotion"":8,""paintings_wikiart_genre"":10,""paintings_wikiart_style"":16}",
2026-03-11T19:36:52Z,ecce72a95cbe,trial,91,ok,0.43246409098307287,piecewise_linear,clip_dino,0.6865563263195031,0.31344367368049686,1,True,max,1.0858345762400112,0.2280846662814765,0.33171004316985303,0.06272101429996998,0.3226545397662315,0.009864623284927886,0.04434657380590986,96,3,0.43246409098307287,"{""emoset_emotion"":0.48645657300949097,""paintings_wikiart_genre"":0.5019601821899414,""paintings_wikiart_style"":0.3089755177497864}","{""emoset_emotion"":3.8916525840759277,""paintings_wikiart_genre"":5.019601821899414,""paintings_wikiart_style"":4.943608283996582}","{""emoset_emotion"":0.4975,""paintings_wikiart_genre"":0.5323801513877208,""paintings_wikiart_style"":0.2799433026222537}","{""emoset_emotion"":9.999997564591467e-05,""paintings_wikiart_genre"":9.999996836995706e-05,""paintings_wikiart_style"":9.999996836995706e-05}","{""emoset_emotion"":8,""paintings_wikiart_genre"":10,""paintings_wikiart_style"":16}",
2026-03-11T19:42:31Z,ecce72a95cbe,trial,92,ok,0.43478213548660277,piecewise_linear,clip_dino,0.614558282845157,0.385441717154843,1,True,max,0.9029270786880608,0.2335063092487999,0.3076145673620416,0.10392971209037591,1.1133871474193877,0.01770771315443915,0.0570932729619954,36,3,0.43478213548660277,"{""emoset_emotion"":0.46527713537216187,""paintings_wikiart_genre"":0.5139428615570069,""paintings_wikiart_style"":0.32512640953063965}","{""emoset_emotion"":3.722217082977295,""paintings_wikiart_genre"":5.139428615570068,""paintings_wikiart_style"":5.202022552490234}","{""emoset_emotion"":0.515,""paintings_wikiart_genre"":0.5576114381833474,""paintings_wikiart_style"":0.30191353649893693}","{""emoset_emotion"":9.999997564591467e-05,""paintings_wikiart_genre"":9.999996836995706e-05,""paintings_wikiart_style"":9.999996836995706e-05}","{""emoset_emotion"":8,""paintings_wikiart_genre"":10,""paintings_wikiart_style"":16}",
2026-03-11T19:48:55Z,ecce72a95cbe,trial,93,ok,0.4108625292778015,piecewise_linear,clip_dino,0.6274792584439709,0.3725207415560291,1,True,max,1.268492897381568,0.20084171375962515,0.33843051720775574,0.2755055450386893,1.2748994535774871,0.005334521148887356,0.06156764387052946,36,3,0.4108625292778015,"{""emoset_emotion"":0.36740589141845703,""paintings_wikiart_genre"":0.5083653450012207,""paintings_wikiart_style"":0.3568163514137268}","{""emoset_emotion"":2.9392471313476562,""paintings_wikiart_genre"":5.083653450012207,""paintings_wikiart_style"":5.709061622619629}","{""emoset_emotion"":0.4725,""paintings_wikiart_genre"":0.6324642556770396,""paintings_wikiart_style"":0.3756201275690999}","{""emoset_emotion"":9.999997564591467e-05,""paintings_wikiart_genre"":9.999996836995706e-05,""paintings_wikiart_style"":9.999996836995706e-05}","{""emoset_emotion"":8,""paintings_wikiart_genre"":10,""paintings_wikiart_style"":16}",
2026-03-11T19:55:55Z,ecce72a95cbe,trial,94,ok,0.447720605134964,piecewise_linear,clip_dino,0.5785003353547251,0.4214996646452749,1,True,max,2.132911853275241,0.2696883436070737,0.34965342486103357,0.12919643990186,1.3465539476330421,0.14087461144921365,0.03239285311312963,48,3,0.447720605134964,"{""emoset_emotion"":0.46111419796943665,""paintings_wikiart_genre"":0.5324281692504883,""paintings_wikiart_style"":0.34961944818496704}","{""emoset_emotion"":3.688913583755493,""paintings_wikiart_genre"":5.324281692504883,""paintings_wikiart_style"":5.593911170959473}","{""emoset_emotion"":0.55,""paintings_wikiart_genre"":0.6299411269974768,""paintings_wikiart_style"":0.35648476257973066}","{""emoset_emotion"":9.999997564591467e-05,""paintings_wikiart_genre"":9.999996836995706e-05,""paintings_wikiart_style"":9.999996836995706e-05}","{""emoset_emotion"":8,""paintings_wikiart_genre"":10,""paintings_wikiart_style"":16}",
2026-03-11T20:01:56Z,ecce72a95cbe,trial,95,ok,0.33819145361582437,piecewise_linear,clip_dino,0.5693549770374096,0.43064502296259044,1,True,max,1.1886227223202224,0.3094343394162638,0.34748642483202896,0.13431952939387468,1.345335606044414,0.16826769014903664,0.02691876638150599,48,3,0.33819145361582437,"{""emoset_emotion"":0.26912879943847656,""paintings_wikiart_genre"":0.45836467742919923,""paintings_wikiart_style"":0.28708088397979736}","{""emoset_emotion"":2.1530303955078125,""paintings_wikiart_genre"":4.583646774291992,""paintings_wikiart_style"":4.593294143676758}","{""emoset_emotion"":0.3375,""paintings_wikiart_genre"":0.39444911690496215,""paintings_wikiart_style"":0.1693834160170092}","{""emoset_emotion"":9.999997564591467e-05,""paintings_wikiart_genre"":9.999996836995706e-05,""paintings_wikiart_style"":9.999996836995706e-05}","{""emoset_emotion"":8,""paintings_wikiart_genre"":10,""paintings_wikiart_style"":16}",
2026-03-11T20:07:51Z,ecce72a95cbe,trial,96,ok,0.43109736641248064,piecewise_linear,clip_dino,0.5481369605225866,0.45186303947741335,1,True,max,2.117667771933671,0.25955229603338087,0.32510471104836214,0.19561172538597588,1.3923519892909586,0.2619709218989731,0.032620959770893514,48,3,0.43109736641248064,"{""emoset_emotion"":0.4090648293495178,""paintings_wikiart_genre"":0.5300036907196045,""paintings_wikiart_style"":0.3542235791683197}","{""emoset_emotion"":3.2725186347961426,""paintings_wikiart_genre"":5.300036907196045,""paintings_wikiart_style"":5.667577266693115}","{""emoset_emotion"":0.5125,""paintings_wikiart_genre"":0.6492851135407905,""paintings_wikiart_style"":0.37278525868178597}","{""emoset_emotion"":9.999997564591467e-05,""paintings_wikiart_genre"":9.999996836995706e-05,""paintings_wikiart_style"":9.999996836995706e-05}","{""emoset_emotion"":8,""paintings_wikiart_genre"":10,""paintings_wikiart_style"":16}",
2026-03-11T20:13:53Z,ecce72a95cbe,trial,97,ok,0.40116027593612674,piecewise_linear,clip_dino,0.5217464024068514,0.47825359759314856,1,True,max,2.148203770485786,0.8180718292916442,0.32007998144449096,0.0768738499563377,1.4390551423372706,0.14759481359075138,0.010204374092252085,60,3,0.40116027593612674,"{""emoset_emotion"":0.4175989031791687,""paintings_wikiart_genre"":0.49417548179626464,""paintings_wikiart_style"":0.2917064428329468}","{""emoset_emotion"":3.3407912254333496,""paintings_wikiart_genre"":4.9417548179626465,""paintings_wikiart_style"":4.667303085327148}","{""emoset_emotion"":0.4675,""paintings_wikiart_genre"":0.09251471825063078,""paintings_wikiart_style"":0.11906449326718639}","{""emoset_emotion"":9.999997564591467e-05,""paintings_wikiart_genre"":9.999996836995706e-05,""paintings_wikiart_style"":9.999996836995706e-05}","{""emoset_emotion"":8,""paintings_wikiart_genre"":10,""paintings_wikiart_style"":16}",
2026-03-11T20:20:48Z,ecce72a95cbe,trial,98,ok,0.35177131891250607,piecewise_linear,clip_dino,0.897335698118294,0.10266430188170605,1,True,max,0.837780114154636,0.277279968090948,0.3037263320213365,1.1284978550746834,1.3040386866513198,0.1257691801072603,0.02499208245211026,72,3,0.35177131891250607,"{""emoset_emotion"":0.2787545919418335,""paintings_wikiart_genre"":0.44666285514831544,""paintings_wikiart_style"":0.3298965096473694}","{""emoset_emotion"":2.230036735534668,""paintings_wikiart_genre"":4.466628551483154,""paintings_wikiart_style"":5.27834415435791}","{""emoset_emotion"":0.3825,""paintings_wikiart_genre"":0.3540790580319596,""paintings_wikiart_style"":0.2919914953933381}","{""emoset_emotion"":9.999997564591467e-05,""paintings_wikiart_genre"":9.999996836995706e-05,""paintings_wikiart_style"":9.999996836995706e-05}","{""emoset_emotion"":8,""paintings_wikiart_genre"":10,""paintings_wikiart_style"":16}",
2026-03-11T20:25:44Z,ecce72a95cbe,trial,99,ok,0.4430005153020223,piecewise_linear,clip_dino,0.5838994147926054,0.41610058520739457,1,True,max,1.3793074884083862,0.40014544100705135,0.3170512062287102,0.17139176160981293,1.362159622762036,0.08284568791377903,0.07241540378705792,24,3,0.4430005153020223,"{""emoset_emotion"":0.43789148330688477,""paintings_wikiart_genre"":0.5346353054046631,""paintings_wikiart_style"":0.35647475719451904}","{""emoset_emotion"":3.503131866455078,""paintings_wikiart_genre"":5.346353054046631,""paintings_wikiart_style"":5.703596115112305}","{""emoset_emotion"":0.56,""paintings_wikiart_genre"":0.616484440706476,""paintings_wikiart_style"":0.34443656980864634}","{""emoset_emotion"":9.999997564591467e-05,""paintings_wikiart_genre"":9.999996836995706e-05,""paintings_wikiart_style"":9.999996836995706e-05}","{""emoset_emotion"":8,""paintings_wikiart_genre"":10,""paintings_wikiart_style"":16}",
2026-03-11T20:31:28Z,ecce72a95cbe,trial,100,ok,0.42694618105888366,piecewise_linear,clip_dino,0.5040405064412431,0.4959594935587569,1,True,max,0.7490902005786602,0.2139922170963945,0.34172707492636717,0.125970811946083,1.244265065341991,0.02979068683351317,0.051032130657411516,36,3,0.42694618105888366,"{""emoset_emotion"":0.4444170296192169,""paintings_wikiart_genre"":0.508227014541626,""paintings_wikiart_style"":0.3281944990158081}","{""emoset_emotion"":3.5553362369537354,""paintings_wikiart_genre"":5.08227014541626,""paintings_wikiart_style"":5.25111198425293}","{""emoset_emotion"":0.4175,""paintings_wikiart_genre"":0.5407905803195963,""paintings_wikiart_style"":0.27852586817859676}","{""emoset_emotion"":9.999997564591467e-05,""paintings_wikiart_genre"":9.999996836995706e-05,""paintings_wikiart_style"":9.999996836995706e-05}","{""emoset_emotion"":8,""paintings_wikiart_genre"":10,""paintings_wikiart_style"":16}",
2026-03-11T20:36:28Z,ecce72a95cbe,trial,101,ok,0.44491447806358336,piecewise_linear,clip_dino,0.6732391950406442,0.3267608049593558,1,True,max,0.9650628293687769,0.23982336130343157,0.3281312287225061,0.10287172982435862,1.1827284665004618,0.013255223359075754,0.03750202708091776,36,3,0.44491447806358336,"{""emoset_emotion"":0.47467920184135437,""paintings_wikiart_genre"":0.5233975887298584,""paintings_wikiart_style"":0.33666664361953735}","{""emoset_emotion"":3.797433614730835,""paintings_wikiart_genre"":5.233975887298584,""paintings_wikiart_style"":5.386666297912598}","{""emoset_emotion"":0.5525,""paintings_wikiart_genre"":0.49369217830109335,""paintings_wikiart_style"":0.2664776754075124}","{""emoset_emotion"":9.999997564591467e-05,""paintings_wikiart_genre"":9.999996836995706e-05,""paintings_wikiart_style"":9.999996836995706e-05}","{""emoset_emotion"":8,""paintings_wikiart_genre"":10,""paintings_wikiart_style"":16}",
2026-03-11T20:42:29Z,ecce72a95cbe,trial,102,ok,0.4244032581647237,piecewise_linear,clip_dino,0.6024261422354972,0.3975738577645028,1,True,max,1.0713594879210604,0.23018226708980846,0.33328556883981514,0.059886462971842226,1.132775949676962,0.02047161859758049,0.043771231843926235,48,3,0.4244032581647237,"{""emoset_emotion"":0.4780012369155884,""paintings_wikiart_genre"":0.4928034782409668,""paintings_wikiart_style"":0.30240505933761597}","{""emoset_emotion"":3.824009895324707,""paintings_wikiart_genre"":4.928034782409668,""paintings_wikiart_style"":4.8384809494018555}","{""emoset_emotion"":0.5075,""paintings_wikiart_genre"":0.5063078216989066,""paintings_wikiart_style"":0.28348688873139616}","{""emoset_emotion"":9.999997564591467e-05,""paintings_wikiart_genre"":9.999996836995706e-05,""paintings_wikiart_style"":9.999996836995706e-05}","{""emoset_emotion"":8,""paintings_wikiart_genre"":10,""paintings_wikiart_style"":16}",
2026-03-11T20:50:26Z,ecce72a95cbe,trial,103,ok,0.44238257010777793,piecewise_linear,clip_dino,0.6325680043438368,0.36743199565616325,1,True,max,0.9999812379815655,0.2711091615708237,0.3384425580251219,0.07762932462807749,1.319710865468509,0.006387442089907,0.03197356307564025,120,3,0.44238257010777793,"{""emoset_emotion"":0.49119120836257935,""paintings_wikiart_genre"":0.5122969627380372,""paintings_wikiart_style"":0.3236595392227173}","{""emoset_emotion"":3.9295296669006348,""paintings_wikiart_genre"":5.122969627380371,""paintings_wikiart_style"":5.178552627563477}","{""emoset_emotion"":0.5225,""paintings_wikiart_genre"":0.5349032800672834,""paintings_wikiart_style"":0.296243798724309}","{""emoset_emotion"":9.999997564591467e-05,""paintings_wikiart_genre"":9.999996836995706e-05,""paintings_wikiart_style"":9.999996836995706e-05}","{""emoset_emotion"":8,""paintings_wikiart_genre"":10,""paintings_wikiart_style"":16}",
2026-03-11T20:55:24Z,ecce72a95cbe,trial,104,ok,0.2091600368420283,piecewise_linear,clip_dino,0.5623050041334446,0.43769499586655536,1,True,max,1.148349086853936,0.24873924535759462,0.3129328788920482,0.10155640619465575,1.2369642719019769,0.436864091358255,0.05102532475024643,24,3,0.2091600368420283,"{""emoset_emotion"":0.21966572105884552,""paintings_wikiart_genre"":0.27647838592529295,""paintings_wikiart_style"":0.1313360035419464}","{""emoset_emotion"":1.7573257684707642,""paintings_wikiart_genre"":2.7647838592529297,""paintings_wikiart_style"":2.1013760566711426}","{""emoset_emotion"":0.2275,""paintings_wikiart_genre"":0.1261564339781329,""paintings_wikiart_style"":0.221119773210489}","{""emoset_emotion"":9.999997564591467e-05,""paintings_wikiart_genre"":9.999996836995706e-05,""paintings_wikiart_style"":9.999996836995706e-05}","{""emoset_emotion"":8,""paintings_wikiart_genre"":10,""paintings_wikiart_style"":16}",
2026-03-11T21:00:51Z,ecce72a95cbe,trial,105,ok,0.4125300467014313,piecewise_linear,clip_dino,0.7265736530035245,0.2734263469964755,1,True,max,1.773332685325427,0.2154380247814063,0.2819014435751491,0.049142593646624974,0.7628473151050321,0.0037534688870847622,0.08467656813860712,36,3,0.4125300467014313,"{""emoset_emotion"":0.4684436023235321,""paintings_wikiart_genre"":0.48142180442810056,""paintings_wikiart_style"":0.28772473335266113}","{""emoset_emotion"":3.747548818588257,""paintings_wikiart_genre"":4.814218044281006,""paintings_wikiart_style"":4.603595733642578}","{""emoset_emotion"":0.4875,""paintings_wikiart_genre"":0.5248107653490328,""paintings_wikiart_style"":0.2565556343019135}","{""emoset_emotion"":9.999997564591467e-05,""paintings_wikiart_genre"":9.999996836995706e-05,""paintings_wikiart_style"":9.999996836995706e-05}","{""emoset_emotion"":8,""paintings_wikiart_genre"":10,""paintings_wikiart_style"":16}",
2026-03-11T21:05:25Z,ecce72a95cbe,trial,106,ok,0.4442462762196859,piecewise_linear,clip_dino,0.622003189516538,0.377996810483462,1,True,max,1.2455810569497727,0.3193079644693142,0.34773040820862133,0.1470863296676107,0.9634680206047785,0.009899191678718545,0.10048693654327995,24,3,0.4442462762196859,"{""emoset_emotion"":0.4519959092140198,""paintings_wikiart_genre"":0.5289034366607666,""paintings_wikiart_style"":0.35183948278427124}","{""emoset_emotion"":3.615967273712158,""paintings_wikiart_genre"":5.289034366607666,""paintings_wikiart_style"":5.62943172454834}","{""emoset_emotion"":0.5225,""paintings_wikiart_genre"":0.6190075693860387,""paintings_wikiart_style"":0.35364989369241673}","{""emoset_emotion"":9.999997564591467e-05,""paintings_wikiart_genre"":9.999996836995706e-05,""paintings_wikiart_style"":9.999996836995706e-05}","{""emoset_emotion"":8,""paintings_wikiart_genre"":10,""paintings_wikiart_style"":16}",
2026-03-11T21:12:14Z,ecce72a95cbe,trial,107,ok,0.33249928951263424,piecewise_linear,clip_dino,0.581121555630314,0.418878444369686,1,True,softmax,1.0497816283035253,0.2918185058092528,0.2882136857312363,0.22497564920217097,1.4183599617340847,0.23029691131289942,0.019695941148671573,60,3,0.33249928951263424,"{""emoset_emotion"":0.28380677103996277,""paintings_wikiart_genre"":0.41231460571289064,""paintings_wikiart_style"":0.30137649178504944}","{""emoset_emotion"":2.270454168319702,""paintings_wikiart_genre"":4.123146057128906,""paintings_wikiart_style"":4.822023868560791}","{""emoset_emotion"":0.33,""paintings_wikiart_genre"":0.31118587047939444,""paintings_wikiart_style"":0.2076541459957477}","{""emoset_emotion"":9.999997564591467e-05,""paintings_wikiart_genre"":9.999996836995706e-05,""paintings_wikiart_style"":9.999996836995706e-05}","{""emoset_emotion"":8,""paintings_wikiart_genre"":10,""paintings_wikiart_style"":16}",
2026-03-11T21:18:37Z,ecce72a95cbe,trial,108,ok,0.4332797070344289,piecewise_linear,clip_dino,0.6525843213237995,0.3474156786762005,1,True,max,1.6070068506358737,0.3486834620554886,0.3055239245171086,0.06817631642977232,1.1931037199318715,0.015006506432715068,0.117558924216151,48,3,0.4332797070344289,"{""emoset_emotion"":0.4821683168411255,""paintings_wikiart_genre"":0.504656982421875,""paintings_wikiart_style"":0.31301382184028625}","{""emoset_emotion"":3.857346534729004,""paintings_wikiart_genre"":5.04656982421875,""paintings_wikiart_style"":5.00822114944458}","{""emoset_emotion"":0.515,""paintings_wikiart_genre"":0.5702270815811606,""paintings_wikiart_style"":0.2884479092841956}","{""emoset_emotion"":9.999997564591467e-05,""paintings_wikiart_genre"":9.999996836995706e-05,""paintings_wikiart_style"":9.999996836995706e-05}","{""emoset_emotion"":8,""paintings_wikiart_genre"":10,""paintings_wikiart_style"":16}",
2026-03-11T21:24:26Z,ecce72a95cbe,trial,109,ok,0.39830522139867147,piecewise_linear,clip_dino,0.6076204138922096,0.39237958610779045,1,True,max,0.8969254691469064,0.23760371673944258,0.32198856848997504,0.11967546580098122,1.288060831550366,0.02439772384749582,0.015021892255578463,36,3,0.39830522139867147,"{""emoset_emotion"":0.38339105248451233,""paintings_wikiart_genre"":0.5061130046844482,""paintings_wikiart_style"":0.30541160702705383}","{""emoset_emotion"":3.0671284198760986,""paintings_wikiart_genre"":5.061130046844482,""paintings_wikiart_style"":4.886585712432861}","{""emoset_emotion"":0.44,""paintings_wikiart_genre"":0.5744322960470984,""paintings_wikiart_style"":0.10134656272147413}","{""emoset_emotion"":9.999997564591467e-05,""paintings_wikiart_genre"":9.999996836995706e-05,""paintings_wikiart_style"":9.999996836995706e-05}","{""emoset_emotion"":8,""paintings_wikiart_genre"":10,""paintings_wikiart_style"":16}",
2026-03-11T21:29:51Z,ecce72a95cbe,trial,110,ok,0.43966354529062907,piecewise_linear,clip_dino,0.5483385410756881,0.45166145892431186,1,True,max,1.9776629510259454,0.2518621406043225,0.137553023313392,0.08663267698356882,1.0285617407259466,0.03649404346957572,0.036352198688409186,24,3,0.43966354529062907,"{""emoset_emotion"":0.478407084941864,""paintings_wikiart_genre"":0.5144300937652588,""paintings_wikiart_style"":0.3261534571647644}","{""emoset_emotion"":3.827256679534912,""paintings_wikiart_genre"":5.144300937652588,""paintings_wikiart_style"":5.2184553146362305}","{""emoset_emotion"":0.5175,""paintings_wikiart_genre"":0.5870479394449117,""paintings_wikiart_style"":0.30049610205527993}","{""emoset_emotion"":9.999997564591467e-05,""paintings_wikiart_genre"":9.999996836995706e-05,""paintings_wikiart_style"":9.999996836995706e-05}","{""emoset_emotion"":8,""paintings_wikiart_genre"":10,""paintings_wikiart_style"":16}",
2026-03-11T21:35:22Z,ecce72a95cbe,trial,111,ok,0.44648265043894453,piecewise_linear,clip_dino,0.45653328767412815,0.5434667123258718,1,True,max,0.9849440858253425,0.2723899162137598,0.2960179439864851,0.09295776646231427,1.0648128352441102,0.01331339494450999,0.048274668512648305,24,3,0.44648265043894453,"{""emoset_emotion"":0.48458391427993774,""paintings_wikiart_genre"":0.5193694591522217,""paintings_wikiart_style"":0.3354945778846741}","{""emoset_emotion"":3.876671314239502,""paintings_wikiart_genre"":5.193694591522217,""paintings_wikiart_style"":5.367913246154785}","{""emoset_emotion"":0.5,""paintings_wikiart_genre"":0.5592935239697224,""paintings_wikiart_style"":0.29978738483345146}","{""emoset_emotion"":9.999997564591467e-05,""paintings_wikiart_genre"":9.999996836995706e-05,""paintings_wikiart_style"":9.999996836995706e-05}","{""emoset_emotion"":8,""paintings_wikiart_genre"":10,""paintings_wikiart_style"":16}",
2026-03-11T21:42:18Z,ecce72a95cbe,trial,112,ok,0.4315310001373291,piecewise_linear,clip_dino,0.46069507132138215,0.5393049286786178,1,True,max,0.9622623161389043,0.26600339115165195,0.3315980515503287,0.18434622326483655,1.0966017355080266,0.011259648331113465,0.042534296171802384,24,3,0.4315310001373291,"{""emoset_emotion"":0.41655051708221436,""paintings_wikiart_genre"":0.5260075569152832,""paintings_wikiart_style"":0.35203492641448975}","{""emoset_emotion"":3.332404136657715,""paintings_wikiart_genre"":5.260075569152832,""paintings_wikiart_style"":5.632558822631836}","{""emoset_emotion"":0.5475,""paintings_wikiart_genre"":0.5937762825904122,""paintings_wikiart_style"":0.32884479092841956}","{""emoset_emotion"":9.999997564591467e-05,""paintings_wikiart_genre"":9.999996836995706e-05,""paintings_wikiart_style"":9.999996836995706e-05}","{""emoset_emotion"":8,""paintings_wikiart_genre"":10,""paintings_wikiart_style"":16}",
2026-03-11T21:52:12Z,ecce72a95cbe,trial,113,ok,0.44892388582229614,piecewise_linear,clip_dino,0.48387334752646405,0.516126652473536,1,True,max,1.1306852331539325,0.22625273611825739,0.3129073716898907,0.10842335912062355,1.0725750546597443,0.0073374770911817915,0.027902842418257773,24,3,0.44892388582229614,"{""emoset_emotion"":0.4781193733215332,""paintings_wikiart_genre"":0.5263609886169434,""paintings_wikiart_style"":0.34229129552841187}","{""emoset_emotion"":3.8249549865722656,""paintings_wikiart_genre"":5.263609886169434,""paintings_wikiart_style"":5.47666072845459}","{""emoset_emotion"":0.525,""paintings_wikiart_genre"":0.599663582842725,""paintings_wikiart_style"":0.3423104181431609}","{""emoset_emotion"":9.999997564591467e-05,""paintings_wikiart_genre"":9.999996836995706e-05,""paintings_wikiart_style"":9.999996836995706e-05}","{""emoset_emotion"":8,""paintings_wikiart_genre"":10,""paintings_wikiart_style"":16}",
2026-03-11T21:59:42Z,ecce72a95cbe,trial,114,ok,0.4446511705716451,piecewise_linear,clip_dino,0.49354469894747566,0.5064553010525243,1,True,max,1.3299063083171951,0.22564534309067752,0.3497888514709469,0.11519953458348792,0.8920309266691908,0.006382551873074643,0.028925587228571654,36,3,0.4446511705716451,"{""emoset_emotion"":0.46958374977111816,""paintings_wikiart_genre"":0.5231563568115234,""paintings_wikiart_style"":0.3412134051322937}","{""emoset_emotion"":3.7566699981689453,""paintings_wikiart_genre"":5.231563568115234,""paintings_wikiart_style"":5.459414482116699}","{""emoset_emotion"":0.5175,""paintings_wikiart_genre"":0.6097560975609756,""paintings_wikiart_style"":0.32742735648476257}","{""emoset_emotion"":9.999997564591467e-05,""paintings_wikiart_genre"":9.999996836995706e-05,""paintings_wikiart_style"":9.999996836995706e-05}","{""emoset_emotion"":8,""paintings_wikiart_genre"":10,""paintings_wikiart_style"":16}",
2026-03-11T22:05:19Z,ecce72a95cbe,trial,115,ok,0.4423166513442993,piecewise_linear,clip_dino,0.422992828276784,0.5770071717232159,1,True,max,1.1325087422430788,0.6218765432268941,0.3119099982311818,0.1552809221498185,0.8317000797205987,0.004442459544674694,0.012520393486491454,36,3,0.4423166513442993,"{""emoset_emotion"":0.4448131322860718,""paintings_wikiart_genre"":0.5285739898681641,""paintings_wikiart_style"":0.3535628318786621}","{""emoset_emotion"":3.558505058288574,""paintings_wikiart_genre"":5.285739898681641,""paintings_wikiart_style"":5.657005310058594}","{""emoset_emotion"":0.5225,""paintings_wikiart_genre"":0.6198486122792263,""paintings_wikiart_style"":0.3642806520198441}","{""emoset_emotion"":9.999997564591467e-05,""paintings_wikiart_genre"":9.999996836995706e-05,""paintings_wikiart_style"":9.999996836995706e-05}","{""emoset_emotion"":8,""paintings_wikiart_genre"":10,""paintings_wikiart_style"":16}",
2026-03-11T22:10:17Z,ecce72a95cbe,trial,116,ok,0.44564169446627294,piecewise_linear,clip_dino,0.5287376615802802,0.47126233841971976,1,True,max,1.1927424622389273,0.21126176118601644,0.19168106901919432,0.13622199598575938,1.3797830488245117,0.009667588219524535,0.022493980963448616,24,3,0.44564169446627294,"{""emoset_emotion"":0.45840731263160706,""paintings_wikiart_genre"":0.5287603378295899,""paintings_wikiart_style"":0.34975743293762207}","{""emoset_emotion"":3.6672585010528564,""paintings_wikiart_genre"":5.287603378295898,""paintings_wikiart_style"":5.596118927001953}","{""emoset_emotion"":0.525,""paintings_wikiart_genre"":0.6122792262405383,""paintings_wikiart_style"":0.35081502480510274}","{""emoset_emotion"":9.999997564591467e-05,""paintings_wikiart_genre"":9.999996836995706e-05,""paintings_wikiart_style"":9.999996836995706e-05}","{""emoset_emotion"":8,""paintings_wikiart_genre"":10,""paintings_wikiart_style"":16}",
2026-03-11T22:16:41Z,ecce72a95cbe,trial,117,ok,0.4399046460787455,piecewise_linear,clip_dino,0.5726879170798812,0.4273120829201188,1,True,max,1.042962816258652,0.3010885295649858,0.327462674415569,0.07226270726448653,1.1534586460365501,0.0075095066070297875,0.064238923431212,48,3,0.4399046460787455,"{""emoset_emotion"":0.489777147769928,""paintings_wikiart_genre"":0.509526538848877,""paintings_wikiart_style"":0.32041025161743164}","{""emoset_emotion"":3.918217182159424,""paintings_wikiart_genre"":5.0952653884887695,""paintings_wikiart_style"":5.126564025878906}","{""emoset_emotion"":0.5075,""paintings_wikiart_genre"":0.5365853658536586,""paintings_wikiart_style"":0.29411764705882354}","{""emoset_emotion"":9.999997564591467e-05,""paintings_wikiart_genre"":9.999996836995706e-05,""paintings_wikiart_style"":9.999996836995706e-05}","{""emoset_emotion"":8,""paintings_wikiart_genre"":10,""paintings_wikiart_style"":16}",
2026-03-11T22:22:46Z,ecce72a95cbe,trial,118,ok,0.40072509249051413,piecewise_linear,clip_dino,0.8545124228283422,0.14548757717165783,1,True,max,1.1040019150149754,0.5417524788039423,0.23036944446216148,0.041521483625533886,1.4986643973430225,0.01859737826664357,0.03428023781447042,24,3,0.40072509249051413,"{""emoset_emotion"":0.45880618691444397,""paintings_wikiart_genre"":0.47473459243774413,""paintings_wikiart_style"":0.26863449811935425}","{""emoset_emotion"":3.6704494953155518,""paintings_wikiart_genre"":4.747345924377441,""paintings_wikiart_style"":4.298151969909668}","{""emoset_emotion"":0.4875,""paintings_wikiart_genre"":0.4978973927670311,""paintings_wikiart_style"":0.2289156626506024}","{""emoset_emotion"":9.999997564591467e-05,""paintings_wikiart_genre"":9.999996836995706e-05,""paintings_wikiart_style"":9.999996836995706e-05}","{""emoset_emotion"":8,""paintings_wikiart_genre"":10,""paintings_wikiart_style"":16}",
2026-03-11T22:29:28Z,ecce72a95cbe,trial,119,ok,0.431123811006546,piecewise_linear,clip_dino,0.6452215831815045,0.35477841681849553,1,True,max,2.302976270004388,0.20054698898260157,0.33957666884767346,0.11204934197729485,1.3428033068751957,0.005176875708851248,0.06905422676571166,36,3,0.431123811006546,"{""emoset_emotion"":0.45218977332115173,""paintings_wikiart_genre"":0.5111712455749512,""paintings_wikiart_style"":0.33001041412353516}","{""emoset_emotion"":3.617518186569214,""paintings_wikiart_genre"":5.111712455749512,""paintings_wikiart_style"":5.2801666259765625}","{""emoset_emotion"":0.475,""paintings_wikiart_genre"":0.6274179983179142,""paintings_wikiart_style"":0.30049610205527993}","{""emoset_emotion"":9.999997564591467e-05,""paintings_wikiart_genre"":9.999996836995706e-05,""paintings_wikiart_style"":9.999996836995706e-05}","{""emoset_emotion"":8,""paintings_wikiart_genre"":10,""paintings_wikiart_style"":16}",
2026-03-11T22:29:28Z,ecce72a95cbe,best_summary,85,ok,0.4514423608779907,piecewise_linear,clip_dino,0.6328098517346632,0.3671901482653368,1,True,max,1.3508877482680062,0.22659722214371478,0.34936776596459196,0.11917005611546902,0.5197325862847438,0.04912946914323385,0.07989580454753624,48,3,0.4514423608779907,,,,,,
